"url","provenance","qualification"
"http://alpha.gsmg.io/","urlscan","Exact observed URL string; observation does not by itself prove unique or puzzle-bearing content."
"http://beta.gsmg.io/","wayback","Exact observed URL string; observation does not by itself prove unique or puzzle-bearing content."
"http://beta.gsmg.io/css/app.css?id=7c32eabe230f33bc3962","wayback","Exact observed URL string; observation does not by itself prove unique or puzzle-bearing content."
"http://beta.gsmg.io/js/app.js?id=7759b6b5c6ea4f2820bb","wayback","Exact observed URL string; observation does not by itself prove unique or puzzle-bearing content."
"http://beta.gsmg.io/js/vendor.js?id=462c49c14cdb045b2794","wayback","Exact observed URL string; observation does not by itself prove unique or puzzle-bearing content."
"http://beta.gsmg.io/robots.txt","wayback","Exact observed URL string; observation does not by itself prove unique or puzzle-bearing content."
"http://beta.gsmg.io/shared/00807222af8048051128","wayback","Exact observed URL string; observation does not by itself prove unique or puzzle-bearing content."
"http://beta.gsmg.io/shared/024071327f80d7d97bdf","wayback","Exact observed URL string; observation does not by itself prove unique or puzzle-bearing content."
"http://beta.gsmg.io/shared/13b2170e71eb99cb3a17","wayback","Exact observed URL string; observation does not by itself prove unique or puzzle-bearing content."
"http://beta.gsmg.io/shared/1470e62047f665ec7acc","wayback","Exact observed URL string; observation does not by itself prove unique or puzzle-bearing content."
"http://beta.gsmg.io/shared/21a5cd9aab714e4dc7d8","wayback","Exact observed URL string; observation does not by itself prove unique or puzzle-bearing content."
"http://beta.gsmg.io/shared/4589371229d54c310fe2","wayback","Exact observed URL string; observation does not by itself prove unique or puzzle-bearing content."
"http://beta.gsmg.io/shared/4589371229d54c310fe2.png","wayback","Exact observed URL string; observation does not by itself prove unique or puzzle-bearing content."
"http://beta.gsmg.io/shared/5968ac1cf371ec172408","wayback","Exact observed URL string; observation does not by itself prove unique or puzzle-bearing content."
"http://beta.gsmg.io/shared/61e8a82a4abbc04a7bd8","wayback","Exact observed URL string; observation does not by itself prove unique or puzzle-bearing content."
"http://beta.gsmg.io/shared/6f93a1eb1138710b0daf","wayback","Exact observed URL string; observation does not by itself prove unique or puzzle-bearing content."
"http://beta.gsmg.io/shared/766f9c0f1a0c90f6d8f0","wayback","Exact observed URL string; observation does not by itself prove unique or puzzle-bearing content."
"http://beta.gsmg.io/shared/7ca12d5b965fcdac8742","wayback","Exact observed URL string; observation does not by itself prove unique or puzzle-bearing content."
"http://beta.gsmg.io/shared/7e481bc1b40994aa54cb","wayback","Exact observed URL string; observation does not by itself prove unique or puzzle-bearing content."
"http://beta.gsmg.io/shared/83dfa64ee8aca963ca39","wayback","Exact observed URL string; observation does not by itself prove unique or puzzle-bearing content."
"http://beta.gsmg.io/shared/8c035e988d624859f19f","wayback","Exact observed URL string; observation does not by itself prove unique or puzzle-bearing content."
"http://beta.gsmg.io/shared/97a611a1ce86a71159c5","wayback","Exact observed URL string; observation does not by itself prove unique or puzzle-bearing content."
"http://beta.gsmg.io/shared/9b1bf05ba2f822462cbb","wayback","Exact observed URL string; observation does not by itself prove unique or puzzle-bearing content."
"http://beta.gsmg.io/shared/a8e71114bf4bccac5549","wayback","Exact observed URL string; observation does not by itself prove unique or puzzle-bearing content."
"http://beta.gsmg.io/shared/ab2c2b83a38a476daa8d","wayback","Exact observed URL string; observation does not by itself prove unique or puzzle-bearing content."
"http://beta.gsmg.io/shared/d2180a40affd0acbdfb6","wayback","Exact observed URL string; observation does not by itself prove unique or puzzle-bearing content."
"http://beta.gsmg.io/shared/ddcf0a8c1eeb4c6113ee","wayback","Exact observed URL string; observation does not by itself prove unique or puzzle-bearing content."
"http://beta.gsmg.io/shared/de22f7eab1fa76bd483e","wayback","Exact observed URL string; observation does not by itself prove unique or puzzle-bearing content."
"http://beta.gsmg.io/shared/e3ad2dcf7e2d3ba7cf6d","wayback","Exact observed URL string; observation does not by itself prove unique or puzzle-bearing content."
"http://beta.gsmg.io/shared/e86aa5b76fa8999a1801","wayback","Exact observed URL string; observation does not by itself prove unique or puzzle-bearing content."
"http://beta.gsmg.io/shared/eab2d0138bb328a418db","wayback","Exact observed URL string; observation does not by itself prove unique or puzzle-bearing content."
"http://beta.gsmg.io/shared/f4b06533e68795579465","wayback","Exact observed URL string; observation does not by itself prove unique or puzzle-bearing content."
"http://gsmg.io","urlscan","Exact observed URL string; observation does not by itself prove unique or puzzle-bearing content."
"http://Gsmg.io","urlscan","Exact observed URL string; observation does not by itself prove unique or puzzle-bearing content."
"http://gsmg.io/","wayback|urlscan","Exact observed URL string; observation does not by itself prove unique or puzzle-bearing content."
"http://gsmg.io/ca","wayback","Exact observed URL string; observation does not by itself prove unique or puzzle-bearing content."
"http://gsmg.io/choiceisanillusioncreatedbetweenthosewithpowerandthosewithoutaveryspecialdessertiwroteitmyself","wayback","Exact observed URL string; observation does not by itself prove unique or puzzle-bearing content."
"http://gsmg.io/choiceisanillusioncreatedbetweenthosewithpowerandthosewithoutaveryspecialdessertiwroteitmyself%5Cu003c/a%5Cu003e%5Cu003c/li%5Cu003e%5Cn%5Cu003c/ul%5Cu003e%5Cn%5Cu003cdiv","wayback","Exact observed URL string; observation does not by itself prove unique or puzzle-bearing content."
"http://gsmg.io/favicon.ico","wayback","Exact observed URL string; observation does not by itself prove unique or puzzle-bearing content."
"http://gsmg.io/favicon.png","wayback","Exact observed URL string; observation does not by itself prove unique or puzzle-bearing content."
"http://gsmg.io/img/favicon_small.png","wayback","Exact observed URL string; observation does not by itself prove unique or puzzle-bearing content."
"http://gsmg.io/js/app.js?id=2d0873fac3bba9de6e2d","wayback","Exact observed URL string; observation does not by itself prove unique or puzzle-bearing content."
"http://gsmg.io/phase1verification","urlscan","Exact observed URL string; observation does not by itself prove unique or puzzle-bearing content."
"http://gsmg.io/puzzle","wayback|urlscan","Exact observed URL string; observation does not by itself prove unique or puzzle-bearing content."
"http://gsmg.io/PUZZLE","urlscan","Exact observed URL string; observation does not by itself prove unique or puzzle-bearing content."
"http://gsmg.io/register?invite=0cVMlolnsaLaJ9iHubW8iQByWOjn3H2cnaDcJVe2qJnz4x482BcwZeZ0GnZlbi2N","wayback","Exact observed URL string; observation does not by itself prove unique or puzzle-bearing content."
"http://gsmg.io/register?refer","wayback","Exact observed URL string; observation does not by itself prove unique or puzzle-bearing content."
"http://gsmg.io/robots.txt","wayback","Exact observed URL string; observation does not by itself prove unique or puzzle-bearing content."
"http://gsmg.io/shared/047e71b5ed84ab1300af","wayback","Exact observed URL string; observation does not by itself prove unique or puzzle-bearing content."
"http://gsmg.io/shared/08f014d0b89fa4609f63","wayback","Exact observed URL string; observation does not by itself prove unique or puzzle-bearing content."
"http://gsmg.io/shared/08f1dd696f15e7fbbc06","wayback","Exact observed URL string; observation does not by itself prove unique or puzzle-bearing content."
"http://gsmg.io/shared/0a8c6c98668330843cfc","wayback","Exact observed URL string; observation does not by itself prove unique or puzzle-bearing content."
"http://gsmg.io/shared/0e720ecfa3defc0d6e0c","wayback","Exact observed URL string; observation does not by itself prove unique or puzzle-bearing content."
"http://gsmg.io/shared/159bb9cf0935c017b621","wayback","Exact observed URL string; observation does not by itself prove unique or puzzle-bearing content."
"http://gsmg.io/shared/18dae1aae5f4b82e8adf","wayback","Exact observed URL string; observation does not by itself prove unique or puzzle-bearing content."
"http://gsmg.io/shared/279126265702832d1900","wayback","Exact observed URL string; observation does not by itself prove unique or puzzle-bearing content."
"http://gsmg.io/shared/27f75bcc43b29e95551a","wayback","Exact observed URL string; observation does not by itself prove unique or puzzle-bearing content."
"http://gsmg.io/shared/2a1c3c985eaa6b2c69f6","wayback","Exact observed URL string; observation does not by itself prove unique or puzzle-bearing content."
"http://gsmg.io/shared/2afc3c476fd2dad41e6b","wayback","Exact observed URL string; observation does not by itself prove unique or puzzle-bearing content."
"http://gsmg.io/shared/2b4766f83163f92cb4fe.png","wayback","Exact observed URL string; observation does not by itself prove unique or puzzle-bearing content."
"http://gsmg.io/shared/2f261f4647a30ec7b66e","wayback","Exact observed URL string; observation does not by itself prove unique or puzzle-bearing content."
"http://gsmg.io/shared/2f8f346cfe14b9532f60","wayback","Exact observed URL string; observation does not by itself prove unique or puzzle-bearing content."
"http://gsmg.io/shared/31a01feb08dbe97a9d9e","wayback","Exact observed URL string; observation does not by itself prove unique or puzzle-bearing content."
"http://gsmg.io/shared/3ad379d818844dbf3daa","wayback","Exact observed URL string; observation does not by itself prove unique or puzzle-bearing content."
"http://gsmg.io/shared/3d63251e6378b69a481f","wayback","Exact observed URL string; observation does not by itself prove unique or puzzle-bearing content."
"http://gsmg.io/shared/3dbc30c7821044fe2d92","wayback","Exact observed URL string; observation does not by itself prove unique or puzzle-bearing content."
"http://gsmg.io/shared/3ea841a2f0ea3dc85ee9","wayback","Exact observed URL string; observation does not by itself prove unique or puzzle-bearing content."
"http://gsmg.io/shared/40ed2ab276ca36e46dcc","wayback","Exact observed URL string; observation does not by itself prove unique or puzzle-bearing content."
"http://gsmg.io/shared/49218f9dd6a85b7149b0","wayback","Exact observed URL string; observation does not by itself prove unique or puzzle-bearing content."
"http://gsmg.io/shared/4e2ec556cfa23e9ba32f","wayback","Exact observed URL string; observation does not by itself prove unique or puzzle-bearing content."
"http://gsmg.io/shared/573e38a9481a18357f57","wayback","Exact observed URL string; observation does not by itself prove unique or puzzle-bearing content."
"http://gsmg.io/shared/59d0f179378e1d23dd57","wayback","Exact observed URL string; observation does not by itself prove unique or puzzle-bearing content."
"http://gsmg.io/shared/5ce269b7135d34e8144f","wayback","Exact observed URL string; observation does not by itself prove unique or puzzle-bearing content."
"http://gsmg.io/shared/5eb06ea6136ebc7dc0e5","wayback","Exact observed URL string; observation does not by itself prove unique or puzzle-bearing content."
"http://gsmg.io/shared/6253e03d03f5ffed8c5f","wayback","Exact observed URL string; observation does not by itself prove unique or puzzle-bearing content."
"http://gsmg.io/shared/6586b0930512e3967099","wayback","Exact observed URL string; observation does not by itself prove unique or puzzle-bearing content."
"http://gsmg.io/shared/68f13e4a47e6b4575ca4","wayback","Exact observed URL string; observation does not by itself prove unique or puzzle-bearing content."
"http://gsmg.io/shared/6991a49c049cb0cb351d","wayback","Exact observed URL string; observation does not by itself prove unique or puzzle-bearing content."
"http://gsmg.io/shared/6eb7a2746cf3ceae3f19","wayback","Exact observed URL string; observation does not by itself prove unique or puzzle-bearing content."
"http://gsmg.io/shared/71f9032fac28d09b71e5","wayback","Exact observed URL string; observation does not by itself prove unique or puzzle-bearing content."
"http://gsmg.io/shared/7310bcb38c21b1a8511b","wayback","Exact observed URL string; observation does not by itself prove unique or puzzle-bearing content."
"http://gsmg.io/shared/74b0d8445f8042211aba","wayback","Exact observed URL string; observation does not by itself prove unique or puzzle-bearing content."
"http://gsmg.io/shared/7882c6f90326dffd768a","wayback","Exact observed URL string; observation does not by itself prove unique or puzzle-bearing content."
"http://gsmg.io/shared/7957553d3a4d9dfe8b14","wayback","Exact observed URL string; observation does not by itself prove unique or puzzle-bearing content."
"http://gsmg.io/shared/7f23622c8cbc1684a19d","wayback","Exact observed URL string; observation does not by itself prove unique or puzzle-bearing content."
"http://gsmg.io/shared/8077562a44ad8f38851e","wayback","Exact observed URL string; observation does not by itself prove unique or puzzle-bearing content."
"http://gsmg.io/shared/8808a8c036110583bc6d","wayback","Exact observed URL string; observation does not by itself prove unique or puzzle-bearing content."
"http://gsmg.io/shared/884f3120d36cca326cd8","wayback","Exact observed URL string; observation does not by itself prove unique or puzzle-bearing content."
"http://gsmg.io/shared/8acc4aa35d3bdec679e3","wayback","Exact observed URL string; observation does not by itself prove unique or puzzle-bearing content."
"http://gsmg.io/shared/8b2a4bfac7a7e0c08b41","wayback","Exact observed URL string; observation does not by itself prove unique or puzzle-bearing content."
"http://gsmg.io/shared/8f30083e60fc953abe10","wayback","Exact observed URL string; observation does not by itself prove unique or puzzle-bearing content."
"http://gsmg.io/shared/910701780962aaa27bcb","wayback","Exact observed URL string; observation does not by itself prove unique or puzzle-bearing content."
"http://gsmg.io/shared/91b478e531c1f2ee25e2","wayback","Exact observed URL string; observation does not by itself prove unique or puzzle-bearing content."
"http://gsmg.io/shared/924eeba4355deda8bc54","wayback","Exact observed URL string; observation does not by itself prove unique or puzzle-bearing content."
"http://gsmg.io/shared/99202f706a2f60af166e","wayback","Exact observed URL string; observation does not by itself prove unique or puzzle-bearing content."
"http://gsmg.io/shared/9b3723b15fc2f830c48d","wayback","Exact observed URL string; observation does not by itself prove unique or puzzle-bearing content."
"http://gsmg.io/shared/9b7f7bb46f04e28047ea","wayback","Exact observed URL string; observation does not by itself prove unique or puzzle-bearing content."
"http://gsmg.io/shared/9c718fae7506bfcd4173","wayback","Exact observed URL string; observation does not by itself prove unique or puzzle-bearing content."
"http://gsmg.io/shared/9f5e0ca078aabf7ef71d","wayback","Exact observed URL string; observation does not by itself prove unique or puzzle-bearing content."
"http://gsmg.io/shared/a48ce01698e82c3286fd","wayback","Exact observed URL string; observation does not by itself prove unique or puzzle-bearing content."
"http://gsmg.io/shared/ab2981bba653155b80a4","wayback","Exact observed URL string; observation does not by itself prove unique or puzzle-bearing content."
"http://gsmg.io/shared/b329f1c392708b075886","wayback","Exact observed URL string; observation does not by itself prove unique or puzzle-bearing content."
"http://gsmg.io/shared/b4242514d610ca3384c5","wayback","Exact observed URL string; observation does not by itself prove unique or puzzle-bearing content."
"http://gsmg.io/shared/b5eb3ae53f97d30d56a9","wayback","Exact observed URL string; observation does not by itself prove unique or puzzle-bearing content."
"http://gsmg.io/shared/be0d1fdc58c61e52b346","wayback","Exact observed URL string; observation does not by itself prove unique or puzzle-bearing content."
"http://gsmg.io/shared/c079107baa77ef0970e2","wayback","Exact observed URL string; observation does not by itself prove unique or puzzle-bearing content."
"http://gsmg.io/shared/c6724b00971ed878c919","wayback","Exact observed URL string; observation does not by itself prove unique or puzzle-bearing content."
"http://gsmg.io/shared/c6c20f9dd270bf5f0f01","wayback","Exact observed URL string; observation does not by itself prove unique or puzzle-bearing content."
"http://gsmg.io/shared/d3234e9c2342564f06d6","wayback","Exact observed URL string; observation does not by itself prove unique or puzzle-bearing content."
"http://gsmg.io/shared/d5e79ae39791ce517642","wayback","Exact observed URL string; observation does not by itself prove unique or puzzle-bearing content."
"http://gsmg.io/shared/da5381e7a15fb7452713","wayback","Exact observed URL string; observation does not by itself prove unique or puzzle-bearing content."
"http://gsmg.io/shared/e673d0110015c87b2551","wayback","Exact observed URL string; observation does not by itself prove unique or puzzle-bearing content."
"http://gsmg.io/shared/eca651c3d793bb925ac7","wayback","Exact observed URL string; observation does not by itself prove unique or puzzle-bearing content."
"http://gsmg.io/shared/f02ba784c89afa091626","wayback","Exact observed URL string; observation does not by itself prove unique or puzzle-bearing content."
"http://gsmg.io/shared/fc4ea4e1e388846fdf2e","wayback","Exact observed URL string; observation does not by itself prove unique or puzzle-bearing content."
"http://gsmg.io/shared/ffb8ee224794e8512fb9","wayback","Exact observed URL string; observation does not by itself prove unique or puzzle-bearing content."
"http://gsmg.io/theseedisplanted","wayback|urlscan","Exact observed URL string; observation does not by itself prove unique or puzzle-bearing content."
"http://gsmg.io/theseedisplanted%29%5C%5Cn%5C","wayback","Exact observed URL string; observation does not by itself prove unique or puzzle-bearing content."
"http://gsmg.io/theseedisplanted%29%5Cu003cspan","wayback","Exact observed URL string; observation does not by itself prove unique or puzzle-bearing content."
"http://gsmg.io/version.json","wayback","Exact observed URL string; observation does not by itself prove unique or puzzle-bearing content."
"http://help.gsmg.io/","wayback","Exact observed URL string; observation does not by itself prove unique or puzzle-bearing content."
"http://help.gsmg.io/en","wayback","Exact observed URL string; observation does not by itself prove unique or puzzle-bearing content."
"http://help.gsmg.io/en/","wayback","Exact observed URL string; observation does not by itself prove unique or puzzle-bearing content."
"http://help.gsmg.io/en/articles/1955373-introduction-to-the-gsmg-platform","wayback","Exact observed URL string; observation does not by itself prove unique or puzzle-bearing content."
"http://help.gsmg.io/en/articles/1959083-dashboard","wayback","Exact observed URL string; observation does not by itself prove unique or puzzle-bearing content."
"http://help.gsmg.io/en/articles/2011629-the-compounding-effect","wayback","Exact observed URL string; observation does not by itself prove unique or puzzle-bearing content."
"http://help.gsmg.io/en/articles/2054620-adding-more-funds","wayback","Exact observed URL string; observation does not by itself prove unique or puzzle-bearing content."
"http://help.gsmg.io/en/articles/2054738-dyor-do-your-own-research-on-markets-before-selecting-them","wayback","Exact observed URL string; observation does not by itself prove unique or puzzle-bearing content."
"http://help.gsmg.io/en/articles/2054759-cost-averaging-is-a-long-term-strategy","wayback","Exact observed URL string; observation does not by itself prove unique or puzzle-bearing content."
"http://help.gsmg.io/en/articles/2054830-exchange-account-on-bittrex","wayback","Exact observed URL string; observation does not by itself prove unique or puzzle-bearing content."
"http://help.gsmg.io/en/articles/2054838-minimum-btc-eth-usdt-to-get-started","wayback","Exact observed URL string; observation does not by itself prove unique or puzzle-bearing content."
"http://help.gsmg.io/en/articles/2054882-alts-can-also-be-used-to-start-trading-with-gsmg","wayback","Exact observed URL string; observation does not by itself prove unique or puzzle-bearing content."
"http://help.gsmg.io/en/articles/2054896-how-to-connect-your-gsmg-account-to-bittrex-or-binance-and-start-trading-automagically","wayback","Exact observed URL string; observation does not by itself prove unique or puzzle-bearing content."
"http://help.gsmg.io/en/articles/2054908-the-gsmg-fuel-system","wayback","Exact observed URL string; observation does not by itself prove unique or puzzle-bearing content."
"http://help.gsmg.io/en/articles/2054914-is-manual-trading-on-the-exchange-account-used-by-the-gsmg-platform-possible","wayback","Exact observed URL string; observation does not by itself prove unique or puzzle-bearing content."
"http://help.gsmg.io/en/articles/2054930-first-few-days-weeks-using-gsmg","wayback","Exact observed URL string; observation does not by itself prove unique or puzzle-bearing content."
"http://help.gsmg.io/en/articles/2054953-i-have-profit-and-started-with-x-xx-btc-eth-but-my-account-value-is-down","wayback","Exact observed URL string; observation does not by itself prove unique or puzzle-bearing content."
"http://help.gsmg.io/en/articles/2054962-does-it-sell-positions-at-a-loss","wayback","Exact observed URL string; observation does not by itself prove unique or puzzle-bearing content."
"http://help.gsmg.io/en/articles/2054966-information-about-dashboard-stats","wayback","Exact observed URL string; observation does not by itself prove unique or puzzle-bearing content."
"http://help.gsmg.io/en/articles/2054985-how-do-the-basic-market-allocation-settings-work","wayback","Exact observed URL string; observation does not by itself prove unique or puzzle-bearing content."
"http://help.gsmg.io/en/articles/2055014-reporting-possible-issues-with-the-gsmg-platform","wayback","Exact observed URL string; observation does not by itself prove unique or puzzle-bearing content."
"http://help.gsmg.io/en/articles/2055026-what-exchanges-are-supported-and-will-there-be-more-added","wayback","Exact observed URL string; observation does not by itself prove unique or puzzle-bearing content."
"http://help.gsmg.io/en/articles/2055032-what-are-the-advanced-features-that-are-visible-per-selected-market-in-the-markets-menu-and-what-do-they-do","wayback","Exact observed URL string; observation does not by itself prove unique or puzzle-bearing content."
"http://help.gsmg.io/en/articles/2055095-the-how-to-setup-your-gsmg-account-with-bittrex","wayback","Exact observed URL string; observation does not by itself prove unique or puzzle-bearing content."
"http://help.gsmg.io/en/articles/2056477-ip-whitelisting-binance-only","wayback","Exact observed URL string; observation does not by itself prove unique or puzzle-bearing content."
"http://help.gsmg.io/en/articles/2207973-affiliate-and-friend-referral-programs","wayback","Exact observed URL string; observation does not by itself prove unique or puzzle-bearing content."
"http://help.gsmg.io/en/articles/2212926-quick-starting-guide-to-using-gsmg","wayback","Exact observed URL string; observation does not by itself prove unique or puzzle-bearing content."
"http://help.gsmg.io/en/articles/2227550-surplus-selling","wayback","Exact observed URL string; observation does not by itself prove unique or puzzle-bearing content."
"http://help.gsmg.io/en/articles/2227563-minimum-trade-profit-percentage","wayback","Exact observed URL string; observation does not by itself prove unique or puzzle-bearing content."
"http://help.gsmg.io/en/articles/2227566-max-buy-price","wayback","Exact observed URL string; observation does not by itself prove unique or puzzle-bearing content."
"http://help.gsmg.io/en/articles/2227579-trade-engine-aggressiveness","wayback","Exact observed URL string; observation does not by itself prove unique or puzzle-bearing content."
"http://help.gsmg.io/en/articles/2249938-tabtrader-for-android-how-to-set-it-up-for-gsmg","wayback","Exact observed URL string; observation does not by itself prove unique or puzzle-bearing content."
"http://help.gsmg.io/en/articles/2506867-release-reserved-funds-removing-the-order-history","wayback","Exact observed URL string; observation does not by itself prove unique or puzzle-bearing content."
"http://help.gsmg.io/en/articles/3316392-fractional-account-value","wayback","Exact observed URL string; observation does not by itself prove unique or puzzle-bearing content."
"http://help.gsmg.io/en/articles/3470554-trailing-stop-loss-orders","wayback","Exact observed URL string; observation does not by itself prove unique or puzzle-bearing content."
"http://help.gsmg.io/en/articles/3628355-minimum-funds-required-rule-of-thumb","wayback","Exact observed URL string; observation does not by itself prove unique or puzzle-bearing content."
"http://help.gsmg.io/en/articles/4146917-generate-api-key-secret-on-binance","wayback","Exact observed URL string; observation does not by itself prove unique or puzzle-bearing content."
"http://help.gsmg.io/en/articles/5524092-what-is-the-base-quote-currency","wayback","Exact observed URL string; observation does not by itself prove unique or puzzle-bearing content."
"http://help.gsmg.io/en/articles/5627617-buy-entry-modulation","wayback","Exact observed URL string; observation does not by itself prove unique or puzzle-bearing content."
"http://help.gsmg.io/en/articles/5627889-follow-gsmg-optimised-minimum-trade-profit-percentage","wayback","Exact observed URL string; observation does not by itself prove unique or puzzle-bearing content."
"http://help.gsmg.io/en/articles/5628007-hodl-amount","wayback","Exact observed URL string; observation does not by itself prove unique or puzzle-bearing content."
"http://help.gsmg.io/en/articles/5630464-adding-manual-buy-orders-to-the-order-history","wayback","Exact observed URL string; observation does not by itself prove unique or puzzle-bearing content."
"http://help.gsmg.io/en/articles/5630507-what-are-surplus-funds","wayback","Exact observed URL string; observation does not by itself prove unique or puzzle-bearing content."
"http://help.gsmg.io/en/articles/5638736-topping-up-your-gsmg-account","wayback","Exact observed URL string; observation does not by itself prove unique or puzzle-bearing content."
"http://help.gsmg.io/en/articles/5894754-funding-health","wayback","Exact observed URL string; observation does not by itself prove unique or puzzle-bearing content."
"http://help.gsmg.io/en/articles/6680418-buy-and-take-profit-suggestions","wayback","Exact observed URL string; observation does not by itself prove unique or puzzle-bearing content."
"http://help.gsmg.io/en/articles/8025260-migrate-from-binance-to-huobi-or-bittrex","wayback","Exact observed URL string; observation does not by itself prove unique or puzzle-bearing content."
"http://help.gsmg.io/en/articles/8385314-huobi-create-an-api-key-for-trading-with-gsmg","wayback","Exact observed URL string; observation does not by itself prove unique or puzzle-bearing content."
"http://help.gsmg.io/en/collections/1147161-gsmg-automated-trading-use-and-configuration","wayback","Exact observed URL string; observation does not by itself prove unique or puzzle-bearing content."
"http://help.gsmg.io/en/collections/1147166-getting-started","wayback","Exact observed URL string; observation does not by itself prove unique or puzzle-bearing content."
"http://help.gsmg.io/en/collections/1147174-other","wayback","Exact observed URL string; observation does not by itself prove unique or puzzle-bearing content."
"http://help.gsmg.io/en/collections/1147188-step-by-step-how-to-guide","wayback","Exact observed URL string; observation does not by itself prove unique or puzzle-bearing content."
"http://help.gsmg.io/en/collections/1147190-how-does-it-work","wayback","Exact observed URL string; observation does not by itself prove unique or puzzle-bearing content."
"http://help.gsmg.io/en/collections/1147197-getting-started","wayback","Exact observed URL string; observation does not by itself prove unique or puzzle-bearing content."
"http://help.gsmg.io/en/collections/1147205-dashboard-menu","wayback","Exact observed URL string; observation does not by itself prove unique or puzzle-bearing content."
"http://help.gsmg.io/en/collections/1147207-things-to-consider-when-using-gsmg","wayback","Exact observed URL string; observation does not by itself prove unique or puzzle-bearing content."
"http://help.gsmg.io/en/collections/1147215-market-settings","wayback","Exact observed URL string; observation does not by itself prove unique or puzzle-bearing content."
"http://help.gsmg.io/en/collections/1147223-security","wayback","Exact observed URL string; observation does not by itself prove unique or puzzle-bearing content."
"http://help.gsmg.io/en/collections/1147224-what-does-it-cost","wayback","Exact observed URL string; observation does not by itself prove unique or puzzle-bearing content."
"http://help.gsmg.io/en/collections/1147232-quick-start-must-knows","wayback","Exact observed URL string; observation does not by itself prove unique or puzzle-bearing content."
"http://help.gsmg.io/en/collections/1147240-advanced-settings","wayback","Exact observed URL string; observation does not by itself prove unique or puzzle-bearing content."
"http://help.gsmg.io/en/collections/1147254-using-3rd-party-apps","wayback","Exact observed URL string; observation does not by itself prove unique or puzzle-bearing content."
"http://help.gsmg.io/en/collections/3687252-gsmg-insights-about","wayback","Exact observed URL string; observation does not by itself prove unique or puzzle-bearing content."
"http://help.gsmg.io/favicon.ico","wayback","Exact observed URL string; observation does not by itself prove unique or puzzle-bearing content."
"http://help.gsmg.io/robots.txt","wayback","Exact observed URL string; observation does not by itself prove unique or puzzle-bearing content."
"http://slack-invite.gsmg.io/","wayback","Exact observed URL string; observation does not by itself prove unique or puzzle-bearing content."
"http://stats.gsmg.io/","wayback","Exact observed URL string; observation does not by itself prove unique or puzzle-bearing content."
"http://stats.gsmg.io/favicon.ico","wayback","Exact observed URL string; observation does not by itself prove unique or puzzle-bearing content."
"http://stats.gsmg.io/robots.txt","wayback","Exact observed URL string; observation does not by itself prove unique or puzzle-bearing content."
"http://wishes.gsmg.io/","wayback","Exact observed URL string; observation does not by itself prove unique or puzzle-bearing content."
"http://www.gsmg.io/","wayback|urlscan","Exact observed URL string; observation does not by itself prove unique or puzzle-bearing content."
"http://www.gsmg.io/js/app.js?id=2da81fd7023750ca37a6","wayback","Exact observed URL string; observation does not by itself prove unique or puzzle-bearing content."
"http://www.gsmg.io/robots.txt","wayback","Exact observed URL string; observation does not by itself prove unique or puzzle-bearing content."
"https://alpha.gsmg.io/","wayback|urlscan","Exact observed URL string; observation does not by itself prove unique or puzzle-bearing content."
"https://alpha.gsmg.io/4f7a1e4efe4bf6c5581e32505c019657cb7b030e90232d33f011aca6a5e9c081","wayback","Exact observed URL string; observation does not by itself prove unique or puzzle-bearing content."
"https://alpha.gsmg.io/4f7a1e4efe4bf6c5581e32505c019657cb7b030e90232d33f011aca6a5e9c081?tr_uuid=20260708-1204-5927-8f04-1de03927a17e&fp=-7","wayback","Exact observed URL string; observation does not by itself prove unique or puzzle-bearing content."
"https://alpha.gsmg.io/89727c598b9cd1cf8873f27cb7057f050645ddb6a7a157a110239ac0152f6a32","wayback","Exact observed URL string; observation does not by itself prove unique or puzzle-bearing content."
"https://alpha.gsmg.io/cdn-cgi/images/cf-icon-browser.png","wayback","Exact observed URL string; observation does not by itself prove unique or puzzle-bearing content."
"https://alpha.gsmg.io/cdn-cgi/images/cf-icon-cloud.png","wayback","Exact observed URL string; observation does not by itself prove unique or puzzle-bearing content."
"https://alpha.gsmg.io/cdn-cgi/images/cf-icon-error.png","wayback","Exact observed URL string; observation does not by itself prove unique or puzzle-bearing content."
"https://alpha.gsmg.io/cdn-cgi/images/cf-icon-ok.png","wayback","Exact observed URL string; observation does not by itself prove unique or puzzle-bearing content."
"https://alpha.gsmg.io/cdn-cgi/images/cf-icon-server.png","wayback","Exact observed URL string; observation does not by itself prove unique or puzzle-bearing content."
"https://alpha.gsmg.io/cdn-cgi/styles/main.css","wayback","Exact observed URL string; observation does not by itself prove unique or puzzle-bearing content."
"https://alpha.gsmg.io/favicon.ico","wayback","Exact observed URL string; observation does not by itself prove unique or puzzle-bearing content."
"https://alpha.gsmg.io/js/fingerprint/iife.min.js","wayback","Exact observed URL string; observation does not by itself prove unique or puzzle-bearing content."
"https://api-staging.gsmg.io/","certificate-transparency-hostname-only","Inferred HTTPS root from a certificate name; no archived/public scan URL and no current DNS answer."
"https://api.gsmg.io/","certificate-transparency-hostname-only","Inferred HTTPS root from a certificate name; no archived/public scan URL and no current DNS answer."
"https://beta.gsmg.io/","wayback|urlscan","Exact observed URL string; observation does not by itself prove unique or puzzle-bearing content."
"https://beta.gsmg.io/.well-known/ai-plugin.json","wayback","Exact observed URL string; observation does not by itself prove unique or puzzle-bearing content."
"https://beta.gsmg.io/.well-known/assetlinks.json","wayback","Exact observed URL string; observation does not by itself prove unique or puzzle-bearing content."
"https://beta.gsmg.io/.well-known/dnt-policy.txt","wayback","Exact observed URL string; observation does not by itself prove unique or puzzle-bearing content."
"https://beta.gsmg.io/.well-known/gpc.json","wayback","Exact observed URL string; observation does not by itself prove unique or puzzle-bearing content."
"https://beta.gsmg.io/.well-known/nodeinfo","wayback","Exact observed URL string; observation does not by itself prove unique or puzzle-bearing content."
"https://beta.gsmg.io/.well-known/openid-configuration","wayback","Exact observed URL string; observation does not by itself prove unique or puzzle-bearing content."
"https://beta.gsmg.io/.well-known/security.txt","wayback","Exact observed URL string; observation does not by itself prove unique or puzzle-bearing content."
"https://beta.gsmg.io/.well-known/trust.txt","wayback","Exact observed URL string; observation does not by itself prove unique or puzzle-bearing content."
"https://beta.gsmg.io/ads.txt","wayback","Exact observed URL string; observation does not by itself prove unique or puzzle-bearing content."
"https://beta.gsmg.io/api/v1/subscriptions","wayback","Exact observed URL string; observation does not by itself prove unique or puzzle-bearing content."
"https://beta.gsmg.io/api/v1/subscriptions/market-features","wayback","Exact observed URL string; observation does not by itself prove unique or puzzle-bearing content."
"https://beta.gsmg.io/app-ads.txt","wayback","Exact observed URL string; observation does not by itself prove unique or puzzle-bearing content."
"https://beta.gsmg.io/atom.xml","wayback","Exact observed URL string; observation does not by itself prove unique or puzzle-bearing content."
"https://beta.gsmg.io/css/app.css","wayback","Exact observed URL string; observation does not by itself prove unique or puzzle-bearing content."
"https://beta.gsmg.io/css/app.css?id=3d440e507ce82e9e50f6","wayback","Exact observed URL string; observation does not by itself prove unique or puzzle-bearing content."
"https://beta.gsmg.io/css/app.css?id=54d347cb44a109d1f93a","wayback","Exact observed URL string; observation does not by itself prove unique or puzzle-bearing content."
"https://beta.gsmg.io/css/app.css?id=7c32eabe230f33bc3962","wayback","Exact observed URL string; observation does not by itself prove unique or puzzle-bearing content."
"https://beta.gsmg.io/dashboard","wayback","Exact observed URL string; observation does not by itself prove unique or puzzle-bearing content."
"https://beta.gsmg.io/faq.pdf","wayback","Exact observed URL string; observation does not by itself prove unique or puzzle-bearing content."
"https://beta.gsmg.io/favicon.ico","wayback","Exact observed URL string; observation does not by itself prove unique or puzzle-bearing content."
"https://beta.gsmg.io/favicon.png","wayback","Exact observed URL string; observation does not by itself prove unique or puzzle-bearing content."
"https://beta.gsmg.io/feed.xml","wayback","Exact observed URL string; observation does not by itself prove unique or puzzle-bearing content."
"https://beta.gsmg.io/feed/","wayback","Exact observed URL string; observation does not by itself prove unique or puzzle-bearing content."
"https://beta.gsmg.io/feeds/all.atom.xml","wayback","Exact observed URL string; observation does not by itself prove unique or puzzle-bearing content."
"https://beta.gsmg.io/fonts/lato-regular-webfont.woff2","wayback","Exact observed URL string; observation does not by itself prove unique or puzzle-bearing content."
"https://beta.gsmg.io/img/background-center.png","wayback","Exact observed URL string; observation does not by itself prove unique or puzzle-bearing content."
"https://beta.gsmg.io/img/background-full.jpg","wayback","Exact observed URL string; observation does not by itself prove unique or puzzle-bearing content."
"https://beta.gsmg.io/img/divider.svg","wayback","Exact observed URL string; observation does not by itself prove unique or puzzle-bearing content."
"https://beta.gsmg.io/img/eye-icon.svg","wayback","Exact observed URL string; observation does not by itself prove unique or puzzle-bearing content."
"https://beta.gsmg.io/img/favicon_small.svg","wayback","Exact observed URL string; observation does not by itself prove unique or puzzle-bearing content."
"https://beta.gsmg.io/img/front_bg_1920.svg","wayback","Exact observed URL string; observation does not by itself prove unique or puzzle-bearing content."
"https://beta.gsmg.io/img/front_bg.svg","wayback","Exact observed URL string; observation does not by itself prove unique or puzzle-bearing content."
"https://beta.gsmg.io/img/front_binance.svg","wayback","Exact observed URL string; observation does not by itself prove unique or puzzle-bearing content."
"https://beta.gsmg.io/img/front_easy.svg","wayback","Exact observed URL string; observation does not by itself prove unique or puzzle-bearing content."
"https://beta.gsmg.io/img/front_fee.svg","wayback","Exact observed URL string; observation does not by itself prove unique or puzzle-bearing content."
"https://beta.gsmg.io/img/front_huobi.svg","wayback","Exact observed URL string; observation does not by itself prove unique or puzzle-bearing content."
"https://beta.gsmg.io/img/front_safe.svg","wayback","Exact observed URL string; observation does not by itself prove unique or puzzle-bearing content."
"https://beta.gsmg.io/img/front_stress.svg","wayback","Exact observed URL string; observation does not by itself prove unique or puzzle-bearing content."
"https://beta.gsmg.io/img/front_top_gsmg.svg","wayback","Exact observed URL string; observation does not by itself prove unique or puzzle-bearing content."
"https://beta.gsmg.io/img/menu/burger_menu.svg","wayback","Exact observed URL string; observation does not by itself prove unique or puzzle-bearing content."
"https://beta.gsmg.io/img/menu/global_statistics.svg","wayback","Exact observed URL string; observation does not by itself prove unique or puzzle-bearing content."
"https://beta.gsmg.io/img/menu/help_center.svg","wayback","Exact observed URL string; observation does not by itself prove unique or puzzle-bearing content."
"https://beta.gsmg.io/img/menu/logout.svg","wayback","Exact observed URL string; observation does not by itself prove unique or puzzle-bearing content."
"https://beta.gsmg.io/img/popup_img_error.png","wayback","Exact observed URL string; observation does not by itself prove unique or puzzle-bearing content."
"https://beta.gsmg.io/index.xml","wayback","Exact observed URL string; observation does not by itself prove unique or puzzle-bearing content."
"https://beta.gsmg.io/js/app.js","wayback","Exact observed URL string; observation does not by itself prove unique or puzzle-bearing content."
"https://beta.gsmg.io/js/app.js?id=2892b6892b9b485b869c","wayback","Exact observed URL string; observation does not by itself prove unique or puzzle-bearing content."
"https://beta.gsmg.io/js/app.js?id=384662103b188735b766","wayback","Exact observed URL string; observation does not by itself prove unique or puzzle-bearing content."
"https://beta.gsmg.io/js/app.js?id=7759b6b5c6ea4f2820bb","wayback","Exact observed URL string; observation does not by itself prove unique or puzzle-bearing content."
"https://beta.gsmg.io/js/app.js?id=bb0b1121f5814470bc5b","wayback","Exact observed URL string; observation does not by itself prove unique or puzzle-bearing content."
"https://beta.gsmg.io/js/app.js?id=bff88e2300974abe5123","wayback","Exact observed URL string; observation does not by itself prove unique or puzzle-bearing content."
"https://beta.gsmg.io/js/app.js?id=e99d37b3d973fa46d14d","wayback","Exact observed URL string; observation does not by itself prove unique or puzzle-bearing content."
"https://beta.gsmg.io/js/app.js?id=ed1d24b992e9e9c61bad","wayback","Exact observed URL string; observation does not by itself prove unique or puzzle-bearing content."
"https://beta.gsmg.io/js/app.js?id=fae1701cb02aa16debe9","wayback","Exact observed URL string; observation does not by itself prove unique or puzzle-bearing content."
"https://beta.gsmg.io/js/manifest.js","wayback","Exact observed URL string; observation does not by itself prove unique or puzzle-bearing content."
"https://beta.gsmg.io/js/manifest.js?id=bb58468fac8d92ddbd39","wayback","Exact observed URL string; observation does not by itself prove unique or puzzle-bearing content."
"https://beta.gsmg.io/js/vendor.js","wayback","Exact observed URL string; observation does not by itself prove unique or puzzle-bearing content."
"https://beta.gsmg.io/js/vendor.js?id=1eefe882f6d89d4c2ee5","wayback","Exact observed URL string; observation does not by itself prove unique or puzzle-bearing content."
"https://beta.gsmg.io/js/vendor.js?id=462c49c14cdb045b2794","wayback","Exact observed URL string; observation does not by itself prove unique or puzzle-bearing content."
"https://beta.gsmg.io/js/vendor.js?id=df6f27b7abfd26c511cc","wayback","Exact observed URL string; observation does not by itself prove unique or puzzle-bearing content."
"https://beta.gsmg.io/manifest.json","wayback","Exact observed URL string; observation does not by itself prove unique or puzzle-bearing content."
"https://beta.gsmg.io/puzzle","wayback","Exact observed URL string; observation does not by itself prove unique or puzzle-bearing content."
"https://beta.gsmg.io/register","wayback","Exact observed URL string; observation does not by itself prove unique or puzzle-bearing content."
"https://beta.gsmg.io/register?invite=DutchCryptoTalk","wayback","Exact observed URL string; observation does not by itself prove unique or puzzle-bearing content."
"https://beta.gsmg.io/register?invite=JgfOSNG1GFBXvuLNCT2oOl5ySbjJc86pTrJYAOEBgBpB59DggJV9XE8hbJCt5NFS","wayback","Exact observed URL string; observation does not by itself prove unique or puzzle-bearing content."
"https://beta.gsmg.io/register?invite=pgj8KzHP7b8hEYqiuscanahRkHpHxEO594enJhTquMS5t5oJd83TMAZ56G0ATXpH","wayback","Exact observed URL string; observation does not by itself prove unique or puzzle-bearing content."
"https://beta.gsmg.io/robots.txt","wayback","Exact observed URL string; observation does not by itself prove unique or puzzle-bearing content."
"https://beta.gsmg.io/shared/00807222af8048051128","wayback","Exact observed URL string; observation does not by itself prove unique or puzzle-bearing content."
"https://beta.gsmg.io/shared/024071327f80d7d97bdf","wayback","Exact observed URL string; observation does not by itself prove unique or puzzle-bearing content."
"https://beta.gsmg.io/shared/1470e62047f665ec7acc","wayback","Exact observed URL string; observation does not by itself prove unique or puzzle-bearing content."
"https://beta.gsmg.io/shared/21a5cd9aab714e4dc7d8","wayback","Exact observed URL string; observation does not by itself prove unique or puzzle-bearing content."
"https://beta.gsmg.io/shared/4589371229d54c310fe2","wayback","Exact observed URL string; observation does not by itself prove unique or puzzle-bearing content."
"https://beta.gsmg.io/shared/4589371229d54c310fe2.png","wayback","Exact observed URL string; observation does not by itself prove unique or puzzle-bearing content."
"https://beta.gsmg.io/shared/5968ac1cf371ec172408","wayback","Exact observed URL string; observation does not by itself prove unique or puzzle-bearing content."
"https://beta.gsmg.io/shared/61e8a82a4abbc04a7bd8","wayback","Exact observed URL string; observation does not by itself prove unique or puzzle-bearing content."
"https://beta.gsmg.io/shared/6f93a1eb1138710b0daf","wayback","Exact observed URL string; observation does not by itself prove unique or puzzle-bearing content."
"https://beta.gsmg.io/shared/6f93a1eb1138710b0daf.png","wayback","Exact observed URL string; observation does not by itself prove unique or puzzle-bearing content."
"https://beta.gsmg.io/shared/766f9c0f1a0c90f6d8f0","wayback","Exact observed URL string; observation does not by itself prove unique or puzzle-bearing content."
"https://beta.gsmg.io/shared/766f9c0f1a0c90f6d8f0.png","wayback","Exact observed URL string; observation does not by itself prove unique or puzzle-bearing content."
"https://beta.gsmg.io/shared/7ca12d5b965fcdac8742","wayback","Exact observed URL string; observation does not by itself prove unique or puzzle-bearing content."
"https://beta.gsmg.io/shared/7ca12d5b965fcdac8742.png","wayback","Exact observed URL string; observation does not by itself prove unique or puzzle-bearing content."
"https://beta.gsmg.io/shared/7e481bc1b40994aa54cb","wayback","Exact observed URL string; observation does not by itself prove unique or puzzle-bearing content."
"https://beta.gsmg.io/shared/83dfa64ee8aca963ca39","wayback","Exact observed URL string; observation does not by itself prove unique or puzzle-bearing content."
"https://beta.gsmg.io/shared/83dfa64ee8aca963ca39.png","wayback","Exact observed URL string; observation does not by itself prove unique or puzzle-bearing content."
"https://beta.gsmg.io/shared/8c035e988d624859f19f","wayback","Exact observed URL string; observation does not by itself prove unique or puzzle-bearing content."
"https://beta.gsmg.io/shared/97a611a1ce86a71159c5","wayback","Exact observed URL string; observation does not by itself prove unique or puzzle-bearing content."
"https://beta.gsmg.io/shared/9b1bf05ba2f822462cbb","wayback","Exact observed URL string; observation does not by itself prove unique or puzzle-bearing content."
"https://beta.gsmg.io/shared/a8e71114bf4bccac5549","wayback","Exact observed URL string; observation does not by itself prove unique or puzzle-bearing content."
"https://beta.gsmg.io/shared/ab2c2b83a38a476daa8d","wayback","Exact observed URL string; observation does not by itself prove unique or puzzle-bearing content."
"https://beta.gsmg.io/shared/d2180a40affd0acbdfb6","wayback","Exact observed URL string; observation does not by itself prove unique or puzzle-bearing content."
"https://beta.gsmg.io/shared/ddcf0a8c1eeb4c6113ee","wayback","Exact observed URL string; observation does not by itself prove unique or puzzle-bearing content."
"https://beta.gsmg.io/shared/e3ad2dcf7e2d3ba7cf6d","wayback","Exact observed URL string; observation does not by itself prove unique or puzzle-bearing content."
"https://beta.gsmg.io/shared/e86aa5b76fa8999a1801","wayback","Exact observed URL string; observation does not by itself prove unique or puzzle-bearing content."
"https://beta.gsmg.io/shared/eab2d0138bb328a418db","wayback","Exact observed URL string; observation does not by itself prove unique or puzzle-bearing content."
"https://beta.gsmg.io/shared/eab2d0138bb328a418db.png","wayback","Exact observed URL string; observation does not by itself prove unique or puzzle-bearing content."
"https://beta.gsmg.io/shared/f4b06533e68795579465","wayback","Exact observed URL string; observation does not by itself prove unique or puzzle-bearing content."
"https://beta.gsmg.io/sitemap.xml","wayback","Exact observed URL string; observation does not by itself prove unique or puzzle-bearing content."
"https://beta.gsmg.io/version.json","wayback","Exact observed URL string; observation does not by itself prove unique or puzzle-bearing content."
"https://gsmg.io","urlscan","Exact observed URL string; observation does not by itself prove unique or puzzle-bearing content."
"https://gsmg.io/","wayback|urlscan","Exact observed URL string; observation does not by itself prove unique or puzzle-bearing content."
"https://gsmg.io/?tr_uuid=20260707-2042-1654-ab5d-8540b2ba897d&fp=eb8d0a4e7a4a973680a54c5948253d1d","wayback","Exact observed URL string; observation does not by itself prove unique or puzzle-bearing content."
"https://gsmg.io/.%20%20%20%20%20%2A/%20%20%20%20function%20baseInRange(number,%20start,%20end)%20%7B%20%20%20%20%20%20return%20number%20%3E=%20nativeMin(start,%20end)%20&&%20number%20%3C%20nativeMax(start,%20end);%20%20%20%20%7D%20%20%20%20/%2A%2A%20%20%20%20%20%2A%20The%20base%20implementation%20of%20methods%20like","wayback","Exact observed URL string; observation does not by itself prove unique or puzzle-bearing content."
"https://gsmg.io/.%20%20%20%20%20%2A/%20%20%20%20function%20compareMultiple(object,%20other,%20orders)%20%7B%20%20%20%20%20%20var%20index%20=%20-1,%20%20%20%20%20%20%20%20%20%20objCriteria%20=%20object.criteria,%20%20%20%20%20%20%20%20%20%20othCriteria%20=%20other.criteria,%20%20%20%20%20%20%20%20%20%20length%20=%20objCriteria.length,%20%20%20%20%20%20%20%20%20%20ordersLength%20=%20orders.length;%20%20%20%20%20%20while%20(++index%20%3C%20length)%20%7B%20%20%20%20%20%20%20%20var%20result%20=%20compareAscending(objCriteria%5Bindex%5D,%20othCriteria%5Bindex%5D);%20%20%20%20%20%20%20%20if%20(result)%20%7B%20%20%20%20%20%20%20%20%20%20if%20(index%20%3E=%20ordersLength)%20%7B%20%20%20%20%20%20%20%20%20%20%20%20return%20result;%20%20%20%20%20%20%20%20%20%20%7D%20%20%20%20%20%20%20%20%20%20var%20order%20=%20orders%5Bindex%5D;%20%20%20%20%20%20%20%20%20%20return%20result%20%2A%20(order%20==%20%27desc%27%20?%20-1%20:%201)%3B%20%20%20%20%20%20%20%20%7D%20%20%20%20%20%20%7D%20%20%20%20%20%20%2F%2F%20Fixes%20an%20","wayback","Exact observed URL string; observation does not by itself prove unique or puzzle-bearing content."
"https://gsmg.io/.well-known/ai-plugin.json","wayback","Exact observed URL string; observation does not by itself prove unique or puzzle-bearing content."
"https://gsmg.io/.well-known/assetlinks.json","wayback","Exact observed URL string; observation does not by itself prove unique or puzzle-bearing content."
"https://gsmg.io/.well-known/dnt-policy.txt","wayback","Exact observed URL string; observation does not by itself prove unique or puzzle-bearing content."
"https://gsmg.io/.well-known/gpc.json","wayback","Exact observed URL string; observation does not by itself prove unique or puzzle-bearing content."
"https://gsmg.io/.well-known/nodeinfo","wayback","Exact observed URL string; observation does not by itself prove unique or puzzle-bearing content."
"https://gsmg.io/.well-known/openid-configuration","wayback","Exact observed URL string; observation does not by itself prove unique or puzzle-bearing content."
"https://gsmg.io/.well-known/security.txt","wayback","Exact observed URL string; observation does not by itself prove unique or puzzle-bearing content."
"https://gsmg.io/.well-known/trust.txt","wayback","Exact observed URL string; observation does not by itself prove unique or puzzle-bearing content."
"https://gsmg.io/%2B","wayback","Exact observed URL string; observation does not by itself prove unique or puzzle-bearing content."
"https://gsmg.io/%7Bq%7D","wayback","Exact observed URL string; observation does not by itself prove unique or puzzle-bearing content."
"https://gsmg.io/0","wayback","Exact observed URL string; observation does not by itself prove unique or puzzle-bearing content."
"https://gsmg.io/0b0f37ecaf7107f86ee2f477992f25bc7abe8f799d0dd713658c17d37496ee32","wayback","Exact observed URL string; observation does not by itself prove unique or puzzle-bearing content."
"https://gsmg.io/10d6a2c5320bfbd47d35f18dd67f177ae5a5f4b5d18a8a5127361c2941a92908","wayback","Exact observed URL string; observation does not by itself prove unique or puzzle-bearing content."
"https://gsmg.io/21ef053324184a4db5dc19b760e2d6ef61b07376a6f8a1514bb529d99de1fe0f","wayback","Exact observed URL string; observation does not by itself prove unique or puzzle-bearing content."
"https://gsmg.io/4f7a1e4efe4bf6c5581e32505c019657cb7b030e90232d33f011aca6a5e9c081","wayback","Exact observed URL string; observation does not by itself prove unique or puzzle-bearing content."
"https://gsmg.io/4f7a1e4efe4bf6c5581e32505c019657cb7b030e90232d33f011aca6a5e9c081?tr_uuid=20260708-1203-45d4-baf9-445cb8cf56d9&fp=0aba00ceaee4d0e5febebe670a2af0eb","wayback","Exact observed URL string; observation does not by itself prove unique or puzzle-bearing content."
"https://gsmg.io/53616c7465645f5f74c974e3f92e64b59f7ea22a50dcb0d4289d176d4ce9dba7f99a695b8d0797b5","wayback","Exact observed URL string; observation does not by itself prove unique or puzzle-bearing content."
"https://gsmg.io/53616c7465645f5f74c974e3f92e64b59f7ea22a50dcb0d4289d176d4ce9dba7f99a695b8d0797b5c7791e65a8d2b68a5879f5d31ae5e8a2635205de31b851cf43b2534f58765696d3c2a01f7f3a41f7284fbbcc836517cbf7ba613c43a919d9dc669e4824baba6a5caeb77dfc3e0607","wayback","Exact observed URL string; observation does not by itself prove unique or puzzle-bearing content."
"https://gsmg.io/673e3b1a60ebe6fc4a8be88acde2600e12afd9efb2543e26b1b30039f8356b0d","wayback","Exact observed URL string; observation does not by itself prove unique or puzzle-bearing content."
"https://gsmg.io/89727c598b9c","wayback","Exact observed URL string; observation does not by itself prove unique or puzzle-bearing content."
"https://gsmg.io/89727c598b9cd1cf8873f27cb7057f050645ddb6a7a157a110239ac0152f6a32","wayback|urlscan","Exact observed URL string; observation does not by itself prove unique or puzzle-bearing content."
"https://gsmg.io/89727c598b9cd1cf8873f27cb7057f050645ddb6a7a157a110239ac0152f6a32%5C","wayback","Exact observed URL string; observation does not by itself prove unique or puzzle-bearing content."
"https://gsmg.io/89727c598b9cd1cf8873f27cb7057f050645ddb6a7a157a110239ac0152f6a32%5Cu003c/a%5Cu003e","wayback","Exact observed URL string; observation does not by itself prove unique or puzzle-bearing content."
"https://gsmg.io/89727c598b9cd1cf8873f27cb7057f050645ddb6a7a157a110239ac0152f6a32%5Cu003c/a%5Cu003e%5Cu003c/p%5Cu003e%5Cn%5Cu003cp","wayback","Exact observed URL string; observation does not by itself prove unique or puzzle-bearing content."
"https://gsmg.io/a2aefdbb953b70aa20d640effda4accee1e1f48acf1e4fcebdc2fc011418b0b1","wayback","Exact observed URL string; observation does not by itself prove unique or puzzle-bearing content."
"https://gsmg.io/aca20ae7c6b5f425bdd9bd809583b28fd086b3380990689e37b6e94f3fb5ed9a","wayback","Exact observed URL string; observation does not by itself prove unique or puzzle-bearing content."
"https://gsmg.io/ads.txt","wayback","Exact observed URL string; observation does not by itself prove unique or puzzle-bearing content."
"https://gsmg.io/api/v1/subscriptions","wayback","Exact observed URL string; observation does not by itself prove unique or puzzle-bearing content."
"https://gsmg.io/api/v1/subscriptions/history","wayback","Exact observed URL string; observation does not by itself prove unique or puzzle-bearing content."
"https://gsmg.io/api/v1/subscriptions/market-features","wayback","Exact observed URL string; observation does not by itself prove unique or puzzle-bearing content."
"https://gsmg.io/app-ads.txt","wayback","Exact observed URL string; observation does not by itself prove unique or puzzle-bearing content."
"https://gsmg.io/atom.xml","wayback","Exact observed URL string; observation does not by itself prove unique or puzzle-bearing content."
"https://gsmg.io/banking-war","wayback","Exact observed URL string; observation does not by itself prove unique or puzzle-bearing content."
"https://gsmg.io/banking%20_%20war","wayback","Exact observed URL string; observation does not by itself prove unique or puzzle-bearing content."
"https://gsmg.io/banking%20-%20war","wayback","Exact observed URL string; observation does not by itself prove unique or puzzle-bearing content."
"https://gsmg.io/banking%20/%20war","wayback","Exact observed URL string; observation does not by itself prove unique or puzzle-bearing content."
"https://gsmg.io/banking%20%20war","wayback","Exact observed URL string; observation does not by itself prove unique or puzzle-bearing content."
"https://gsmg.io/c1780cbbaa105784949cd6a2924e1f51a947b4258a0655defd0cd2e6f6544046","wayback","Exact observed URL string; observation does not by itself prove unique or puzzle-bearing content."
"https://gsmg.io/c2eef34b479eb6c89c7aa89c49229ff5f67563da4e56d5782574489c4b776625","wayback","Exact observed URL string; observation does not by itself prove unique or puzzle-bearing content."
"https://gsmg.io/ca","wayback","Exact observed URL string; observation does not by itself prove unique or puzzle-bearing content."
"https://gsmg.io/cdn-cgi/rum","wayback","Exact observed URL string; observation does not by itself prove unique or puzzle-bearing content."
"https://gsmg.io/cdn-cgi/styles/main.css","wayback","Exact observed URL string; observation does not by itself prove unique or puzzle-bearing content."
"https://gsmg.io/choiceisanillusioncreatedbetweenthosewithpowerandthosewithout","wayback","Exact observed URL string; observation does not by itself prove unique or puzzle-bearing content."
"https://gsmg.io/choiceisanillusioncreatedbetweenthosewithpowerandthosewithoutaveryspecialdessert","wayback","Exact observed URL string; observation does not by itself prove unique or puzzle-bearing content."
"https://gsmg.io/choiceisanillusioncreatedbetweenthosewithpowerandthosewithoutaveryspecialdessertiwroteitmyself","wayback|urlscan","Exact observed URL string; observation does not by itself prove unique or puzzle-bearing content."
"https://gsmg.io/choiceisanillusioncreatedbetweenthosewithpowerandthosewithoutaveryspecialdessertiwroteitmyself%0A","wayback","Exact observed URL string; observation does not by itself prove unique or puzzle-bearing content."
"https://gsmg.io/choiceisanillusioncreatedbetweenthosewithpowerandthosewithoutaveryspecialdessertiwroteitmyself%5C","wayback","Exact observed URL string; observation does not by itself prove unique or puzzle-bearing content."
"https://gsmg.io/choiceisanillusioncreatedbetweenthosewithpowerandthosewithoutaveryspecialdessertiwroteitmyself%5Cu003c/a%5Cu003e%5Cu003c/li%5Cu003e%5Cn%5Cu003c/ul%5Cu003e%5Cn%5Cu003cdiv","wayback","Exact observed URL string; observation does not by itself prove unique or puzzle-bearing content."
"https://gsmg.io/crypto_gic","wayback","Exact observed URL string; observation does not by itself prove unique or puzzle-bearing content."
"https://gsmg.io/crypto-gic","wayback","Exact observed URL string; observation does not by itself prove unique or puzzle-bearing content."
"https://gsmg.io/crypto/gic","wayback","Exact observed URL string; observation does not by itself prove unique or puzzle-bearing content."
"https://gsmg.io/cryptogic","wayback","Exact observed URL string; observation does not by itself prove unique or puzzle-bearing content."
"https://gsmg.io/css/app.css","wayback","Exact observed URL string; observation does not by itself prove unique or puzzle-bearing content."
"https://gsmg.io/css/app.css?id=3d440e507ce82e9e50f6","wayback","Exact observed URL string; observation does not by itself prove unique or puzzle-bearing content."
"https://gsmg.io/css/app.css?id=54d347cb44a109d1f93a","wayback","Exact observed URL string; observation does not by itself prove unique or puzzle-bearing content."
"https://gsmg.io/css/app.css.map","wayback","Exact observed URL string; observation does not by itself prove unique or puzzle-bearing content."
"https://gsmg.io/css/puzzle.css","wayback","Exact observed URL string; observation does not by itself prove unique or puzzle-bearing content."
"https://gsmg.io/dig_i","wayback","Exact observed URL string; observation does not by itself prove unique or puzzle-bearing content."
"https://gsmg.io/dig-i","wayback","Exact observed URL string; observation does not by itself prove unique or puzzle-bearing content."
"https://gsmg.io/dig/i","wayback","Exact observed URL string; observation does not by itself prove unique or puzzle-bearing content."
"https://gsmg.io/digitallogiccryptography","wayback","Exact observed URL string; observation does not by itself prove unique or puzzle-bearing content."
"https://gsmg.io/door.png","wayback","Exact observed URL string; observation does not by itself prove unique or puzzle-bearing content."
"https://gsmg.io/e24bd2c0fd454632f9fdd26cbdc210597f79e9fca9719c126a6d30cb41ef0238","wayback","Exact observed URL string; observation does not by itself prove unique or puzzle-bearing content."
"https://gsmg.io/eps3.4_runtime-error.r00","wayback","Exact observed URL string; observation does not by itself prove unique or puzzle-bearing content."
"https://gsmg.io/f9719d6d531e6c3b5129644cd05da57bc6fdd075c9a61267c41d4b9627936096","wayback","Exact observed URL string; observation does not by itself prove unique or puzzle-bearing content."
"https://gsmg.io/favicon.ico","wayback|urlscan","Exact observed URL string; observation does not by itself prove unique or puzzle-bearing content."
"https://gsmg.io/favicon.png","wayback","Exact observed URL string; observation does not by itself prove unique or puzzle-bearing content."
"https://gsmg.io/feed.xml","wayback","Exact observed URL string; observation does not by itself prove unique or puzzle-bearing content."
"https://gsmg.io/feed/","wayback","Exact observed URL string; observation does not by itself prove unique or puzzle-bearing content."
"https://gsmg.io/feeds","wayback","Exact observed URL string; observation does not by itself prove unique or puzzle-bearing content."
"https://gsmg.io/feeds/all.atom.xml","wayback","Exact observed URL string; observation does not by itself prove unique or puzzle-bearing content."
"https://gsmg.io/final","urlscan","Exact observed URL string; observation does not by itself prove unique or puzzle-bearing content."
"https://gsmg.io/final_stage","wayback|urlscan","Exact observed URL string; observation does not by itself prove unique or puzzle-bearing content."
"https://gsmg.io/followthewhiterabbit","wayback","Exact observed URL string; observation does not by itself prove unique or puzzle-bearing content."
"https://gsmg.io/font/vt323-regular.ttf","wayback","Exact observed URL string; observation does not by itself prove unique or puzzle-bearing content."
"https://gsmg.io/fonts/lato-regular-webfont.woff","wayback","Exact observed URL string; observation does not by itself prove unique or puzzle-bearing content."
"https://gsmg.io/fonts/lato-regular-webfont.woff2","wayback","Exact observed URL string; observation does not by itself prove unique or puzzle-bearing content."
"https://gsmg.io/help-center","wayback","Exact observed URL string; observation does not by itself prove unique or puzzle-bearing content."
"https://gsmg.io/hopeisthequintessentialhumandelusion","wayback","Exact observed URL string; observation does not by itself prove unique or puzzle-bearing content."
"https://gsmg.io/hopeisthequintessentialhumandelusionsimultaneouslythesourceofyourgreateststrengthandyourgreatestweakness","wayback","Exact observed URL string; observation does not by itself prove unique or puzzle-bearing content."
"https://gsmg.io/hopeitisthequintessentialhumandelusion","wayback","Exact observed URL string; observation does not by itself prove unique or puzzle-bearing content."
"https://gsmg.io/humphhopeisthequintessentialhumandelusionsimultaneouslythesourceofyourgreateststrengthandyourgreatestweakness","wayback","Exact observed URL string; observation does not by itself prove unique or puzzle-bearing content."
"https://gsmg.io/img/.png","wayback","Exact observed URL string; observation does not by itself prove unique or puzzle-bearing content."
"https://gsmg.io/img/background-center.png","wayback","Exact observed URL string; observation does not by itself prove unique or puzzle-bearing content."
"https://gsmg.io/img/background-full-1440.jpg","wayback","Exact observed URL string; observation does not by itself prove unique or puzzle-bearing content."
"https://gsmg.io/img/background-full.jpg","wayback","Exact observed URL string; observation does not by itself prove unique or puzzle-bearing content."
"https://gsmg.io/img/bg-tablet-left.jpg","wayback","Exact observed URL string; observation does not by itself prove unique or puzzle-bearing content."
"https://gsmg.io/img/black_banking%20-%20war.png","wayback","Exact observed URL string; observation does not by itself prove unique or puzzle-bearing content."
"https://gsmg.io/img/blue_ca.png","wayback","Exact observed URL string; observation does not by itself prove unique or puzzle-bearing content."
"https://gsmg.io/img/blue_dig_i.png","wayback","Exact observed URL string; observation does not by itself prove unique or puzzle-bearing content."
"https://gsmg.io/img/blue_lock_lo.png","wayback","Exact observed URL string; observation does not by itself prove unique or puzzle-bearing content."
"https://gsmg.io/img/divider.svg","wayback","Exact observed URL string; observation does not by itself prove unique or puzzle-bearing content."
"https://gsmg.io/img/eye-icon.svg","wayback","Exact observed URL string; observation does not by itself prove unique or puzzle-bearing content."
"https://gsmg.io/img/eye-open-icon.svg","wayback","Exact observed URL string; observation does not by itself prove unique or puzzle-bearing content."
"https://gsmg.io/img/favicon_small_night.svg","wayback","Exact observed URL string; observation does not by itself prove unique or puzzle-bearing content."
"https://gsmg.io/img/favicon_small.png","wayback","Exact observed URL string; observation does not by itself prove unique or puzzle-bearing content."
"https://gsmg.io/img/favicon_small.svg","wayback","Exact observed URL string; observation does not by itself prove unique or puzzle-bearing content."
"https://gsmg.io/img/favicon.png","wayback","Exact observed URL string; observation does not by itself prove unique or puzzle-bearing content."
"https://gsmg.io/img/follow_the_white_rabbit.pn","urlscan","Exact observed URL string; observation does not by itself prove unique or puzzle-bearing content."
"https://gsmg.io/img/follow_the_white_rabbit.png","wayback","Exact observed URL string; observation does not by itself prove unique or puzzle-bearing content."
"https://gsmg.io/img/follow_the_white_rabbit.png?timestamp=1","wayback","Exact observed URL string; observation does not by itself prove unique or puzzle-bearing content."
"https://gsmg.io/img/follow_the_white_rabbit.png?timestamp=1712443715167","wayback","Exact observed URL string; observation does not by itself prove unique or puzzle-bearing content."
"https://gsmg.io/img/front_bg_1920.svg","wayback","Exact observed URL string; observation does not by itself prove unique or puzzle-bearing content."
"https://gsmg.io/img/front_bg.svg","wayback","Exact observed URL string; observation does not by itself prove unique or puzzle-bearing content."
"https://gsmg.io/img/front_binance.svg","wayback","Exact observed URL string; observation does not by itself prove unique or puzzle-bearing content."
"https://gsmg.io/img/front_bittrex.svg","wayback","Exact observed URL string; observation does not by itself prove unique or puzzle-bearing content."
"https://gsmg.io/img/front_easy.svg","wayback","Exact observed URL string; observation does not by itself prove unique or puzzle-bearing content."
"https://gsmg.io/img/front_fee.svg","wayback","Exact observed URL string; observation does not by itself prove unique or puzzle-bearing content."
"https://gsmg.io/img/front_huobi.svg","wayback","Exact observed URL string; observation does not by itself prove unique or puzzle-bearing content."
"https://gsmg.io/img/front_safe.svg","wayback","Exact observed URL string; observation does not by itself prove unique or puzzle-bearing content."
"https://gsmg.io/img/front_stress.svg","wayback","Exact observed URL string; observation does not by itself prove unique or puzzle-bearing content."
"https://gsmg.io/img/front_top_gsmg.svg","wayback","Exact observed URL string; observation does not by itself prove unique or puzzle-bearing content."
"https://gsmg.io/img/logo_GSMG_restored.png","wayback","Exact observed URL string; observation does not by itself prove unique or puzzle-bearing content."
"https://gsmg.io/img/logo_GSMG.png","wayback","Exact observed URL string; observation does not by itself prove unique or puzzle-bearing content."
"https://gsmg.io/img/menu/burger_menu.svg","wayback","Exact observed URL string; observation does not by itself prove unique or puzzle-bearing content."
"https://gsmg.io/img/menu/global_statistics.svg","wayback","Exact observed URL string; observation does not by itself prove unique or puzzle-bearing content."
"https://gsmg.io/img/menu/help_center.svg","wayback","Exact observed URL string; observation does not by itself prove unique or puzzle-bearing content."
"https://gsmg.io/img/menu/logout.svg","wayback","Exact observed URL string; observation does not by itself prove unique or puzzle-bearing content."
"https://gsmg.io/img/popup_img_error.png","wayback","Exact observed URL string; observation does not by itself prove unique or puzzle-bearing content."
"https://gsmg.io/img/red_crypto_gic.png","wayback","Exact observed URL string; observation does not by itself prove unique or puzzle-bearing content."
"https://gsmg.io/img/red_n_you.png","wayback","Exact observed URL string; observation does not by itself prove unique or puzzle-bearing content."
"https://gsmg.io/img/red_open_lock_n_ing.png","wayback","Exact observed URL string; observation does not by itself prove unique or puzzle-bearing content."
"https://gsmg.io/img/red_t.png","wayback","Exact observed URL string; observation does not by itself prove unique or puzzle-bearing content."
"https://gsmg.io/index.xml","wayback","Exact observed URL string; observation does not by itself prove unique or puzzle-bearing content."
"https://gsmg.io/io","wayback","Exact observed URL string; observation does not by itself prove unique or puzzle-bearing content."
"https://gsmg.io/iXJ8WYuc0c+Ic/J8twV/BQZF3banoVehECOawBUvajI=","wayback","Exact observed URL string; observation does not by itself prove unique or puzzle-bearing content."
"https://gsmg.io/js/app.js","wayback|urlscan","Exact observed URL string; observation does not by itself prove unique or puzzle-bearing content."
"https://gsmg.io/js/app.js?id=042636b29c0e81f7b46b","wayback","Exact observed URL string; observation does not by itself prove unique or puzzle-bearing content."
"https://gsmg.io/js/app.js?id=162aeb72d66b5d9d855c","wayback","Exact observed URL string; observation does not by itself prove unique or puzzle-bearing content."
"https://gsmg.io/js/app.js?id=2892b6892b9b485b869c","wayback","Exact observed URL string; observation does not by itself prove unique or puzzle-bearing content."
"https://gsmg.io/js/app.js?id=2d0873fac3bba9de6e2d","wayback","Exact observed URL string; observation does not by itself prove unique or puzzle-bearing content."
"https://gsmg.io/js/app.js?id=384662103b188735b766","wayback","Exact observed URL string; observation does not by itself prove unique or puzzle-bearing content."
"https://gsmg.io/js/app.js?id=3c7b9d4c066d1db2cf9e","wayback","Exact observed URL string; observation does not by itself prove unique or puzzle-bearing content."
"https://gsmg.io/js/app.js?id=3c87680579b1d9320016","wayback","Exact observed URL string; observation does not by itself prove unique or puzzle-bearing content."
"https://gsmg.io/js/app.js?id=5448dc911df095e71d33","wayback|urlscan","Exact observed URL string; observation does not by itself prove unique or puzzle-bearing content."
"https://gsmg.io/js/app.js?id=569b6de222b42bb8c974","wayback","Exact observed URL string; observation does not by itself prove unique or puzzle-bearing content."
"https://gsmg.io/js/app.js?id=6b02af02d30efb0d4f02","wayback","Exact observed URL string; observation does not by itself prove unique or puzzle-bearing content."
"https://gsmg.io/js/app.js?id=74ae65d33ad56166d454","wayback","Exact observed URL string; observation does not by itself prove unique or puzzle-bearing content."
"https://gsmg.io/js/app.js?id=8253c1c77d21504daa07","wayback","Exact observed URL string; observation does not by itself prove unique or puzzle-bearing content."
"https://gsmg.io/js/app.js?id=8463a7c99a2f126d78fb","wayback","Exact observed URL string; observation does not by itself prove unique or puzzle-bearing content."
"https://gsmg.io/js/app.js?id=a7e420e131c27aabbd61","wayback","Exact observed URL string; observation does not by itself prove unique or puzzle-bearing content."
"https://gsmg.io/js/app.js?id=a873ef8d101aff9e2309","wayback","Exact observed URL string; observation does not by itself prove unique or puzzle-bearing content."
"https://gsmg.io/js/app.js?id=b110b63d2e19bcb3c93a","wayback","Exact observed URL string; observation does not by itself prove unique or puzzle-bearing content."
"https://gsmg.io/js/app.js?id=b70d6e720ecd86c7b11b","wayback","Exact observed URL string; observation does not by itself prove unique or puzzle-bearing content."
"https://gsmg.io/js/app.js?id=bb0b1121f5814470bc5b","wayback","Exact observed URL string; observation does not by itself prove unique or puzzle-bearing content."
"https://gsmg.io/js/app.js?id=bbf2de9251cd0fa7f59c","wayback","Exact observed URL string; observation does not by itself prove unique or puzzle-bearing content."
"https://gsmg.io/js/app.js?id=bc54cad730a1ed1004d7","wayback","Exact observed URL string; observation does not by itself prove unique or puzzle-bearing content."
"https://gsmg.io/js/app.js?id=c0685166422feeb3b0dc","wayback","Exact observed URL string; observation does not by itself prove unique or puzzle-bearing content."
"https://gsmg.io/js/app.js?id=c851fb0c732644764a28","wayback","Exact observed URL string; observation does not by itself prove unique or puzzle-bearing content."
"https://gsmg.io/js/app.js?id=d44a5170897263a60dc7","wayback","Exact observed URL string; observation does not by itself prove unique or puzzle-bearing content."
"https://gsmg.io/js/app.js?id=d74c75b00210baa527a5","wayback","Exact observed URL string; observation does not by itself prove unique or puzzle-bearing content."
"https://gsmg.io/js/app.js?id=e617c94d1ac6f7e11125","wayback","Exact observed URL string; observation does not by itself prove unique or puzzle-bearing content."
"https://gsmg.io/js/app.js?id=ed1d24b992e9e9c61bad","wayback","Exact observed URL string; observation does not by itself prove unique or puzzle-bearing content."
"https://gsmg.io/js/app.js?id=f352ae914b646f0dbfac","wayback","Exact observed URL string; observation does not by itself prove unique or puzzle-bearing content."
"https://gsmg.io/js/app.js?id=fae1701cb02aa16debe9","wayback|urlscan","Exact observed URL string; observation does not by itself prove unique or puzzle-bearing content."
"https://gsmg.io/js/fingerprint/iife.min.js","wayback","Exact observed URL string; observation does not by itself prove unique or puzzle-bearing content."
"https://gsmg.io/js/manifest.js","wayback","Exact observed URL string; observation does not by itself prove unique or puzzle-bearing content."
"https://gsmg.io/js/manifest.js?id=bb58468fac8d92ddbd39","wayback","Exact observed URL string; observation does not by itself prove unique or puzzle-bearing content."
"https://gsmg.io/js/vendor.js","wayback","Exact observed URL string; observation does not by itself prove unique or puzzle-bearing content."
"https://gsmg.io/js/vendor.js?id=df6f27b7abfd26c511cc","wayback","Exact observed URL string; observation does not by itself prove unique or puzzle-bearing content."
"https://gsmg.io/k27RwIKbkYlwcerFhyUy_SpThDLmjxDDiAOBzqhbtFEj-0lg4HVQhrMqtPLWD0pE8_e7gplJIe87L7znhl6n-fW2RAMPY4jreE9rWxsp2AYJxBL6H9P9ARWZ9uUnXR9jVYOnV4L9MrUnhCGJ5D1GcpCh2V9b7UWfx1XDY2TZ0hs=","wayback","Exact observed URL string; observation does not by itself prove unique or puzzle-bearing content."
"https://gsmg.io/lock_io","wayback","Exact observed URL string; observation does not by itself prove unique or puzzle-bearing content."
"https://gsmg.io/lock-io","wayback","Exact observed URL string; observation does not by itself prove unique or puzzle-bearing content."
"https://gsmg.io/lock/io","wayback","Exact observed URL string; observation does not by itself prove unique or puzzle-bearing content."
"https://gsmg.io/login","wayback","Exact observed URL string; observation does not by itself prove unique or puzzle-bearing content."
"https://gsmg.io/manifest.json","wayback","Exact observed URL string; observation does not by itself prove unique or puzzle-bearing content."
"https://gsmg.io/merovingian","wayback","Exact observed URL string; observation does not by itself prove unique or puzzle-bearing content."
"https://gsmg.io/n-you","wayback","Exact observed URL string; observation does not by itself prove unique or puzzle-bearing content."
"https://gsmg.io/n/you","wayback","Exact observed URL string; observation does not by itself prove unique or puzzle-bearing content."
"https://gsmg.io/ning","wayback","Exact observed URL string; observation does not by itself prove unique or puzzle-bearing content."
"https://gsmg.io/nyou","wayback","Exact observed URL string; observation does not by itself prove unique or puzzle-bearing content."
"https://gsmg.io/open_lock_ning","wayback","Exact observed URL string; observation does not by itself prove unique or puzzle-bearing content."
"https://gsmg.io/open-lock-ning","wayback","Exact observed URL string; observation does not by itself prove unique or puzzle-bearing content."
"https://gsmg.io/open/lock/ning","wayback","Exact observed URL string; observation does not by itself prove unique or puzzle-bearing content."
"https://gsmg.io/openlockning","wayback","Exact observed URL string; observation does not by itself prove unique or puzzle-bearing content."
"https://gsmg.io/pdf/20210531%20-%20Cookies%20Policy%20for%20GSMG%20v.%201.0.pdf","wayback","Exact observed URL string; observation does not by itself prove unique or puzzle-bearing content."
"https://gsmg.io/pdf/20210625%20-%20General%20terms%20and%20Conditions%20GSMG%20v.%201.0.pdf","wayback","Exact observed URL string; observation does not by itself prove unique or puzzle-bearing content."
"https://gsmg.io/pdf/20210625%20-%20Privacy%20Policy%20GSMG%20v.1.0.pdf","wayback","Exact observed URL string; observation does not by itself prove unique or puzzle-bearing content."
"https://gsmg.io/phase1","wayback","Exact observed URL string; observation does not by itself prove unique or puzzle-bearing content."
"https://gsmg.io/phase1verification","wayback|urlscan","Exact observed URL string; observation does not by itself prove unique or puzzle-bearing content."
"https://gsmg.io/phase1verification%5C","wayback","Exact observed URL string; observation does not by itself prove unique or puzzle-bearing content."
"https://gsmg.io/phase1verification%5Cu003c/a%5Cu003e%5C","wayback","Exact observed URL string; observation does not by itself prove unique or puzzle-bearing content."
"https://gsmg.io/phase2","wayback","Exact observed URL string; observation does not by itself prove unique or puzzle-bearing content."
"https://gsmg.io/phase3","wayback","Exact observed URL string; observation does not by itself prove unique or puzzle-bearing content."
"https://gsmg.io/phase3_2_2","wayback","Exact observed URL string; observation does not by itself prove unique or puzzle-bearing content."
"https://gsmg.io/phase3_2_2_2","wayback","Exact observed URL string; observation does not by itself prove unique or puzzle-bearing content."
"https://gsmg.io/privacy","wayback","Exact observed URL string; observation does not by itself prove unique or puzzle-bearing content."
"https://gsmg.io/puzzle","wayback|urlscan","Exact observed URL string; observation does not by itself prove unique or puzzle-bearing content."
"https://gsmg.io/Puzzle","wayback|urlscan","Exact observed URL string; observation does not by itself prove unique or puzzle-bearing content."
"https://gsmg.io/puzzle)","wayback","Exact observed URL string; observation does not by itself prove unique or puzzle-bearing content."
"https://gsmg.io/puzzle/stage5","wayback|urlscan","Exact observed URL string; observation does not by itself prove unique or puzzle-bearing content."
"https://gsmg.io/Puzzle#","urlscan","Exact observed URL string; observation does not by itself prove unique or puzzle-bearing content."
"https://gsmg.io/puzzle%0A","wayback","Exact observed URL string; observation does not by itself prove unique or puzzle-bearing content."
"https://gsmg.io/puzzle%5C","wayback","Exact observed URL string; observation does not by itself prove unique or puzzle-bearing content."
"https://gsmg.io/puzzle%5Cu003c/a%5Cu003e%5Cu003c/h2%5Cu003e%5Cu003ca","wayback","Exact observed URL string; observation does not by itself prove unique or puzzle-bearing content."
"https://gsmg.io/puzzle%5Cu003c/a%5Cu003e%5Cu003c/li%5Cu003e%5Cn%5Cu003cli%5Cu003eThe","wayback","Exact observed URL string; observation does not by itself prove unique or puzzle-bearing content."
"https://gsmg.io/referral","wayback","Exact observed URL string; observation does not by itself prove unique or puzzle-bearing content."
"https://gsmg.io/register","wayback","Exact observed URL string; observation does not by itself prove unique or puzzle-bearing content."
"https://gsmg.io/register?invite=0cVMlolnsaLaJ9iHubW8iQByWOjn3H2cnaDcJVe2qJnz4x482BcwZeZ0GnZlbi2N","wayback","Exact observed URL string; observation does not by itself prove unique or puzzle-bearing content."
"https://gsmg.io/register?invite=0cVMlolnsaLaJ9iHubW8iQByWOjn3H2cnaDcJVe2qJnz4x482BcwZeZ0GnZlbi2N%2A","wayback","Exact observed URL string; observation does not by itself prove unique or puzzle-bearing content."
"https://gsmg.io/register?refer","wayback","Exact observed URL string; observation does not by itself prove unique or puzzle-bearing content."
"https://gsmg.io/register?referral=143fc8a1fbbf6e5b0a50b2cea4ce89b3","wayback","Exact observed URL string; observation does not by itself prove unique or puzzle-bearing content."
"https://gsmg.io/register?referral=1477613b683dfeae6d97ac123eed0b74","wayback","Exact observed URL string; observation does not by itself prove unique or puzzle-bearing content."
"https://gsmg.io/register?referral=1825f9deaa2d3d7fb3f0fc5ba0821e75","wayback","Exact observed URL string; observation does not by itself prove unique or puzzle-bearing content."
"https://gsmg.io/register?referral=1825f9deaa2d3d7fb3f0fc5ba0821e75%0A","wayback","Exact observed URL string; observation does not by itself prove unique or puzzle-bearing content."
"https://gsmg.io/register?referral=6788b57f79cc6be184fade3ff30632d8","wayback","Exact observed URL string; observation does not by itself prove unique or puzzle-bearing content."
"https://gsmg.io/register?referral=687fa794eab70f53ca1a2c718b747d79","wayback","Exact observed URL string; observation does not by itself prove unique or puzzle-bearing content."
"https://gsmg.io/register?referral=a6WjHCJzwe7GGyBic0nAb808uK37zbEW","wayback","Exact observed URL string; observation does not by itself prove unique or puzzle-bearing content."
"https://gsmg.io/register?referral=af12FQcNwhesWOCEWprBSKlriwgThYmr","wayback","Exact observed URL string; observation does not by itself prove unique or puzzle-bearing content."
"https://gsmg.io/register?referral=c0648a0862d51170582499d7cbd3b45b","wayback","Exact observed URL string; observation does not by itself prove unique or puzzle-bearing content."
"https://gsmg.io/register?referral=d9ba360af68f6b2dab0642dee4d28118","wayback","Exact observed URL string; observation does not by itself prove unique or puzzle-bearing content."
"https://gsmg.io/register?referral=eb63891de3ced2b3ec648f884c885a3a","wayback","Exact observed URL string; observation does not by itself prove unique or puzzle-bearing content."
"https://gsmg.io/register?referral=EVlilCW8nqVfCSt6aKHVFvCh4ShERqqE","wayback","Exact observed URL string; observation does not by itself prove unique or puzzle-bearing content."
"https://gsmg.io/register?referral=evvROC7erGSbFKkbK8tzMrHlQd3lP7Q6","wayback","Exact observed URL string; observation does not by itself prove unique or puzzle-bearing content."
"https://gsmg.io/register?referral=ggMgJ6Xdoe1QehtNcv45AHqtglz36cAt","wayback","Exact observed URL string; observation does not by itself prove unique or puzzle-bearing content."
"https://gsmg.io/register?referral=hAeFhzgcjIDZC0OAefpUOdYfnl6TDPXt","wayback","Exact observed URL string; observation does not by itself prove unique or puzzle-bearing content."
"https://gsmg.io/register?referral=hXMvzSoJMGkg64FajsIy77kwJTccgXmE","wayback","Exact observed URL string; observation does not by itself prove unique or puzzle-bearing content."
"https://gsmg.io/register?referral=llpbSL388ddBt5gPhqQFhJwe0XVvLe0H","wayback","Exact observed URL string; observation does not by itself prove unique or puzzle-bearing content."
"https://gsmg.io/register?referral=mRlFTIrujturBwqq9ncmquR3Kf33Gbi8","wayback","Exact observed URL string; observation does not by itself prove unique or puzzle-bearing content."
"https://gsmg.io/register?referral=mTm8swi2Vig0Wv6SaNMgoardtSUMdoIp","wayback","Exact observed URL string; observation does not by itself prove unique or puzzle-bearing content."
"https://gsmg.io/register?referral=o8oAafXEgDkTOubqszFB9V2ZCifOitE7","wayback","Exact observed URL string; observation does not by itself prove unique or puzzle-bearing content."
"https://gsmg.io/register?referral=ONJbJxesbXKZR7X20Pqjg3LxHzela9rC","wayback","Exact observed URL string; observation does not by itself prove unique or puzzle-bearing content."
"https://gsmg.io/register?referral=pbPHbdQMmL8qEattCykN2NhCHZzrkqW0","wayback","Exact observed URL string; observation does not by itself prove unique or puzzle-bearing content."
"https://gsmg.io/register?referral=r1h0aRtZSLtV8rGteuBZlOMeOzB5zwqc","wayback","Exact observed URL string; observation does not by itself prove unique or puzzle-bearing content."
"https://gsmg.io/register?referral=SRecIkC490BWYbL4IfoPiKj6egAl70ct","wayback","Exact observed URL string; observation does not by itself prove unique or puzzle-bearing content."
"https://gsmg.io/register?referral=t0G90XNNamfUsJdL7UyokjhzPTLPRbHS","wayback","Exact observed URL string; observation does not by itself prove unique or puzzle-bearing content."
"https://gsmg.io/register?referral=VqgpFRzE3i3GvB08KBsH1PLDGpdBRmnZ","wayback","Exact observed URL string; observation does not by itself prove unique or puzzle-bearing content."
"https://gsmg.io/register?referral=Zreq6pVMLBzcVMhIORFiEnH5MOQUROPj","wayback","Exact observed URL string; observation does not by itself prove unique or puzzle-bearing content."
"https://gsmg.io/returns%20truthy%20for%20%2A%2Aall%2A%2A%20elements%20of","wayback","Exact observed URL string; observation does not by itself prove unique or puzzle-bearing content."
"https://gsmg.io/risk","wayback","Exact observed URL string; observation does not by itself prove unique or puzzle-bearing content."
"https://gsmg.io/risl","wayback","Exact observed URL string; observation does not by itself prove unique or puzzle-bearing content."
"https://gsmg.io/robots.txt","wayback","Exact observed URL string; observation does not by itself prove unique or puzzle-bearing content."
"https://gsmg.io/salphaseion","wayback","Exact observed URL string; observation does not by itself prove unique or puzzle-bearing content."
"https://gsmg.io/shared/047e71b5ed84ab1300af","wayback","Exact observed URL string; observation does not by itself prove unique or puzzle-bearing content."
"https://gsmg.io/shared/047e71b5ed84ab1300af.png","wayback","Exact observed URL string; observation does not by itself prove unique or puzzle-bearing content."
"https://gsmg.io/shared/08f014d0b89fa4609f63","wayback","Exact observed URL string; observation does not by itself prove unique or puzzle-bearing content."
"https://gsmg.io/shared/08f014d0b89fa4609f63.png","wayback","Exact observed URL string; observation does not by itself prove unique or puzzle-bearing content."
"https://gsmg.io/shared/08f1dd696f15e7fbbc06","wayback","Exact observed URL string; observation does not by itself prove unique or puzzle-bearing content."
"https://gsmg.io/shared/08f1dd696f15e7fbbc06.png","wayback","Exact observed URL string; observation does not by itself prove unique or puzzle-bearing content."
"https://gsmg.io/shared/0a8c6c98668330843cfc","wayback","Exact observed URL string; observation does not by itself prove unique or puzzle-bearing content."
"https://gsmg.io/shared/0a8c6c98668330843cfc.png","wayback","Exact observed URL string; observation does not by itself prove unique or puzzle-bearing content."
"https://gsmg.io/shared/0e720ecfa3defc0d6e0c","wayback","Exact observed URL string; observation does not by itself prove unique or puzzle-bearing content."
"https://gsmg.io/shared/0e720ecfa3defc0d6e0c.png","wayback","Exact observed URL string; observation does not by itself prove unique or puzzle-bearing content."
"https://gsmg.io/shared/159bb9cf0935c017b621","wayback","Exact observed URL string; observation does not by itself prove unique or puzzle-bearing content."
"https://gsmg.io/shared/159bb9cf0935c017b621.png","wayback","Exact observed URL string; observation does not by itself prove unique or puzzle-bearing content."
"https://gsmg.io/shared/18dae1aae5f4b82e8adf","wayback","Exact observed URL string; observation does not by itself prove unique or puzzle-bearing content."
"https://gsmg.io/shared/18dae1aae5f4b82e8adf.png","wayback","Exact observed URL string; observation does not by itself prove unique or puzzle-bearing content."
"https://gsmg.io/shared/24ef7025f900da3fa46c.png","wayback","Exact observed URL string; observation does not by itself prove unique or puzzle-bearing content."
"https://gsmg.io/shared/279126265702832d1900","wayback","Exact observed URL string; observation does not by itself prove unique or puzzle-bearing content."
"https://gsmg.io/shared/279126265702832d1900.png","wayback","Exact observed URL string; observation does not by itself prove unique or puzzle-bearing content."
"https://gsmg.io/shared/27f75bcc43b29e95551a","wayback","Exact observed URL string; observation does not by itself prove unique or puzzle-bearing content."
"https://gsmg.io/shared/27f75bcc43b29e95551a.png","wayback","Exact observed URL string; observation does not by itself prove unique or puzzle-bearing content."
"https://gsmg.io/shared/2a1c3c985eaa6b2c69f6","wayback","Exact observed URL string; observation does not by itself prove unique or puzzle-bearing content."
"https://gsmg.io/shared/2a1c3c985eaa6b2c69f6.png","wayback","Exact observed URL string; observation does not by itself prove unique or puzzle-bearing content."
"https://gsmg.io/shared/2afc3c476fd2dad41e6b","wayback","Exact observed URL string; observation does not by itself prove unique or puzzle-bearing content."
"https://gsmg.io/shared/2afc3c476fd2dad41e6b.png","wayback","Exact observed URL string; observation does not by itself prove unique or puzzle-bearing content."
"https://gsmg.io/shared/2b4766f83163f92cb4fe.png","wayback","Exact observed URL string; observation does not by itself prove unique or puzzle-bearing content."
"https://gsmg.io/shared/2f261f4647a30ec7b66e","wayback","Exact observed URL string; observation does not by itself prove unique or puzzle-bearing content."
"https://gsmg.io/shared/2f261f4647a30ec7b66e.png","wayback","Exact observed URL string; observation does not by itself prove unique or puzzle-bearing content."
"https://gsmg.io/shared/2f8f346cfe14b9532f60","wayback","Exact observed URL string; observation does not by itself prove unique or puzzle-bearing content."
"https://gsmg.io/shared/31a01feb08dbe97a9d9e","wayback","Exact observed URL string; observation does not by itself prove unique or puzzle-bearing content."
"https://gsmg.io/shared/31a01feb08dbe97a9d9e.png","wayback","Exact observed URL string; observation does not by itself prove unique or puzzle-bearing content."
"https://gsmg.io/shared/3ad379d818844dbf3daa","wayback","Exact observed URL string; observation does not by itself prove unique or puzzle-bearing content."
"https://gsmg.io/shared/3ad379d818844dbf3daa.png","wayback","Exact observed URL string; observation does not by itself prove unique or puzzle-bearing content."
"https://gsmg.io/shared/3d63251e6378b69a481f","wayback","Exact observed URL string; observation does not by itself prove unique or puzzle-bearing content."
"https://gsmg.io/shared/3d63251e6378b69a481f.png","wayback","Exact observed URL string; observation does not by itself prove unique or puzzle-bearing content."
"https://gsmg.io/shared/3dbc30c7821044fe2d92","wayback","Exact observed URL string; observation does not by itself prove unique or puzzle-bearing content."
"https://gsmg.io/shared/3dbc30c7821044fe2d92.png","wayback","Exact observed URL string; observation does not by itself prove unique or puzzle-bearing content."
"https://gsmg.io/shared/3ea841a2f0ea3dc85ee9","wayback","Exact observed URL string; observation does not by itself prove unique or puzzle-bearing content."
"https://gsmg.io/shared/3ea841a2f0ea3dc85ee9.png","wayback","Exact observed URL string; observation does not by itself prove unique or puzzle-bearing content."
"https://gsmg.io/shared/40ed2ab276ca36e46dcc","wayback","Exact observed URL string; observation does not by itself prove unique or puzzle-bearing content."
"https://gsmg.io/shared/40ed2ab276ca36e46dcc.png","wayback","Exact observed URL string; observation does not by itself prove unique or puzzle-bearing content."
"https://gsmg.io/shared/49218f9dd6a85b7149b0","wayback","Exact observed URL string; observation does not by itself prove unique or puzzle-bearing content."
"https://gsmg.io/shared/4e2ec556cfa23e9ba32f","wayback","Exact observed URL string; observation does not by itself prove unique or puzzle-bearing content."
"https://gsmg.io/shared/573e38a9481a18357f57","wayback","Exact observed URL string; observation does not by itself prove unique or puzzle-bearing content."
"https://gsmg.io/shared/573e38a9481a18357f57.png","wayback","Exact observed URL string; observation does not by itself prove unique or puzzle-bearing content."
"https://gsmg.io/shared/5ce269b7135d34e8144f","wayback","Exact observed URL string; observation does not by itself prove unique or puzzle-bearing content."
"https://gsmg.io/shared/5ce269b7135d34e8144f.png","wayback","Exact observed URL string; observation does not by itself prove unique or puzzle-bearing content."
"https://gsmg.io/shared/5eb06ea6136ebc7dc0e5","wayback","Exact observed URL string; observation does not by itself prove unique or puzzle-bearing content."
"https://gsmg.io/shared/5eb06ea6136ebc7dc0e5.png","wayback","Exact observed URL string; observation does not by itself prove unique or puzzle-bearing content."
"https://gsmg.io/shared/6253e03d03f5ffed8c5f","wayback","Exact observed URL string; observation does not by itself prove unique or puzzle-bearing content."
"https://gsmg.io/shared/6253e03d03f5ffed8c5f.png","wayback","Exact observed URL string; observation does not by itself prove unique or puzzle-bearing content."
"https://gsmg.io/shared/6586b0930512e3967099","wayback","Exact observed URL string; observation does not by itself prove unique or puzzle-bearing content."
"https://gsmg.io/shared/6586b0930512e3967099.png","wayback","Exact observed URL string; observation does not by itself prove unique or puzzle-bearing content."
"https://gsmg.io/shared/68f13e4a47e6b4575ca4","wayback","Exact observed URL string; observation does not by itself prove unique or puzzle-bearing content."
"https://gsmg.io/shared/6991a49c049cb0cb351d","wayback","Exact observed URL string; observation does not by itself prove unique or puzzle-bearing content."
"https://gsmg.io/shared/6991a49c049cb0cb351d.png","wayback","Exact observed URL string; observation does not by itself prove unique or puzzle-bearing content."
"https://gsmg.io/shared/71f9032fac28d09b71e5","wayback","Exact observed URL string; observation does not by itself prove unique or puzzle-bearing content."
"https://gsmg.io/shared/71f9032fac28d09b71e5.png","wayback","Exact observed URL string; observation does not by itself prove unique or puzzle-bearing content."
"https://gsmg.io/shared/74b0d8445f8042211aba","wayback","Exact observed URL string; observation does not by itself prove unique or puzzle-bearing content."
"https://gsmg.io/shared/74b0d8445f8042211aba.png","wayback","Exact observed URL string; observation does not by itself prove unique or puzzle-bearing content."
"https://gsmg.io/shared/7882c6f90326dffd768a","wayback","Exact observed URL string; observation does not by itself prove unique or puzzle-bearing content."
"https://gsmg.io/shared/7882c6f90326dffd768a.png","wayback","Exact observed URL string; observation does not by itself prove unique or puzzle-bearing content."
"https://gsmg.io/shared/7957553d3a4d9dfe8b14","wayback","Exact observed URL string; observation does not by itself prove unique or puzzle-bearing content."
"https://gsmg.io/shared/7f23622c8cbc1684a19d","wayback","Exact observed URL string; observation does not by itself prove unique or puzzle-bearing content."
"https://gsmg.io/shared/7f23622c8cbc1684a19d.png","wayback","Exact observed URL string; observation does not by itself prove unique or puzzle-bearing content."
"https://gsmg.io/shared/8077562a44ad8f38851e","wayback","Exact observed URL string; observation does not by itself prove unique or puzzle-bearing content."
"https://gsmg.io/shared/8077562a44ad8f38851e.png","wayback","Exact observed URL string; observation does not by itself prove unique or puzzle-bearing content."
"https://gsmg.io/shared/8808a8c036110583bc6d","wayback","Exact observed URL string; observation does not by itself prove unique or puzzle-bearing content."
"https://gsmg.io/shared/884f3120d36cca326cd8","wayback","Exact observed URL string; observation does not by itself prove unique or puzzle-bearing content."
"https://gsmg.io/shared/8acc4aa35d3bdec679e3","wayback","Exact observed URL string; observation does not by itself prove unique or puzzle-bearing content."
"https://gsmg.io/shared/8b2a4bfac7a7e0c08b41","wayback","Exact observed URL string; observation does not by itself prove unique or puzzle-bearing content."
"https://gsmg.io/shared/8b2a4bfac7a7e0c08b41.png","wayback","Exact observed URL string; observation does not by itself prove unique or puzzle-bearing content."
"https://gsmg.io/shared/910701780962aaa27bcb","wayback","Exact observed URL string; observation does not by itself prove unique or puzzle-bearing content."
"https://gsmg.io/shared/910701780962aaa27bcb.png","wayback","Exact observed URL string; observation does not by itself prove unique or puzzle-bearing content."
"https://gsmg.io/shared/91b478e531c1f2ee25e2","wayback","Exact observed URL string; observation does not by itself prove unique or puzzle-bearing content."
"https://gsmg.io/shared/91b478e531c1f2ee25e2.png","wayback","Exact observed URL string; observation does not by itself prove unique or puzzle-bearing content."
"https://gsmg.io/shared/924eeba4355deda8bc54","wayback","Exact observed URL string; observation does not by itself prove unique or puzzle-bearing content."
"https://gsmg.io/shared/924eeba4355deda8bc54.png","wayback","Exact observed URL string; observation does not by itself prove unique or puzzle-bearing content."
"https://gsmg.io/shared/99202f706a2f60af166e","wayback","Exact observed URL string; observation does not by itself prove unique or puzzle-bearing content."
"https://gsmg.io/shared/99202f706a2f60af166e.png","wayback","Exact observed URL string; observation does not by itself prove unique or puzzle-bearing content."
"https://gsmg.io/shared/9b3723b15fc2f830c48d","wayback","Exact observed URL string; observation does not by itself prove unique or puzzle-bearing content."
"https://gsmg.io/shared/9b3723b15fc2f830c48d.png","wayback","Exact observed URL string; observation does not by itself prove unique or puzzle-bearing content."
"https://gsmg.io/shared/9b7f7bb46f04e28047ea","wayback","Exact observed URL string; observation does not by itself prove unique or puzzle-bearing content."
"https://gsmg.io/shared/9c718fae7506bfcd4173","wayback","Exact observed URL string; observation does not by itself prove unique or puzzle-bearing content."
"https://gsmg.io/shared/9c718fae7506bfcd4173.png","wayback","Exact observed URL string; observation does not by itself prove unique or puzzle-bearing content."
"https://gsmg.io/shared/9f5e0ca078aabf7ef71d","wayback","Exact observed URL string; observation does not by itself prove unique or puzzle-bearing content."
"https://gsmg.io/shared/9f5e0ca078aabf7ef71d.png","wayback","Exact observed URL string; observation does not by itself prove unique or puzzle-bearing content."
"https://gsmg.io/shared/a48ce01698e82c3286fd","wayback","Exact observed URL string; observation does not by itself prove unique or puzzle-bearing content."
"https://gsmg.io/shared/a48ce01698e82c3286fd.png","wayback","Exact observed URL string; observation does not by itself prove unique or puzzle-bearing content."
"https://gsmg.io/shared/ab2981bba653155b80a4","wayback","Exact observed URL string; observation does not by itself prove unique or puzzle-bearing content."
"https://gsmg.io/shared/ab2981bba653155b80a4.png","wayback","Exact observed URL string; observation does not by itself prove unique or puzzle-bearing content."
"https://gsmg.io/shared/b329f1c392708b075886","wayback","Exact observed URL string; observation does not by itself prove unique or puzzle-bearing content."
"https://gsmg.io/shared/b329f1c392708b075886.png","wayback","Exact observed URL string; observation does not by itself prove unique or puzzle-bearing content."
"https://gsmg.io/shared/b4242514d610ca3384c5","wayback","Exact observed URL string; observation does not by itself prove unique or puzzle-bearing content."
"https://gsmg.io/shared/b4242514d610ca3384c5.png","wayback","Exact observed URL string; observation does not by itself prove unique or puzzle-bearing content."
"https://gsmg.io/shared/b5eb3ae53f97d30d56a9","wayback","Exact observed URL string; observation does not by itself prove unique or puzzle-bearing content."
"https://gsmg.io/shared/b5eb3ae53f97d30d56a9.png","wayback","Exact observed URL string; observation does not by itself prove unique or puzzle-bearing content."
"https://gsmg.io/shared/be0d1fdc58c61e52b346","wayback","Exact observed URL string; observation does not by itself prove unique or puzzle-bearing content."
"https://gsmg.io/shared/be0d1fdc58c61e52b346.png","wayback","Exact observed URL string; observation does not by itself prove unique or puzzle-bearing content."
"https://gsmg.io/shared/c079107baa77ef0970e2","wayback","Exact observed URL string; observation does not by itself prove unique or puzzle-bearing content."
"https://gsmg.io/shared/c079107baa77ef0970e2.png","wayback","Exact observed URL string; observation does not by itself prove unique or puzzle-bearing content."
"https://gsmg.io/shared/c6c20f9dd270bf5f0f01","wayback","Exact observed URL string; observation does not by itself prove unique or puzzle-bearing content."
"https://gsmg.io/shared/c6c20f9dd270bf5f0f01.png","wayback","Exact observed URL string; observation does not by itself prove unique or puzzle-bearing content."
"https://gsmg.io/shared/c7c71a8ba5ad715caaf4.png","wayback","Exact observed URL string; observation does not by itself prove unique or puzzle-bearing content."
"https://gsmg.io/shared/d3234e9c2342564f06d6","wayback","Exact observed URL string; observation does not by itself prove unique or puzzle-bearing content."
"https://gsmg.io/shared/d3234e9c2342564f06d6.png","wayback","Exact observed URL string; observation does not by itself prove unique or puzzle-bearing content."
"https://gsmg.io/shared/d5e79ae39791ce517642","wayback","Exact observed URL string; observation does not by itself prove unique or puzzle-bearing content."
"https://gsmg.io/shared/d5e79ae39791ce517642.png","wayback","Exact observed URL string; observation does not by itself prove unique or puzzle-bearing content."
"https://gsmg.io/shared/e673d0110015c87b2551","wayback","Exact observed URL string; observation does not by itself prove unique or puzzle-bearing content."
"https://gsmg.io/shared/e673d0110015c87b2551.png","wayback","Exact observed URL string; observation does not by itself prove unique or puzzle-bearing content."
"https://gsmg.io/shared/eca651c3d793bb925ac7","wayback","Exact observed URL string; observation does not by itself prove unique or puzzle-bearing content."
"https://gsmg.io/shared/eca651c3d793bb925ac7.png","wayback","Exact observed URL string; observation does not by itself prove unique or puzzle-bearing content."
"https://gsmg.io/shared/f02ba784c89afa091626","wayback","Exact observed URL string; observation does not by itself prove unique or puzzle-bearing content."
"https://gsmg.io/shared/f02ba784c89afa091626.png","wayback","Exact observed URL string; observation does not by itself prove unique or puzzle-bearing content."
"https://gsmg.io/shared/fc4ea4e1e388846fdf2e","wayback","Exact observed URL string; observation does not by itself prove unique or puzzle-bearing content."
"https://gsmg.io/shared/fc4ea4e1e388846fdf2e.png","wayback","Exact observed URL string; observation does not by itself prove unique or puzzle-bearing content."
"https://gsmg.io/shared/ffb8ee224794e8512fb9","wayback","Exact observed URL string; observation does not by itself prove unique or puzzle-bearing content."
"https://gsmg.io/shared/ffb8ee224794e8512fb9.png","wayback","Exact observed URL string; observation does not by itself prove unique or puzzle-bearing content."
"https://gsmg.io/sitemap.xml","wayback","Exact observed URL string; observation does not by itself prove unique or puzzle-bearing content."
"https://gsmg.io/static/css/puzzle.css","wayback","Exact observed URL string; observation does not by itself prove unique or puzzle-bearing content."
"https://gsmg.io/static/images/","wayback","Exact observed URL string; observation does not by itself prove unique or puzzle-bearing content."
"https://gsmg.io/static/images/door.png","wayback","Exact observed URL string; observation does not by itself prove unique or puzzle-bearing content."
"https://gsmg.io/subscriptions","wayback","Exact observed URL string; observation does not by itself prove unique or puzzle-bearing content."
"https://gsmg.io/t","wayback","Exact observed URL string; observation does not by itself prove unique or puzzle-bearing content."
"https://gsmg.io/t-","wayback","Exact observed URL string; observation does not by itself prove unique or puzzle-bearing content."
"https://gsmg.io/terms","wayback","Exact observed URL string; observation does not by itself prove unique or puzzle-bearing content."
"https://gsmg.io/TheArchitectChoice","wayback","Exact observed URL string; observation does not by itself prove unique or puzzle-bearing content."
"https://gsmg.io/thepuzzlestartshere","wayback","Exact observed URL string; observation does not by itself prove unique or puzzle-bearing content."
"https://gsmg.io/theseedisplanted","wayback|urlscan","Exact observed URL string; observation does not by itself prove unique or puzzle-bearing content."
"https://gsmg.io/theseedisplanted/img/black_banking%20-%20war.png","wayback","Exact observed URL string; observation does not by itself prove unique or puzzle-bearing content."
"https://gsmg.io/theseedisplanted/img/blue_ca.png","wayback","Exact observed URL string; observation does not by itself prove unique or puzzle-bearing content."
"https://gsmg.io/theseedisplanted/img/blue_dig_i.png","wayback","Exact observed URL string; observation does not by itself prove unique or puzzle-bearing content."
"https://gsmg.io/theseedisplanted/img/blue_lock_lo.png","wayback","Exact observed URL string; observation does not by itself prove unique or puzzle-bearing content."
"https://gsmg.io/theseedisplanted/img/red_crypto_gic.png","wayback","Exact observed URL string; observation does not by itself prove unique or puzzle-bearing content."
"https://gsmg.io/theseedisplanted/img/red_n_you.png","wayback","Exact observed URL string; observation does not by itself prove unique or puzzle-bearing content."
"https://gsmg.io/theseedisplanted/img/red_open_lock_n_ing.png","wayback","Exact observed URL string; observation does not by itself prove unique or puzzle-bearing content."
"https://gsmg.io/theseedisplanted/img/red_t.png","wayback","Exact observed URL string; observation does not by itself prove unique or puzzle-bearing content."
"https://gsmg.io/theseedisplanted%0A","wayback","Exact observed URL string; observation does not by itself prove unique or puzzle-bearing content."
"https://gsmg.io/theseedisplanted%29%5C%5Cn%5C","wayback","Exact observed URL string; observation does not by itself prove unique or puzzle-bearing content."
"https://gsmg.io/theseedisplanted%29%5Cu003cspan","wayback","Exact observed URL string; observation does not by itself prove unique or puzzle-bearing content."
"https://gsmg.io/theseedisplanted%5C","wayback","Exact observed URL string; observation does not by itself prove unique or puzzle-bearing content."
"https://gsmg.io/theseedisplanted%5Cu003c/a%5Cu003e%5Cu003c/h2%5Cu003e%5Cu003ca","wayback","Exact observed URL string; observation does not by itself prove unique or puzzle-bearing content."
"https://gsmg.io/thSeedisplanted","wayback|urlscan","Exact observed URL string; observation does not by itself prove unique or puzzle-bearing content."
"https://gsmg.io/thSeedisplanted/1GSMG1JC9wtdSwfwApgj2xcmJPAwx7prBe","wayback","Exact observed URL string; observation does not by itself prove unique or puzzle-bearing content."
"https://gsmg.io/to%20an%20array.%20%20%20%20%20%2A%20%20%20%20%20%2A%20@static%20%20%20%20%20%2A%20@since%200.1.0%20%20%20%20%20%2A%20@memberOf%20_%20%20%20%20%20%2A%20@category%20Lang%20%20%20%20%20%2A%20@param%20%7B%2A%7D%20value%20The%20value%20to%20convert.%20%20%20%20%20%2A%20@returns%20%7BArray%7D%20Returns%20the%20converted%20array.%20%20%20%20%20%2A%20@example%20%20%20%20%20%2A%20%20%20%20%20%2A%20_.toArray(%7B%20%27a%27:%201,%20%27b%27:%202%20%7D);%20%20%20%20%20%2A%20/%20=%3E%20%5B1,%202%5D%20%20%20%20%20%2A%20%20%20%20%20%2A%20_.toArray(%27abc%27);%20%20%20%20%20%2A%20/%20=%3E%20%5B%27a%27,%20%27b%27,%20%27c%27%5D%20%20%20%20%20%2A%20%20%20%20%20%2A%20_.toArray(1);%20%20%20%20%20%2A%20/%20=%3E%20%5B%5D%20%20%20%20%20%2A%20%20%20%20%20%2A%20_.toArray(null);%20%20%20%20%20%2A%20/%20=%3E%20%5B%5D%20%20%20%20%20%2A/%20%20%20%20function%20toArray(value)%20%7B%20%20%20%20%20%20if%20(!value)%20%7B%20%20%20%20%20%20%20%20return%20%5B%5D;%20%20%20%20%20%20%7D%20%20%20%20%20%20if%20(isArrayLike(value))%20%7B%20%20%20%20%20%20%20%20return%20isString(value)%20?%20stringToArray(value)%20:%20copyArray(value)%3B%20%20%20%20%20%20%7D%20%20%20%20%20%20if%20(symIterator%20&&%20value%5BsymIterator%5D)%20%7B%20%20%20%20%20%20%20%20return%20iteratorToArray(value%5BsymIterator%5D())%3B%20%20%20%20%20%20%7D%20%20%20%20%20%20var%20tag%20=%20getTag(value),%20%20%20%20%20%20%20%20%20%20func%20=%20tag%20==%20mapTag%20%3F%20mapToArray%20:%20(tag%20==%20setTag%20%3F%20setToArray%20:%20values)%3B%20%20%20%20%20%20return%20func(value)%3B%20%20%20%20%7D%20%20%20%20%2F%2A%2A%20%20%20%20%20%2A%20Converts%20","wayback","Exact observed URL string; observation does not by itself prove unique or puzzle-bearing content."
"https://gsmg.io/version.json","wayback","Exact observed URL string; observation does not by itself prove unique or puzzle-bearing content."
"https://gsmg.io/war","wayback","Exact observed URL string; observation does not by itself prove unique or puzzle-bearing content."
"https://gsmg.io/whiterose","wayback","Exact observed URL string; observation does not by itself prove unique or puzzle-bearing content."
"https://gsmg.io/whiteroseredqueen","wayback","Exact observed URL string; observation does not by itself prove unique or puzzle-bearing content."
"https://gsmg.io/youarewrongaboutdirhunt","wayback|urlscan","Exact observed URL string; observation does not by itself prove unique or puzzle-bearing content."
"https://gsmg.io/youmeandself","wayback","Exact observed URL string; observation does not by itself prove unique or puzzle-bearing content."
"https://gsmg.io/youmeiandself","wayback","Exact observed URL string; observation does not by itself prove unique or puzzle-bearing content."
"https://gsmg.io/youmeisandself","wayback","Exact observed URL string; observation does not by itself prove unique or puzzle-bearing content."
"https://gsmg.io/youmeizandself","wayback","Exact observed URL string; observation does not by itself prove unique or puzzle-bearing content."
"https://gsmg.io/yummy","wayback","Exact observed URL string; observation does not by itself prove unique or puzzle-bearing content."
"https://help.gsmg.io/","wayback","Exact observed URL string; observation does not by itself prove unique or puzzle-bearing content."
"https://help.gsmg.io/1","wayback","Exact observed URL string; observation does not by itself prove unique or puzzle-bearing content."
"https://help.gsmg.io/en","wayback","Exact observed URL string; observation does not by itself prove unique or puzzle-bearing content."
"https://help.gsmg.io/en/","wayback","Exact observed URL string; observation does not by itself prove unique or puzzle-bearing content."
"https://help.gsmg.io/en/articles/1955373-introduction-of-the-gsmg-platform","wayback","Exact observed URL string; observation does not by itself prove unique or puzzle-bearing content."
"https://help.gsmg.io/en/articles/1955373-introduction-to-the-gsmg-platform","wayback","Exact observed URL string; observation does not by itself prove unique or puzzle-bearing content."
"https://help.gsmg.io/en/articles/1959083-dashboard","wayback","Exact observed URL string; observation does not by itself prove unique or puzzle-bearing content."
"https://help.gsmg.io/en/articles/2011629-the-compounding-effect","wayback","Exact observed URL string; observation does not by itself prove unique or puzzle-bearing content."
"https://help.gsmg.io/en/articles/2054620-adding-more-funds","wayback","Exact observed URL string; observation does not by itself prove unique or puzzle-bearing content."
"https://help.gsmg.io/en/articles/2054628-how-many-markets-can-be-traded-how-much-funds-are-required","wayback","Exact observed URL string; observation does not by itself prove unique or puzzle-bearing content."
"https://help.gsmg.io/en/articles/2054738-dyor-do-your-own-research-on-markets-before-selecting-them","wayback","Exact observed URL string; observation does not by itself prove unique or puzzle-bearing content."
"https://help.gsmg.io/en/articles/2054759-cost-averaging-is-a-long-term-strategy","wayback","Exact observed URL string; observation does not by itself prove unique or puzzle-bearing content."
"https://help.gsmg.io/en/articles/2054830-exchange-account-on-bittrex","wayback","Exact observed URL string; observation does not by itself prove unique or puzzle-bearing content."
"https://help.gsmg.io/en/articles/2054838-minimum-btc-eth-usdt-to-get-started","wayback","Exact observed URL string; observation does not by itself prove unique or puzzle-bearing content."
"https://help.gsmg.io/en/articles/2054882-alts-can-also-be-used-to-start-trading-with-gsmg","wayback","Exact observed URL string; observation does not by itself prove unique or puzzle-bearing content."
"https://help.gsmg.io/en/articles/2054896-how-to-connect-your-gsmg-account-to-bittrex-and-start-trading-automagically","wayback","Exact observed URL string; observation does not by itself prove unique or puzzle-bearing content."
"https://help.gsmg.io/en/articles/2054896-how-to-connect-your-gsmg-account-to-bittrex-or-binance-and-start-trading-automagically","wayback","Exact observed URL string; observation does not by itself prove unique or puzzle-bearing content."
"https://help.gsmg.io/en/articles/2054908-gsmg-fuel-the-payment-system","wayback","Exact observed URL string; observation does not by itself prove unique or puzzle-bearing content."
"https://help.gsmg.io/en/articles/2054908-the-gsmg-fuel-system","wayback","Exact observed URL string; observation does not by itself prove unique or puzzle-bearing content."
"https://help.gsmg.io/en/articles/2054914-is-manual-trading-on-the-exchange-account-used-by-the-gsmg-platform-possible","wayback","Exact observed URL string; observation does not by itself prove unique or puzzle-bearing content."
"https://help.gsmg.io/en/articles/2054930-first-few-days-weeks-using-gsmg","wayback","Exact observed URL string; observation does not by itself prove unique or puzzle-bearing content."
"https://help.gsmg.io/en/articles/2054953-i-have-profit-and-started-with-x-xx-btc-eth-but-my-account-value-is-down","wayback","Exact observed URL string; observation does not by itself prove unique or puzzle-bearing content."
"https://help.gsmg.io/en/articles/2054962-does-it-sell-positions-at-a-loss","wayback","Exact observed URL string; observation does not by itself prove unique or puzzle-bearing content."
"https://help.gsmg.io/en/articles/2054966-information-about-dashboard-stats","wayback","Exact observed URL string; observation does not by itself prove unique or puzzle-bearing content."
"https://help.gsmg.io/en/articles/2054985-how-do-the-basic-market-allocation-settings-work","wayback","Exact observed URL string; observation does not by itself prove unique or puzzle-bearing content."
"https://help.gsmg.io/en/articles/2055014-reporting-possible-issues-with-the-gsmg-platform","wayback","Exact observed URL string; observation does not by itself prove unique or puzzle-bearing content."
"https://help.gsmg.io/en/articles/2055026-what-exchanges-are-supported-and-will-there-be-more-added","wayback","Exact observed URL string; observation does not by itself prove unique or puzzle-bearing content."
"https://help.gsmg.io/en/articles/2055032-what-are-the-advanced-features-that-are-visible-per-selected-market-in-the-markets-menu-and-what-do-they-do","wayback","Exact observed URL string; observation does not by itself prove unique or puzzle-bearing content."
"https://help.gsmg.io/en/articles/2055095-the-how-to-setup-your-gsmg-account-with-bittrex","wayback","Exact observed URL string; observation does not by itself prove unique or puzzle-bearing content."
"https://help.gsmg.io/en/articles/2056477-ip-whitelisting-binance-only","wayback","Exact observed URL string; observation does not by itself prove unique or puzzle-bearing content."
"https://help.gsmg.io/en/articles/2056477-ip-whitelisting-bittrex-and-binance-only","wayback","Exact observed URL string; observation does not by itself prove unique or puzzle-bearing content."
"https://help.gsmg.io/en/articles/2056477-ip-whitelisting-bittrex-only","wayback","Exact observed URL string; observation does not by itself prove unique or puzzle-bearing content."
"https://help.gsmg.io/en/articles/2207973-affiliate-and-friend-referral-programs","wayback","Exact observed URL string; observation does not by itself prove unique or puzzle-bearing content."
"https://help.gsmg.io/en/articles/2207973-affiliate-and-referral-programs","wayback","Exact observed URL string; observation does not by itself prove unique or puzzle-bearing content."
"https://help.gsmg.io/en/articles/2212926-quick-starting-guide-to-using-gsmg","wayback","Exact observed URL string; observation does not by itself prove unique or puzzle-bearing content."
"https://help.gsmg.io/en/articles/2212926-tl-dr-quick-start-guide-to-using-gsmg","wayback","Exact observed URL string; observation does not by itself prove unique or puzzle-bearing content."
"https://help.gsmg.io/en/articles/2227550-surplus-selling","wayback","Exact observed URL string; observation does not by itself prove unique or puzzle-bearing content."
"https://help.gsmg.io/en/articles/2227563-min-trade-profit-percentage","wayback","Exact observed URL string; observation does not by itself prove unique or puzzle-bearing content."
"https://help.gsmg.io/en/articles/2227563-minimum-trade-profit-percentage","wayback","Exact observed URL string; observation does not by itself prove unique or puzzle-bearing content."
"https://help.gsmg.io/en/articles/2227566-max-buy-price","wayback","Exact observed URL string; observation does not by itself prove unique or puzzle-bearing content."
"https://help.gsmg.io/en/articles/2227579-trade-engine-aggressiveness","wayback","Exact observed URL string; observation does not by itself prove unique or puzzle-bearing content."
"https://help.gsmg.io/en/articles/2249938-tabtrader-for-android-how-to-set-it-up-for-gsmg","wayback","Exact observed URL string; observation does not by itself prove unique or puzzle-bearing content."
"https://help.gsmg.io/en/articles/2506867-release-reserved-funds","wayback","Exact observed URL string; observation does not by itself prove unique or puzzle-bearing content."
"https://help.gsmg.io/en/articles/2506867-release-reserved-funds-removing-the-order-history","wayback","Exact observed URL string; observation does not by itself prove unique or puzzle-bearing content."
"https://help.gsmg.io/en/articles/2673271-the-how-to-setup-your-gsmg-account-with-binance","wayback","Exact observed URL string; observation does not by itself prove unique or puzzle-bearing content."
"https://help.gsmg.io/en/articles/3316392-fractional-account-value","wayback","Exact observed URL string; observation does not by itself prove unique or puzzle-bearing content."
"https://help.gsmg.io/en/articles/3316392-fractional-account-value-for-a-base-currency","wayback","Exact observed URL string; observation does not by itself prove unique or puzzle-bearing content."
"https://help.gsmg.io/en/articles/3470554-trailing-stop","wayback","Exact observed URL string; observation does not by itself prove unique or puzzle-bearing content."
"https://help.gsmg.io/en/articles/3470554-trailing-stop-loss-orders","wayback","Exact observed URL string; observation does not by itself prove unique or puzzle-bearing content."
"https://help.gsmg.io/en/articles/3628355-minimum-funds-required-rule-of-thumb","wayback","Exact observed URL string; observation does not by itself prove unique or puzzle-bearing content."
"https://help.gsmg.io/en/articles/4146917-exchange-account-on-binance","wayback","Exact observed URL string; observation does not by itself prove unique or puzzle-bearing content."
"https://help.gsmg.io/en/articles/4146917-generate-api-key-secret-on-binance","wayback","Exact observed URL string; observation does not by itself prove unique or puzzle-bearing content."
"https://help.gsmg.io/en/articles/5524092-what-is-the-base-quote-currency","wayback","Exact observed URL string; observation does not by itself prove unique or puzzle-bearing content."
"https://help.gsmg.io/en/articles/5524092-what-is-the-base-quote-target-currency","wayback","Exact observed URL string; observation does not by itself prove unique or puzzle-bearing content."
"https://help.gsmg.io/en/articles/5627617-buy-entry-modulation","wayback","Exact observed URL string; observation does not by itself prove unique or puzzle-bearing content."
"https://help.gsmg.io/en/articles/5627889-follow-gsmg-optimised-minimum-trade-profit-percentage","wayback","Exact observed URL string; observation does not by itself prove unique or puzzle-bearing content."
"https://help.gsmg.io/en/articles/5628007-hodl-amount","wayback","Exact observed URL string; observation does not by itself prove unique or puzzle-bearing content."
"https://help.gsmg.io/en/articles/5630464-adding-manual-buy-orders-to-the-order-history","wayback","Exact observed URL string; observation does not by itself prove unique or puzzle-bearing content."
"https://help.gsmg.io/en/articles/5630507-what-are-surplus-funds","wayback","Exact observed URL string; observation does not by itself prove unique or puzzle-bearing content."
"https://help.gsmg.io/en/articles/5638736-topping-up-your-gsmg-account","wayback","Exact observed URL string; observation does not by itself prove unique or puzzle-bearing content."
"https://help.gsmg.io/en/articles/5894754-funding-health","wayback","Exact observed URL string; observation does not by itself prove unique or puzzle-bearing content."
"https://help.gsmg.io/en/articles/6680418-buy-and-take-profit-suggestions","wayback","Exact observed URL string; observation does not by itself prove unique or puzzle-bearing content."
"https://help.gsmg.io/en/articles/8025260-migrate-from-binance-to-huobi-or-bittrex","wayback","Exact observed URL string; observation does not by itself prove unique or puzzle-bearing content."
"https://help.gsmg.io/en/articles/8385314-huobi-create-an-api-key-for-trading-with-gsmg","wayback","Exact observed URL string; observation does not by itself prove unique or puzzle-bearing content."
"https://help.gsmg.io/en/collections/1147161-general-how-to-use-and-configure-the-gsmg-platform","wayback","Exact observed URL string; observation does not by itself prove unique or puzzle-bearing content."
"https://help.gsmg.io/en/collections/1147161-gsmg-automated-trading-use-and-configuration","wayback","Exact observed URL string; observation does not by itself prove unique or puzzle-bearing content."
"https://help.gsmg.io/en/collections/1147166-getting-started","wayback","Exact observed URL string; observation does not by itself prove unique or puzzle-bearing content."
"https://help.gsmg.io/en/collections/1147174-other","wayback","Exact observed URL string; observation does not by itself prove unique or puzzle-bearing content."
"https://help.gsmg.io/en/collections/1147188-step-by-step-how-to-guide","wayback","Exact observed URL string; observation does not by itself prove unique or puzzle-bearing content."
"https://help.gsmg.io/en/collections/1147190-how-does-it-work","wayback","Exact observed URL string; observation does not by itself prove unique or puzzle-bearing content."
"https://help.gsmg.io/en/collections/1147197-getting-started","wayback","Exact observed URL string; observation does not by itself prove unique or puzzle-bearing content."
"https://help.gsmg.io/en/collections/1147205-dashboard-menu","wayback","Exact observed URL string; observation does not by itself prove unique or puzzle-bearing content."
"https://help.gsmg.io/en/collections/1147207-things-to-consider-when-using-gsmg","wayback","Exact observed URL string; observation does not by itself prove unique or puzzle-bearing content."
"https://help.gsmg.io/en/collections/1147215-market-settings","wayback","Exact observed URL string; observation does not by itself prove unique or puzzle-bearing content."
"https://help.gsmg.io/en/collections/1147223-security","wayback","Exact observed URL string; observation does not by itself prove unique or puzzle-bearing content."
"https://help.gsmg.io/en/collections/1147224-what-does-it-cost","wayback","Exact observed URL string; observation does not by itself prove unique or puzzle-bearing content."
"https://help.gsmg.io/en/collections/1147232-quick-start-must-knows","wayback","Exact observed URL string; observation does not by itself prove unique or puzzle-bearing content."
"https://help.gsmg.io/en/collections/1147240-advanced-settings","wayback","Exact observed URL string; observation does not by itself prove unique or puzzle-bearing content."
"https://help.gsmg.io/en/collections/1147254-using-3rd-party-apps","wayback","Exact observed URL string; observation does not by itself prove unique or puzzle-bearing content."
"https://help.gsmg.io/en/collections/3687252-gsmg-insights-about","wayback","Exact observed URL string; observation does not by itself prove unique or puzzle-bearing content."
"https://help.gsmg.io/favicon.ico","wayback","Exact observed URL string; observation does not by itself prove unique or puzzle-bearing content."
"https://help.gsmg.io/general-how-to-use-and-configure-the-gsmg-platform","wayback","Exact observed URL string; observation does not by itself prove unique or puzzle-bearing content."
"https://help.gsmg.io/getting-started","wayback","Exact observed URL string; observation does not by itself prove unique or puzzle-bearing content."
"https://help.gsmg.io/other","wayback","Exact observed URL string; observation does not by itself prove unique or puzzle-bearing content."
"https://help.gsmg.io/robots.txt","wayback","Exact observed URL string; observation does not by itself prove unique or puzzle-bearing content."
"https://help.gsmg.io/sitemap.xml","wayback","Exact observed URL string; observation does not by itself prove unique or puzzle-bearing content."
"https://openpgpkey.gsmg.io/","certificate-transparency-hostname-only","Inferred HTTPS root from a certificate name; no archived/public scan URL and no current DNS answer."
"https://slack-invite.gsmg.io/","wayback","Exact observed URL string; observation does not by itself prove unique or puzzle-bearing content."
"https://slack-invite.gsmg.io/favicon.ico","wayback","Exact observed URL string; observation does not by itself prove unique or puzzle-bearing content."
"https://slack-invite.gsmg.io/robots.txt","wayback","Exact observed URL string; observation does not by itself prove unique or puzzle-bearing content."
"https://slack-invite.gsmg.io/sitemap.xml","wayback","Exact observed URL string; observation does not by itself prove unique or puzzle-bearing content."
"https://stats.gsmg.io/","wayback","Exact observed URL string; observation does not by itself prove unique or puzzle-bearing content."
"https://stats.gsmg.io/favicon.ico","wayback","Exact observed URL string; observation does not by itself prove unique or puzzle-bearing content."
"https://stats.gsmg.io/robots.txt","wayback","Exact observed URL string; observation does not by itself prove unique or puzzle-bearing content."
"https://stats.gsmg.io/sitemap.xml","wayback","Exact observed URL string; observation does not by itself prove unique or puzzle-bearing content."
"https://wishes.gsmg.io/","wayback","Exact observed URL string; observation does not by itself prove unique or puzzle-bearing content."
"https://www.gsmg.io/","wayback|urlscan","Exact observed URL string; observation does not by itself prove unique or puzzle-bearing content."
"https://www.gsmg.io/api/v1/subscriptions","wayback","Exact observed URL string; observation does not by itself prove unique or puzzle-bearing content."
"https://www.gsmg.io/api/v1/subscriptions/history","wayback","Exact observed URL string; observation does not by itself prove unique or puzzle-bearing content."
"https://www.gsmg.io/api/v1/subscriptions/market-features","wayback","Exact observed URL string; observation does not by itself prove unique or puzzle-bearing content."
"https://www.gsmg.io/css/app.css?id=3d440e507ce82e9e50f6","wayback","Exact observed URL string; observation does not by itself prove unique or puzzle-bearing content."
"https://www.gsmg.io/css/app.css?id=7c32eabe230f33bc3962","wayback","Exact observed URL string; observation does not by itself prove unique or puzzle-bearing content."
"https://www.gsmg.io/css/app.css?id=999dce031bf668e1b711","wayback","Exact observed URL string; observation does not by itself prove unique or puzzle-bearing content."
"https://www.gsmg.io/favicon.ico","wayback","Exact observed URL string; observation does not by itself prove unique or puzzle-bearing content."
"https://www.gsmg.io/favicon.png","wayback","Exact observed URL string; observation does not by itself prove unique or puzzle-bearing content."
"https://www.gsmg.io/fonts/lato-regular-webfont.woff2","wayback","Exact observed URL string; observation does not by itself prove unique or puzzle-bearing content."
"https://www.gsmg.io/img/divider.svg","wayback","Exact observed URL string; observation does not by itself prove unique or puzzle-bearing content."
"https://www.gsmg.io/img/favicon_small.png","wayback","Exact observed URL string; observation does not by itself prove unique or puzzle-bearing content."
"https://www.gsmg.io/img/favicon_small.svg","wayback","Exact observed URL string; observation does not by itself prove unique or puzzle-bearing content."
"https://www.gsmg.io/img/front_bg.svg","wayback","Exact observed URL string; observation does not by itself prove unique or puzzle-bearing content."
"https://www.gsmg.io/img/front_binance.svg","wayback","Exact observed URL string; observation does not by itself prove unique or puzzle-bearing content."
"https://www.gsmg.io/img/front_easy.svg","wayback","Exact observed URL string; observation does not by itself prove unique or puzzle-bearing content."
"https://www.gsmg.io/img/front_fee.svg","wayback","Exact observed URL string; observation does not by itself prove unique or puzzle-bearing content."
"https://www.gsmg.io/img/front_huobi.svg","wayback","Exact observed URL string; observation does not by itself prove unique or puzzle-bearing content."
"https://www.gsmg.io/img/front_safe.svg","wayback","Exact observed URL string; observation does not by itself prove unique or puzzle-bearing content."
"https://www.gsmg.io/img/front_stress.svg","wayback","Exact observed URL string; observation does not by itself prove unique or puzzle-bearing content."
"https://www.gsmg.io/img/front_top_gsmg.svg","wayback","Exact observed URL string; observation does not by itself prove unique or puzzle-bearing content."
"https://www.gsmg.io/img/logo_medium.png","wayback","Exact observed URL string; observation does not by itself prove unique or puzzle-bearing content."
"https://www.gsmg.io/img/menu/burger_menu.svg","wayback","Exact observed URL string; observation does not by itself prove unique or puzzle-bearing content."
"https://www.gsmg.io/img/menu/global_statistics.svg","wayback","Exact observed URL string; observation does not by itself prove unique or puzzle-bearing content."
"https://www.gsmg.io/img/menu/help_center.svg","wayback","Exact observed URL string; observation does not by itself prove unique or puzzle-bearing content."
"https://www.gsmg.io/img/menu/logout.svg","wayback","Exact observed URL string; observation does not by itself prove unique or puzzle-bearing content."
"https://www.gsmg.io/img/popup_img_error.png","wayback","Exact observed URL string; observation does not by itself prove unique or puzzle-bearing content."
"https://www.gsmg.io/img/puzzle.png","wayback","Exact observed URL string; observation does not by itself prove unique or puzzle-bearing content."
"https://www.gsmg.io/js/app.js?id=384662103b188735b766","wayback","Exact observed URL string; observation does not by itself prove unique or puzzle-bearing content."
"https://www.gsmg.io/js/app.js?id=43aba0f2fa2962605b46","wayback","Exact observed URL string; observation does not by itself prove unique or puzzle-bearing content."
"https://www.gsmg.io/js/app.js?id=7434fd807c75fd7e0a70","wayback","Exact observed URL string; observation does not by itself prove unique or puzzle-bearing content."
"https://www.gsmg.io/js/app.js?id=7759b6b5c6ea4f2820bb","wayback|urlscan","Exact observed URL string; observation does not by itself prove unique or puzzle-bearing content."
"https://www.gsmg.io/js/app.js?id=9e6879cf7c4115c7daaa","wayback","Exact observed URL string; observation does not by itself prove unique or puzzle-bearing content."
"https://www.gsmg.io/js/app.js?id=b42d2121e2a38d829aef","wayback","Exact observed URL string; observation does not by itself prove unique or puzzle-bearing content."
"https://www.gsmg.io/js/app.js?id=b6f47e12dd9605edf475","wayback","Exact observed URL string; observation does not by itself prove unique or puzzle-bearing content."
"https://www.gsmg.io/js/app.js?id=fae1701cb02aa16debe9","wayback","Exact observed URL string; observation does not by itself prove unique or puzzle-bearing content."
"https://www.gsmg.io/js/app.js.map","wayback|urlscan","Exact observed URL string; observation does not by itself prove unique or puzzle-bearing content."
"https://www.gsmg.io/js/manifest.js?id=bb58468fac8d92ddbd39","wayback","Exact observed URL string; observation does not by itself prove unique or puzzle-bearing content."
"https://www.gsmg.io/js/manifest.js.map","wayback","Exact observed URL string; observation does not by itself prove unique or puzzle-bearing content."
"https://www.gsmg.io/js/vendor.js?id=462c49c14cdb045b2794","wayback","Exact observed URL string; observation does not by itself prove unique or puzzle-bearing content."
"https://www.gsmg.io/js/vendor.js?id=637dd10a968f0c1674ae","wayback","Exact observed URL string; observation does not by itself prove unique or puzzle-bearing content."
"https://www.gsmg.io/js/vendor.js?id=df6f27b7abfd26c511cc","wayback","Exact observed URL string; observation does not by itself prove unique or puzzle-bearing content."
"https://www.gsmg.io/js/vendor.js.map","wayback","Exact observed URL string; observation does not by itself prove unique or puzzle-bearing content."
"https://www.gsmg.io/legal/privacy","wayback","Exact observed URL string; observation does not by itself prove unique or puzzle-bearing content."
"https://www.gsmg.io/legal/yummy","wayback","Exact observed URL string; observation does not by itself prove unique or puzzle-bearing content."
"https://www.gsmg.io/manifest.json","wayback","Exact observed URL string; observation does not by itself prove unique or puzzle-bearing content."
"https://www.gsmg.io/puzzlesupposethisone","wayback|urlscan","Exact observed URL string; observation does not by itself prove unique or puzzle-bearing content."
"https://www.gsmg.io/risk","wayback","Exact observed URL string; observation does not by itself prove unique or puzzle-bearing content."
"https://www.gsmg.io/robots.txt","wayback","Exact observed URL string; observation does not by itself prove unique or puzzle-bearing content."
"https://www.gsmg.io/version.json","wayback","Exact observed URL string; observation does not by itself prove unique or puzzle-bearing content."
