393832323237353732323835333432333232363639323135
34333332633238343335353064316333383162653334383062323231383563346338643066353536666637636166646433613136336335373738356538333865
4332c2843550d1c381be3480b22185c4c8d0f556ff7cafdd3a163c57785e838e
392c382c322c322c322c372c352c372c322c322c382c352c332c342c322c332c322c322c362c362c392c322c312c35
63353963313666343739353235303236643966616233663037616263356236663864303066373765623939653232366563363336663133323630323538373331
c59c16f479525026d9fab3f07abc5b6f8d00f77eb99e226ec636f13260258731
4a494343434846484343494644454344434347474a434246
37393462373234396236333562323234666637343964613530646231343865366161343861386662373231633861656561313835613133646434643035616365
794b7249b635b224ff749da50db148e6aa48a8fb721c8aeea185a13dd4d05ace
494842424247454742424845434442434242464649424145
37313665396233333666363862663664653830343033626166623864313664316366303536373038326664376135636230383662633433306430366336623364
716e9b336f68bf6de80403bafb8d16d1cf0567082fd7a5cb086bc430d06c6b3d
090802020207050702020805030402030202060609020105
36666430366437343331353234363831666131656633623937343363353133646666333537353235343263366532303332373631306139326631663735366465
6fd06d7431524681fa1ef3b9743c513dff35752542c6e20327610a92f1f756de
393832323037353730303835333430333230303630303130
31656566663437316537373861393635346431363939616232383062656538383564396330383734613437323637383631333437633032643832643630633562
1eeff471e778a9654d1699ab280bee885d9c0874a47267861347c02d82d60c5b
392c382c322c322c302c372c352c372c302c302c382c352c332c342c302c332c322c302c302c362c302c302c312c30
32323033313336613463663366303461306165633332383861626435653463323864643631306432326439373666303731333265633935666262346262656465
2203136a4cf3f04a0aec3288abd5e4c28dd610d22d976f07132ec95fbb4bbede
4a4943434148464841414946444541444341414741414241
32623833383832613365613335646561633661306236343137623732393362636334666265313131313139393239326261616233663933613139646631343137
2b83882a3ea35deac6a0b6417b7293bcc4fbe1111199292baab3f93a19df1417
494842425a4745475a5a484543445a43425a5a465a5a415a
62356236303830343031656261386664373732656538393530613238396132643537336163376433613339663165373739646235373937626361373264633432
b5b6080401eba8fd772ee8950a289a2d573ac7d3a39f1e779db5797bca72dc42
090802020007050700000805030400030200000600000100
38636335383434623131623164646463376239316465306263346163366161326665373731393537313539363839633061633333336366616230376634313464
8cc5844b11b1dddc7b91de0bc4ac6aa2fe771957159689c0ac333cfab07f414d
393832323735373835333433323631
61663464323462363033656235336538396634366432636133653231636637393433326433303262646333373664643164323732316233376339323931643164
af4d24b603eb53e89f46d2ca3e21cf79432d302bdc376dd1d2721b37c9291d1d
392c382c322c322c372c352c372c382c352c332c342c332c322c362c31
63393532346165623566393762656533336562343261343035363938376261636331656564356135653863653539313462396135613963373239633163643066
c9524aeb5f97bee33eb42a4056987bacc1eed5a5e8ce5914b9a5a9c729c1cd0f
4a4943434846484946444544434742
61343334656261663234353336653766613334343366396261643336343634653766613065393132366639353762663438343965653765323431333532633262
a434ebaf24536e7fa3443f9bad36464e7fa0e9126f957bf4849ee7e241352c2b
494842424745474845434443424641
36616262386665353934313564323633363237666135353238653031326431653066353663333532646666326432636436633963633062626563653731656438
6abb8fe59415d263627fa5528e012d1e0f56c352dff2d2cd6c9cc0bbece71ed8
090802020705070805030403020601
34646564633733326332623966303335613964363732623430633536646562343732626133353566666230633161326635653463346663343165303166613937
4dedc732c2b9f035a9d672b40c56deb472ba355ffb0c1a2f5e4c4fc41e01fa97
323232323236393235
65326131343665393561666130313530333561393131633736643162646435373966323232313839613338643461653832613736323664623438623238633030
e2a146e95afa015035a911c76d1bdd579f222189a38d4ae82a7626db48b28c00
322c322c322c322c322c362c392c322c35
39343465656238653463643435343638323035313662346661336566356139376538613432626562323733393534646332383639663031313634663061636632
944eeb8e4cd4546820516b4fa3ef5a97e8a42beb273954dc2869f01164f0acf2
4343434343474a4346
38303035653139353135656538663666636636346166643137376132613937353362383439616364313932393235313630336433373465393838333137663565
8005e19515ee8f6fcf64afd177a2a9753b849acd1929251603d374e988317f5e
424242424246494245
34626238613237393039623536363136643834636138666637383162323064363633613463653332383037386237363330336439306262346333663164636264
4bb8a27909b56616d84ca8ff781b20d663a4ce328078b76303d90bb4c3f1dcbd
020202020206090205
61356133383932326133623935343533656437316139366162623935633035373136643362366634396265666238313239333337363165633936626536656537
a5a38922a3b95453ed71a96abb95c05716d3b6f49befb812933761ec96be6ee7
393832323735373835333433323631323232323236393235
31373962376364376130363162353461343837343339396132373139353636623534323637396331323432333038393639323337316163363131616364363366
179b7cd7a061b54a4874399a2719566b542679c12423089692371ac611acd63f
392c382c322c322c372c352c372c382c352c332c342c332c322c362c312c322c322c322c322c322c362c392c322c35
35376163333131663031626637636632396463666531363563633263336231373038313931643261636237303031623337363533666362636362616664303838
57ac311f01bf7cf29dcfe165cc2c3b1708191d2acb7001b37653fcbccbafd088
4a49434348464849464445444347424343434343474a4346
31626639663061396535663765336562323039653838326133373537643830623532616263373064616364633330393436333436653663313739333338386566
1bf9f0a9e5f7e3eb209e882a3757d80b52abc70dacdc30946346e6c1793388ef
494842424745474845434443424641424242424246494245
32623138316135333733386636643437376461643032376365303630323930316565303765643239356265356561313535383665613066313263613461623336
2b181a53738f6d477dad027ce0602901ee07ed295be5ea15586ea0f12ca4ab36
090802020705070805030403020601020202020206090205
38623736393337363262666365656363396436663832633365633763333934346535346135663435656433633563376662656233373439306537393634303963
8b7693762bfceecc9d6f82c3ec7c3944e54a5f45ed3c5c7fbeb37490e796409c
323232323236393235393832323735373835333433323631
32316535303130346238306337653564393163323764383538643665323439316266356632623664306435376637323335396332366164623363373937336335
21e50104b80c7e5d91c27d858d6e2491bf5f2b6d0d57f72359c26adb3c7973c5
322c322c322c322c322c362c392c322c352c392c382c322c322c372c352c372c382c352c332c342c332c322c362c31
36363338646534316465616136643862653361666663326632386637653762623337393661663739376637383061313662623463303138623361653132616237
6638de41deaa6d8be3affc2f28f7e7bb3796af797f780a16bb4c018b3ae12ab7
4343434343474a43464a4943434846484946444544434742
35346465396564666537663532383733643638306331336635316163393664313937303466343539626531653332323335633934303665393066616436376165
54de9edfe7f52873d680c13f51ac96d19704f459be1e32235c9406e90fad67ae
424242424246494245494842424745474845434443424641
37396538303162613931306536386437316636656363376266396231356636383962666463346463663763633233663866323634353262326430323838323538
79e801ba910e68d71f6ecc7bf9b15f689bfdc4dcf7cc23f8f26452b2d0288258
020202020206090205090802020705070805030403020601
65303362336462663538633036333938343534383661363030356366376164313463393131323465623933646463653261623636346164353965393639666533
e03b3dbf58c0639845486a6005cf7ad14c91124eb93ddce2ab664ad59e969fe3
37323332
65313866353030373930333462353666386438366430653266636166313561363638356566366238373731373131666637626461316639333766346231306634
e18f50079034b56f8d86d0e2fcaf15a6685ef6b8771711ff7bda1f937f4b10f4
37322c3332
33643931306166653265353364666435363763363730626433303233343530326565323638303935303334356439663661623635356161656461393030383930
3d910afe2e53dfd567c670bd30234502ee2680950345d9f6ab655aaeda900890
5547
62656363326333653135313630376337613937623432316137393962323535396636623961613538626561633034376462393934623932613164643033323239
becc2c3e151607c7a97b421a799b2559f6b9aa58beac047db994b92a1dd03229
5446
36336565336239306630626336343032366561666138636465393563356634313063383437626538343135333662373234306437373836383863666564373261
63ee3b90f0bc64026eafa8cde95c5f410c847be841536b7240d778688cfed72a
4820
65663636366533643238396166386464616536666637336164653333356262323036626365643136383265386437633931376162393765626639653438306633
ef666e3d289af8ddae6ff73ade335bb206bced1682e8d7c917ab97ebf9e480f3
373233323430313034
66616166326263663434323031376665363266623838663934393736653931303039643561396134316661353837613039623061316338353835653931643231
faaf2bcf442017fe62fb88f94976e91009d5a9a41fa587a09b0a1c8585e91d21
37322c33322c34302c313034
30336363646530646537336161383163363432623164626566653032383161626162653732376663666539346134313362623730336666373535643832363238
03ccde0de73aa81c642b1dbefe0281ababe727fcfe94a413bb703ff755d82628
55474f41
37343561643862383733316136616239646364363234393961663264643230623539303931343464313962656630363639613838363637393461316635666237
745ad8b8731a6ab9dcd62499af2dd20b5909144d19bef0669a8866794a1f5fb7
54464e5a
61626532303539353366656439653537663866613136316131623232323865666630303766666562313738663634346565646230613538396433346663366164
abe205953fed9e57f8fa161a1b2228eff007ffeb178f644eedb0a589d34fc6ad
48202868
66356430353637643562346266663565356139303736393639663763633834663938363066326562663566313539386362393065313936343936653661333638
f5d0567d5b4bff5e5a9076969f7cc84f9860f2ebf5f1598cb90e196496e6a368
3830383137353831373637393739373338313731363738383838373838353931383837383839383237383737373536383837383437373933373638323837373239303833313130383737323731
63316630343261343039306537303436393830656566316338653235663639353461343939306161303334643335366464323566336130373436353531616534
c1f042a4090e7046980eef1c8e25f6954a4990aa034d356dd25f3a0746551ae4
38302c38312c37352c38312c37362c37392c37392c37332c38312c37312c36372c38382c38382c37382c38352c39312c38382c37382c38392c38322c37382c37372c37352c36382c38372c38342c37372c39332c37362c38322c38372c37322c39302c38332c3131302c38372c37322c3731
38633665343865636436366436303032653539326633356161383431613536383964613336643661323963666533633366616335646465343764393431346566
8c6e48ecd66d6002e592f35aa841a5689da36d6a29cfe3c3fac5dde47d9414ef
43445844594242564454504b4b41484e4b414c45415a58514a475a5059454a554d46474a5554
39613734373665646565623935636436313939613235366535303062373935623832396339306331303164303961663336373863376133343039303838313833
9a7476edeeb95cd6199a256e500b795b829c90c101d09af3678c7a3409088183
424357435841415543534f4a4a5a474d4a5a4b445a5957504946594f584449544c4546495453
38323433626438633733393737613735613166663565323933346462613535336362653330623665633963626561356638393163383265333064323930303038
8243bd8c73977a75a1ff5e2934dba553cbe30b6ec9cbea5f891c82e30d290008
50514b514c4f4f4951474358584e555b584e59524e4d4b4457544d5d4c5257485a536e574847
38623763353630356231373939313737666566353333613238663561663064386264326130373332656462336263323132396237393735653164333139656631
8b7c5605b1799177fef533a28f5af0d8bd2a0732edb3bc2129b7975e1d319ef1
343134333335333730343133333632333733333733333638333731333635333237343037343139333430333635343436343537333934343330333636333835333736333034333235343631333937333537343333333930333936343439333633343434343039353037333839333234333639
38373732306232393235316637376130363736633133333335313265353263356662346164633338613365356563373838653064636532393532393135633362
87720b29251f77a0676c1333512e52c5fb4adc38a3e5ec788e0dce2952915c3b
3431342c3333352c3337302c3431332c3336322c3337332c3337332c3336382c3337312c3336352c3332372c3430372c3431392c3334302c3336352c3434362c3435372c3339342c3433302c3336362c3338352c3337362c3330342c3332352c3436312c3339372c3335372c3433332c3339302c3339362c3434392c3336332c3434342c3430392c3530372c3338392c3332342c333639
64373836373835646338383264616139613161343737353666333262303133313863643063303761613763383063393335383539343136393239306231383337
d786785dc882daa9a1a47756f32b01318cd0c07aa7c80c9358594169290b1837
59584758594a4a45484250524443424550454f43564d534e544854524147485a43544e5a4d46
31653664303765643934653539636233303831313533363336323031666662396464383738623436353037343230396464643733373962646164306462336231
1e6d07ed94e59cb3081153636201ffb9dd878b465074209ddd7379bdad0db3b1
585746575849494447414f51434241444f444e42554c524d534753515a46475942534d594c45
34343962363936636337653634343061373730346238326635326563633763353731386236393164623861366466663834393265646564373336313465613366
449b696cc7e6440a7704b82f52ecc7c5718b691db8a6dff8492eded73614ea3f
3637313135313439313331313135373130303837373034373831303135333631353231353331343831313430313130393633
62653363333134303433356633623232663231343062363966353062323735356339636362326364393835316433623239363461333330343862663435613230
be3c3140435f3b22f2140b69f50b2755c9ccb2cd9851d3b2964a33048bf45a20
362c372c312c31352c31342c392c31332c31312c31352c372c312c302c302c382c372c372c302c342c372c382c31302c31352c332c362c31352c322c31352c332c31342c382c312c31342c302c312c31302c392c362c33
33323539616230633963396630326238646134376431653232326164626632653364333661343332393265393530366331303433333934346661653062393663
3259ab0c9c9f02b8da47d1e222adbf2e3d36a43292e9506c10433944fae0b96c
474842504f4a4e4c5048424141494848414548494b504447504350444f49424f41424b4a4744
38373636383737653837333735343233376431383733313535656438343831313133633834363861303136333338646538353066366364653666373831303732
8766877e873754237d1873155ed8481113c8468a016338de850f6cde6f781072
4647414f4e494d4b4f47415a5a4847475a4447484a4f43464f424f434e48414e5a414a494643
35343731653163366263653430633233343336653031643764313531333535326132373233646538346133353661653165626635326233303430336566353838
5471e1c6bce40c23436e01d7d1513552a2723de84a356ae1ebf52b30403ef588
0607010f0e090d0b0f07010000080707000407080a0f03060f020f030e08010e00010a090603
39656166633134363333366135663239393462663263393566366164343464613261396363623866633837633561303938323833633361306238393432663362
9eafc146336a5f2994bf2c95f6ad44da2a9ccb8fc87c5a098283c3a0b8942f3b
35343632343835383631353736383531363735393532363936383631363336393633363636343530373437343634363635343632373236333739353536323631363435313832353734303532
38373439366431316536306534353938383034633033633634373663623435646231616332623465373665663932633062306630636161306434653666666366
87496d11e60e4598804c03c6476cb45db1ac2b4e76ef92c0b0f0caa0d4e6ffcf
35342c36322c34382c35382c36312c35372c36382c35312c36372c35392c35322c36392c36382c36312c36332c36392c36332c36362c36342c35302c37342c37342c36342c36362c35342c36322c37322c36332c37392c35352c36322c36312c36342c35312c38322c35372c34302c3532
63323866353331303337663164373562386462613365643034646330356361653066613736663235376437636136633838346631323834613339353833623363
c28f531037f1d75b8dba3ed04dc05cae0fa76f257d7ca6c884f1284a39583b3c
434b57474a46515a50484152514a4c524c4f4d5957574d4f434b554c42444b4a4d5a45464f41
66393437636333373864313031373234663839356365353263313765356633386161623135306434643239313864663263356132313764383039373633343133
f947cc378d101724f895ce52c17e5f38aab150d4d2918df2c5a217d809763413
424a5646494550594f475a5150494b514b4e4c5856564c4e424a544b41434a494c5944454e5a
32343030366139353834383465663431383637323561393534373738666265336461343765313137643934623562633364613739616530633466383831303637
24006a958484ef4186725a954778fbe3da47e117d94b5bc3da79ae0c4f881067
363e303a3d394433433b3445443d3f453f4240324a4a4042363e483f4f373e3d403352392834
37313463633330353936613365643733356434353933613066626463346361313630316536303436333463356466366364333638353439376364653663653936
714cc30596a3ed735d4593a0fbdc4ca1601e604634c5df6cd3685497cde6ce96
323933333036323331323936333134323736333033323534333130333031323638333337333339323830323831323937323734333133333530323231333535333330323436333230323735323838333532323839343133323732333432333139333237323430343033323930313934333031
63656336323262323061646262623635623461656263643266336435303635303965376432613063616234346664346163383664356637656365623331626230
cec622b20adbbb65b4aebcd2f3d506509e7d2a0cab44fd4ac86d5f7eceb31bb0
3239332c3330362c3233312c3239362c3331342c3237362c3330332c3235342c3331302c3330312c3236382c3333372c3333392c3238302c3238312c3239372c3237342c3331332c3335302c3232312c3335352c3333302c3234362c3332302c3237352c3238382c3335322c3238392c3431332c3237322c3334322c3331392c3332372c3234302c3430332c3239302c3139342c333031
63666633393733373230643639323337376232646635353631383533643931393531333865373965616633633133646361333465356531646631653863313435
cff3973720d692377b2df5561853d9195138e79eaf3c13dca34e5e1df1e8c145
4855584b435152555950495a4255564c4f424d4e52534d4950434f44584d454850474e454d50
65656361313462623531613962373130646633383266376331306131643438356163303765653833313364323135333430313566633334366364623830396530
eeca14bb51a9b710df382f7c10a1d485ac07ee8313d21534015fc346cdb809e0
4754574a42505154584f48594154554b4e414c4d51524c484f424e43574c44474f464d444c4f
62313335643639616433346461356265356664653336616331386235373261306435663262356364623030386463653263663834636262653136356635306262
b135d69ad34da5be5fde36ac18b572a0d5f2b5cdb008dce2cf84cbbe165f50bb
313431343134323531313431353132353635393531323232313432323130363134313039313536313332393134313632
32333732633138356236356366663732306135356232613163656138303862303631306238626434636635353938343538393364316163343233343964313764
2372c185b65cff720a55b2a1cea808b0610b8bd4cf559845893d1ac42349d17d
31342c31342c31342c322c352c312c31342c312c352c312c322c352c362c352c392c352c312c322c322c322c31342c322c322c31302c362c31342c31302c392c312c352c362c31332c322c392c31342c312c362c32
32326666613762303231396432623161303765646564333038333663383664663862643838633836396431383937653937323237303433313263363331316161
22ffa7b0219d2b1a07eded30836c86df8bd88c869d1897e9722704312c6311aa
4f4f4f4346424f424642434647464a46424343434f43434b474f4b4a4246474e434a4f424743
66656563646435626336653338343639626561336466373534613538396637313536373934646161663366623337643064616466353037643661363161306261
feecdd5bc6e38469bea3df754a589f7156794daaf3fb37d0dadf507d6a61a0ba
4e4e4e4245414e414541424546454945414242424e42424a464e4a494145464d42494e414642
31306265336537656637363938343936613332653537383262343764663666366237396633623231633935653633623735613266653038323231653638303437
10be3e7ef7698496a32e5782b47df6f6b79f3b21c95e63b75a2fe08221e68047
0e0e0e0205010e010501020506050905010202020e02020a060e0a090105060d02090e010602
34373037376339323235616333363937313862663236366564353532353863363836663666663937643831383938386563326264363437303934336261343832
47077c9225ac369718bf266ed55258c686f6ff97d818988ec2bd6470943ba482
3832373237333831383536363830373538363938393236383830393536383738383737383833383839303734373237393130323839373237393832383337313938383339313735363636343934
39623431653534383033666531666132633536623230306262633961363864383061613865373230306131333163326637316534383232366362366134376532
9b41e54803fe1fa2c56b200bbc9a68d80aa8e7200a131c2f71e48226cb6a47e2
38322c37322c37332c38312c38352c36362c38302c37352c38362c39382c39322c36382c38302c39352c36382c37382c38372c37382c38332c38382c39302c37342c37322c37392c3130322c38392c37322c37392c38322c38332c37312c39382c38332c39312c37352c36362c36342c3934
65356339633331326563353937626130646436623234393266346461343538306630343737383564353230633866383335313665396333343235653065303265
e5c9c312ec597ba0dd6b2492f4da4580f047785d520c8f83516e9c3425e0e02e
45555644484f435849554f51435251414a41464b4d575542594c554245465455464e584f4d51
33616164336537663066653337653737313236393566656363616231356434313164383632316566373235646536636262393236643035643337653531656161
3aad3e7f0fe37e7712695feccab15d411d8621ef725de6cbb926d05d37e51eaa
44545543474e425748544e504251505a495a454a4c565441584b544144455354454d574e4c50
31313566646464353038666436333361623462613565656564643765313032303865306632633766323561383765303266353834333437643233366464313232
115fddd508fd633ab4ba5eeedd7e10208e0f2c7f25a87e02f584347d236dd122
524849515542504b56625c44505f444e574e53585a4a484f6659484f52534762535b4b42405e
65653237313334616561646366623032643162333663346263653034613830316435383634653436313665663366346534666136396361363339643831356166
ee27134aeadcfb02d1b36c4bce04a801d5864e4616ef3f4e4fa69ca639d815af
333738333533333539333939333437333331333831333932343739343635343030333334333535343534333237333133343135343233333930343236343238343032333532343032343731343634333432333730333930343137333533343631333532343438333538333334323939343039
31653135353562613761373438623835393632656139646130613262323438636230376233396166656563396539346564393732313736363032643362346663
1e1555ba7a748b85962ea9da0a2b248cb07b39afeec9e94ed972176602d3b4fc
3337382c3335332c3335392c3339392c3334372c3333312c3338312c3339322c3437392c3436352c3430302c3333342c3335352c3435342c3332372c3331332c3431352c3432332c3339302c3432362c3432382c3430322c3335322c3430322c3437312c3436342c3334322c3337302c3339302c3431372c3335332c3436312c3335322c3434382c3335382c3333342c3239392c343039
63353466623432356362633933346432313534313034393861333739313132313662373764373231393332646637303433653761353134313634633366306461
c54fb425cbc934d215410498a37911216b77d721932df7043e7a514164c3f0da
4f50564a4a5452434c584b57524d50425a48414b4d4d4f4d44574547414250544f4755574e54
64383463663865623934366334363434396431656432623333633132376161313835626335626133396231316536373437343663613562306233383438653963
d84cf8eb946c46449d1ed2b33c127aa185bc5ba39b11e674746ca5b0b3848e9c
4e4f5549495351424b574a56514c4f4159475a4a4c4c4e4c435644465a414f534e4654564d53
31373532653963383736643963356665623662623438326633336465303239616465373366613561666235386539383765363439623931623338623766313964
1752e9c876d9c5feb6bb482f33de029ade73fa5afb58e987e649b91b38b7f19d
31343431333737363831353831323634383131303835303130343836313538313435313231313131323133313334323130
35336239386430623066353665363136356164666465663334623163303730626332616635623234303365363165636562633133393866636631346638363931
53b98d0b0f56e6165adfdef34b1c070bc2af5b2403e61ecebc1398fcf14f8691
31342c342c31332c372c372c362c382c31352c382c31322c362c342c382c31312c302c382c352c302c312c302c342c382c362c31352c382c312c342c352c31322c31312c312c31322c312c332c31332c342c322c3130
66333865393731663164666633393335616263346264643830393737636130663935326365623836663863353066656638636130383663373864653432353336
f38e971f1dff3935abc4bdd80977ca0f952ceb86f8c50fef8ca086c78de42536
4f454e4848474950494d4745494c41494641424145494750494245464d4c424d42444e45434b
61663364663764623539613030336339623562306363386166356437363036326537373837653831396266356562393632623731623537393432623433316234
af3df7db59a003c9b5b0cc8af5d76062e7787e819bf5eb962b71b57942b431b4
4e444d474746484f484c4644484b5a48455a415a4448464f484144454c4b414c41434d44424a
35663336336632303934646266366163643839383632373439633538323161383536346536623639653035626136663039646231613636623330313535636662
5f363f2094dbf6acd89862749c5821a8564e6b69e05ba6f09db1a66b30155cfb
0e040d070706080f080c0604080b0008050001000408060f080104050c0b010c01030d04020a
34626433343863613631313465663265333764363634343632303139323230363366383339356333333363383663643433623066666663653135346233636166
4bd348ca6114ef2e37d66446201922063f8395c333c86cd43b0fffce154b3caf
36333638353036313634353536353538373236343635343036343730373336353632353737313834373436353532373937303639353735353435363936313731363234373532343733333633
33346566313739333564323637346165373739396337373138343331323533313238656236613861653533636339346462633639633034366261373232396339
34ef17935d2674ae7799c7718431253128eb6a8ae53cc94dbc69c046ba7229c9
36332c36382c35302c36312c36342c35352c36352c35382c37322c36342c36352c34302c36342c37302c37332c36352c36322c35372c37312c38342c37342c36352c35322c37392c37302c36392c35372c35352c34352c36392c36312c37312c36322c34372c35322c34372c33332c3633
65336633663861333237353439353564323530343264393430383161643633656330653334323334336537346561363238343039306565336262336330633765
e3f3f8a32754955d25042d94081ad63ec0e342343e74ea6284090ee3bb3c0c7e
4c51594a4d444e47554d4e4f4d53564e4b465447574e41425352464454524a544b564156484c
32383963363764393239366237613033366239653935616166306333336333316536313530663662373765393064323665326336366130326439646164666165
289c67d9296b7a036b9e95aaf0c33c31e6150f6b77e90d26e2c66a02d9dadfae
4b5058494c434d46544c4d4e4c52554d4a455346564d5a4152514543535149534a555a55474b
35386361613263323064396465316666643935626131303865396335353234393337653864363862616232336530313035313831336361633131363064623238
58caa2c20d9de1ffd95ba108e9c5524937e8d68bab23e01051813cac1160db28
3f44323d4037413a48404128404649413e3947544a41344f464539372d453d473e2f342f213f
34653131333636663834376237303830653763653264626666623865643839363463373137646138626563306232666134623066313730303765383162323765
4e11366f847b7080e7ce2dbffb8ed8964c717da8bec0b2fa4b0f17007e81b27e
323839333534323532333138323635323637323838323632343037333132333036313830323837323939333439323538333039333031333532333835333339333432323735343131333336333432323632323736323137333631323934333638323832323538333030323433313539323935
63313934313933633032343432626135396132356633633662613634653534393765323330313739356663333866656365326235386563386332323163636166
c194193c02442ba59a25f3c6ba64e5497e2301795fc38fece2b58ec8c221ccaf
3238392c3335342c3235322c3331382c3236352c3236372c3238382c3236322c3430372c3331322c3330362c3138302c3238372c3239392c3334392c3235382c3330392c3330312c3335322c3338352c3333392c3334322c3237352c3431312c3333362c3334322c3236322c3237362c3231372c3336312c3239342c3336382c3238322c3235382c3330302c3234332c3135392c323935
30613162366137366363383362356337353632646334346135313836653932386430613466336133316665633661393031393637323137643435353637303932
0a1b6a76cc83b5c7562dc44a5186e928d0a4f3a31fec6a901967217d45567092
445153474648434352415559424e4c5958504f5642455056594543514a58494557594f4a444a
66383263363031653961373363396636656334626264356233643535366337353162303139646163333062353639636639363365303338393664396437636139
f82c601e9a73c9f6ec4bbd5b3d556c751b019dac30b569cf963e03896d9d7ca9
4350524645474242515a5458414d4b58574f4e5541444f55584442504957484456584e494349
63326332353930333135646462663663623331363464363763396535333162366534343466623930663966396465643132383133393337316331376561313431
c2c2590315ddbf6cb3164d67c9e531b6e444fb90f9f9ded128139371c17ea141
31333632353235313130323130313134313032393931343931363631323132313331313339353133313631333231333531
37396234303135383565616638353862376162633531336264356632663630653062383962303639303631653230663839343730613530343933626138356262
79b401585eaf858b7abc513bd5f2f60e0b89b069061e20f89470a50493ba85bb
31332c362c322c352c322c352c312c31302c322c31302c312c31342c31302c322c392c392c31342c392c312c362c362c312c322c312c322c31332c312c31332c392c352c31332c312c362c31332c322c31332c352c31
39383138626438386133306532353836366130623332663235666537396239343832646465656164333238633431633565643464643438663562313831356438
9818bd88a30e25866a0b32f25fe79b9482ddeead328c41c5ed4dd48f5b1815d8
4e4743464346424b434b424f4b434a4a4f4a424747424342434e424e4a464e42474e434e4642
62346264623838306637366338323432653331383664363636356133623861383732636661313530373366663930323431346535353937643332303164366134
b4bdb880f76c8242e3186d6665a3b8a872cfa15073ff902414e5597d3201d6a4
4d4642454245414a424a414e4a4249494e49414646414241424d414d49454d41464d424d4541
62336536623931353133333834363236623062383039326435643463626335613466373134366663316133386664316666353261306363373038303735313734
b3e6b91513384626b0b8092d5d4cbc5a4f7146fc1a38fd1ff52a0cc708075174
0d0602050205010a020a010e0a0209090e09010606010201020d010d09050d01060d020d0501
38303364313537626665666239376566333937323732373536396464336435383433383265623261366161643832366661616265376166623334326562303838
803d157bfefb97ef3972727569dd3d584382eb2a6aad826faabe7afb342eb088
3934383237323733383138353636383037353836393839323638383039353638373838373738383338383930373437323739313032383937323739383238333731393838333931373536363634
34613735383734343832623864396532636334613732306437386463656136363732383562336564623930373531316134626630356531336163313536653936
4a75874482b8d9e2cc4a720d78dcea667285b3edb907511a4bf05e13ac156e96
39342c38322c37322c37332c38312c38352c36362c38302c37352c38362c39382c39322c36382c38302c39352c36382c37382c38372c37382c38332c38382c39302c37342c37322c37392c3130322c38392c37322c37392c38322c38332c37312c39382c38332c39312c37352c36362c3634
66383632323739353763356139323766316530346431353862633237613763626562363536326462366465623037633564303561373762396339363737303433
f86227957c5a927f1e04d158bc27a7cbeb6562db6deb07c5d05a77b9c9677043
5145555644484f435849554f51435251414a41464b4d575542594c554245465455464e584f4d
63653535626531633966386365383563666235353636363033343038623265663632636336646233636166366564656139396664393862636437366439643134
ce55be1c9f8ce85cfb5566603408b2ef62cc6db3caf6edea99fd98bcd76d9d14
5044545543474e425748544e504251505a495a454a4c565441584b544144455354454d574e4c
63353232613032663461646661396663306635383364646536663461333532303230336666313561663634643935346330316365623362366562356637353839
c522a02f4adfa9fc0f583dde6f4a3520203ff15af64d954c01ceb3b6eb5f7589
5e524849515542504b56625c44505f444e574e53585a4a484f6659484f52534762535b4b4240
61666664373533616339333766666565656166653134303237666161343437306136616365303434393133663265633163373034343737373766663963366239
affd753ac937ffeeeafe14027faa4470a6ace044913f2ec1c70447777ff9c6b9
343039333738333533333539333939333437333331333831333932343739343635343030333334333535343534333237333133343135343233333930343236343238343032333532343032343731343634333432333730333930343137333533343631333532343438333538333334323939
65313761646462313132313932356264356634653137343638653466373530366361376434323734333463353531653032343130636438356338323730366134
e17addb1121925bd5f4e17468e4f7506ca7d427434c551e02410cd85c82706a4
3430392c3337382c3335332c3335392c3339392c3334372c3333312c3338312c3339322c3437392c3436352c3430302c3333342c3335352c3435342c3332372c3331332c3431352c3432332c3339302c3432362c3432382c3430322c3335322c3430322c3437312c3436342c3334322c3337302c3339302c3431372c3335332c3436312c3335322c3434382c3335382c3333342c323939
65396266333731373738633434366131323962646561623531386631613230666230396232343031373462383465646666386261396137663634333237323539
e9bf371778c446a129bdeab518f1a20fb09b240174b84edff8ba9a7f64327259
544f50564a4a5452434c584b57524d50425a48414b4d4d4f4d44574547414250544f4755574e
33333764643539646536653138373838326539353637663962633232386661336637623837373332343337353035363735303632333438653739303834623030
337dd59de6e187882e9567f9bc228fa3f7b87732437505675062348e79084b00
534e4f5549495351424b574a56514c4f4159475a4a4c4c4e4c435644465a414f534e4654564d
33613263343461626230336263393539613861336163323861653430633061656532313336363232346537363564316461653637316235346136646632323164
3a2c44abb03bc959a8a3ac28ae40c0aee21366224e765d1dae671b54a6df221d
31303134343133373736383135383132363438313130383530313034383631353831343531323131313132313331333432
33666531633161333039323163373831396434663432376635633234396432336434613865626634646562336561633338643439336261336334636433316165
3fe1c1a30921c7819d4f427f5c249d23d4a8ebf4deb3eac38d493ba3c4cd31ae
31302c31342c342c31332c372c372c362c382c31352c382c31322c362c342c382c31312c302c382c352c302c312c302c342c382c362c31352c382c312c342c352c31322c31312c312c31322c312c332c31332c342c32
39303662663132313738363266333635343161383764336136643232646263346533393834353037626232323964386139663266343361346266653364386161
906bf1217862f36541a87d3a6d22dbc4e3984507bb229d8a9f2f43a4bfe3d8aa
4b4f454e4848474950494d4745494c41494641424145494750494245464d4c424d42444e4543
39353333316538623538653763663134363662303862636164633835616532633666366361323133666233316538346661393462303263653935666562306336
95331e8b58e7cf1466b08bcadc85ae2c6f6ca213fb31e84fa94b02ce95feb0c6
4a4e444d474746484f484c4644484b5a48455a415a4448464f484144454c4b414c41434d4442
34346533626162393532376134396234613134643730376239636261366461663864383234663837633834653864366237326464393462316131306665666234
44e3bab9527a49b4a14d707b9cba6daf8d824f87c84e8d6b72dd94b1a10fefb4
0a0e040d070706080f080c0604080b0008050001000408060f080104050c0b010c01030d0402
36373437393033373232376561623665623737663033663532613234363336346334383739303330383362383031353666306164666638313939396535613632
67479037227eab6eb77f03f52a246364c487903083b80156f0adff81999e5a62
36333633363835303631363435353635353837323634363534303634373037333635363235373731383437343635353237393730363935373535343536393631373136323437353234373333
31376331366433303339336134646661653035343335343761303231333035613435633636643233343835396564376434343863623562336561353536373731
17c16d30393a4dfae0543547a021305a45c66d234859ed7d448cb5b3ea556771
36332c36332c36382c35302c36312c36342c35352c36352c35382c37322c36342c36352c34302c36342c37302c37332c36352c36322c35372c37312c38342c37342c36352c35322c37392c37302c36392c35372c35352c34352c36392c36312c37312c36322c34372c35322c34372c3333
34383664363065363761306562663265323037313863303536316333613730313036373236323330303430363432373463653261343064323037333162303932
486d60e67a0ebf2e20718c0561c3a7010672623004064274ce2a40d20731b092
4c4c51594a4d444e47554d4e4f4d53564e4b465447574e41425352464454524a544b56415648
34646262636131323336316565373363343433343330613563636263363661633661393062353761363364616638396366356438333032656566353336353034
4dbbca12361ee73c443430a5ccbc66ac6a90b57a63daf89cf5d8302eef536504
4b4b5058494c434d46544c4d4e4c52554d4a455346564d5a4152514543535149534a555a5547
61333633303264616132316366303366386432313134336333393332343532396535656563653430323563306630313135333666306232303937373236373339
a36302daa21cf03f8d21143c39324529e5eece4025c0f011536f0b2097726739
3f3f44323d4037413a48404128404649413e3947544a41344f464539372d453d473e2f342f21
62323533376534363837356532353038626435323565666137373666313735363837613234613366663239613763643662353565633962643933386530663566
b2537e46875e2508bd525efa776f175687a24a3ff29a7cd6b55ec9bd938e0f5f
323935323839333534323532333138323635323637323838323632343037333132333036313830323837323939333439323538333039333031333532333835333339333432323735343131333336333432323632323736323137333631323934333638323832323538333030323433313539
37376230636436633664346430623662663933343866383732313038313666663761623664383064313263396533366134336264336165316465376662393339
77b0cd6c6d4d0b6bf9348f87210816ff7ab6d80d12c9e36a43bd3ae1de7fb939
3239352c3238392c3335342c3235322c3331382c3236352c3236372c3238382c3236322c3430372c3331322c3330362c3138302c3238372c3239392c3334392c3235382c3330392c3330312c3335322c3338352c3333392c3334322c3237352c3431312c3333362c3334322c3236322c3237362c3231372c3336312c3239342c3336382c3238322c3235382c3330302c3234332c313539
36393564666438333332323361333235376331633662323464633233636333633633316635626466303433343130313630396538363036623666306162363838
695dfd833223a3257c1c6b24dc23cc3c631f5bdf0434101609e8606b6f0ab688
4a445153474648434352415559424e4c5958504f5642455056594543514a58494557594f4a44
63363237353738346566633164363565623136353030336361616537643162393562643337653265626334626434363062663531336139333066353136646631
c6275784efc1d65eb165003caae7d1b95bd37e2ebc4bd460bf513a930f516df1
494350524645474242515a5458414d4b58574f4e5541444f55584442504957484456584e4943
36643364663361373765373930373462653061663536353939323433653635336437323234656265626562386361633238616234386261396464396162343763
6d3df3a77e79074be0af56599243e653d7224ebebeb8cac28ab48ba9dd9ab47c
31313336323532353131303231303131343130323939313439313636313231323133313133393531333136313332313335
35643266626262323433306232313737393664636466663933303265333237356565613833666237613062333866666235663265666665363064646236333337
5d2fbbb2430b217796dcdff9302e3275eea83fb7a0b38ffb5f2effe60ddb6337
312c31332c362c322c352c322c352c312c31302c322c31302c312c31342c31302c322c392c392c31342c392c312c362c362c312c322c312c322c31332c312c31332c392c352c31332c312c362c31332c322c31332c35
34346131623437656130313436643633383766623539313136663438663030383163613134333634323634346636623132306235633336653966323462306139
44a1b47ea0146d6387fb59116f48f0081ca143642644f6b120b5c36e9f24b0a9
424e4743464346424b434b424f4b434a4a4f4a424747424342434e424e4a464e42474e434e46
37323661623532306432313837646539333463343639613363396464643665616338313836383537343137383538333036616436343565613037356361663032
726ab520d2187de934c469a3c9ddd6eac8186857417858306ad645ea075caf02
414d4642454245414a424a414e4a4249494e49414646414241424d414d49454d41464d424d45
36623162326366326233323731333661613831346365336230313966386639373664306337366533643162363137623737613938393537343337663964623230
6b1b2cf2b327136aa814ce3b019f8f976d0c76e3d1b617b77a98957437f9db20
010d0602050205010a020a010e0a0209090e09010606010201020d010d09050d01060d020d05
33386130303736613536313032633265383866366462373563343731666433623131633366633432356336303733636437663561626366333535633165636163
38a0076a56102c2e88f6db75c471fd3b11c3fc425c6073cd7f5abcf355c1ecac
3832383737373931383637363539383538343731383536373734383938323830373938333834393138333736363938303839373739353836373637383737373537303736393338323833313032
34666238386661363233343739373537313932313763313065323336396361653535303834363034303564323630633436356536396331346135363964653035
4fb88fa62347975719217c10e2369cae5508460405d260c465e69c14a569de05
38322c38372c37372c39312c38362c37362c35392c38352c38342c37312c38352c36372c37342c38392c38322c38302c37392c38332c38342c39312c38332c37362c36392c38302c38392c37372c39352c38362c37362c37382c37372c37352c37302c37362c39332c38322c38332c313032
66666164323036356432363339336538316264666337613134373535366332613763333461643934633231663339386431653635306465373132663664623032
ffad2065d26393e81bdfc7a147556c2a7c34ad94c21f398d1e650de712f6db02
454a5a4e4959484847544850574c45434246474e465952434c5a524959415a58535950454659
61323433616532366566643166333366343832386465313065313133343434326463656161653034346131353031643638616135633266393934383636656538
a243ae26efd1f33f4828de10e1134442dceaae044a1501d68aa5c2f994866ee8
4449594d485847474653474f564b44424145464d455851424b595148585a595752584f444558
34613630636138326465663064653538663366313066663866386662353232613738613339316439313061653430613066326135363664306566313331336430
4a60ca82def0de58f3f10ff8f8fb522a78a391d910ae40a0f2a566d0ef1313d0
52574d5b564c3b55544755434a5952504f53545b534c4550594d5f564c4e4d4b464c5d525366
37613963656461633666663131396364393261646365653933643731636334383032306630396564313836376237626365643464333961393438663132666437
7a9cedac6ff119cd92adcee93d71cc48020f09ed1867b7bced4d39a948f12fd7
343134343331333730343632343137333638323834343230333835333831333933333236333531343637333434333839333630333539343231343735333533333630333038333830343632343135343433343338333231333432333533333335333732333833343339333536333836353130
33356262646338393431366265333864323462363639313535343662373462376339623033346362376661303930363334376235373334343766396663363762
35bbdc89416be38d24b66915546b74b7c9b034cb7fa0906347b573447f9fc67b
3431342c3433312c3337302c3436322c3431372c3336382c3238342c3432302c3338352c3338312c3339332c3332362c3335312c3436372c3334342c3338392c3336302c3335392c3432312c3437352c3335332c3336302c3330382c3338302c3436322c3431352c3434332c3433382c3332312c3334322c3335332c3333352c3337322c3338332c3433392c3335362c3338362c353130
63396339623535613364653635333331616138623039653139656164316233623837646664396139323764653038666261343238396439623636616561343334
c9c9b55a3de65331aa8b09e19ead1b3b87dfd9a927de08fba4289d9b66aea434
59504755424559455652444f4e5a475a5756464850575751555a42574a455058495458535751
37393537303964313632363534353564646332646130666262633939326365353833623133343562353631613131613263623462313138343133386163346561
795709d16265455ddc2da0fbbc992ce583b1345b561a11a2cb4b1184138ac4ea
584f4654414458445551434e4d594659565545474f5656505459415649444f57485357525650
38343964636432383366636137646235373539313837363937383535626431306337376339396532383663663339646432366437653137313630393032666139
849dcd283fca7db5759187697855bd10c77c99e286cf39dd26d7e17160902fa9
3835313531353132323733363135313131313439313230313135323935313035383931313133313231303237313130323135313031353132
37326637393963323837393362633161323562643832383739326239613262646461353530626435613332353165386634386439323830343032323933373636
72f799c28793bc1a25bd828792b9a2bdda550bd5a3251e8f48d9280402293766
382c352c31352c31352c31322c322c372c332c362c31352c31312c312c31342c392c31322c302c31312c352c322c392c352c31302c352c382c392c31312c31332c31322c31302c322c372c31312c302c322c31352c31302c31352c3132
38613432396231353966376439343665663938643630613035393634663335656161653136373037623261383064396136663465653030653736636161333765
8a429b159f7d946ef98d60a05964f35eaae16707b2a80d9a6f4ee00e76caa37e
494650504d43484447504c424f4a4d414c46434a464b46494a4c4e4d4b43484c4143504b504d
33636432313736316434643733313431336639333239633561633764393030646261646561656132623730316432333435366163303132363063316136636234
3cd21761d4d731413f9329c5ac7d900dbadeaea2b701d23456ac01260c1a6cb4
48454f4f4c424743464f4b414e494c5a4b454249454a4548494b4d4c4a42474b5a424f4a4f4c
38396536653636366337666337376237313362366161363839653333313830343364613066373166353236323866306636313534633263646162396463313636
89e6e666c7fc77b713b6aa689e3318043da0f71f52628f0f6154c2cdab9dc166
08050f0f0c020703060f0b010e090c000b050209050a0508090b0d0c0a02070b00020f0a0f0c
65626134646136386637613566636639623630363762313831303931363766326232306138393830363066313336316436393965376632396632656132343666
eba4da68f7a5fcf9b6067b18109167f2b20a898060f1361d699e7f29f2ea246f
35383638343436303536343834383738363135363731353434333638363536363534373937373734353735303639353137343631373637363533363535343632353635303734363236353539
36636566333962316132613839326364363333363032613538323165373932333039363966633237623831393339613833376564373930316631303663373532
6cef39b1a2a892cd633602a5821e79230969fc27b81939a837ed7901f106c752
35382c36382c34342c36302c35362c34382c34382c37382c36312c35362c37312c35342c34332c36382c36352c36362c35342c37392c37372c37342c35372c35302c36392c35312c37342c36312c37362c37362c35332c36352c35342c36322c35362c35302c37342c36322c36352c3539
35626435346431316166363930636163373438613837373862366361356565646338373564613333633539633363653339353661343663623739313638353935
5bd54d11af690cac748a8778b6ca5eedc875da33c59c3ce3956a46cb79168595
47515349455757414a45544352514e4f43425a574659525a574a5959424e434b4559574b4e48
35396138333738303333336661393633646264356639333034613863323438396563336534373734343036396363666238363966343530333861366263346361
59a83780333fa963dbd5f9304a8c2489ec3e47744069ccfb869f45038a6bc4ca
465052484456565a4944534251504d4e424159564558515956495858414d424a4458564a4d47
62633433356462383661303762303838373361383863636462326230343034663964383363333739623431633265346534643239633332313937353364383063
bc435db86a07b08873a88ccdb2b0404f9d83c379b41c2e4e4d29c3219753d80c
3a442c3c3830304e3d3847362b444142364f4d4a393245334a3d4c4c3541363e38324a3e413b
36363263366563396636323466646231396235306637356566656633613865333265373439633365396362663661353164336432343832356536303131383733
662c6ec9f624fdb19b50f75efef3a8e32e749c3e9cbf6a51d3d24825e6011873
333030333732323037333138323739323731323332343035323730323937333439323532323031333638333037333431323334333437333534333637323838323338333035323130333433323630343031333836323430323536323632323937323930323631333537323637333439333139
62366635643663653335316338383363613334353039636665633335623162333866373637616532653461313731666433616266373334396130333337326163
b6f5d6ce351c883ca34509cfec35b1b38f767ae2e4a171fd3abf7349a03372ac
3330302c3337322c3230372c3331382c3237392c3237312c3233322c3430352c3237302c3239372c3334392c3235322c3230312c3336382c3330372c3334312c3233342c3334372c3335342c3336372c3238382c3233382c3330352c3231302c3334332c3236302c3430312c3338362c3234302c3235362c3236322c3239372c3239302c3236312c3335372c3236372c3334392c333139
31343031653661383830376263303334653330643438633038656336663839653763626234346131633939663737373734623966323261646538393439326337
1401e6a8807bc034e30d48c08ec6f89e7cbb44a1c99f77774b9f22ade89492c7
4f495a47544c59504b4c4c5354455644414a51444345544346414c574757434c454254484c48
61356231383637626633656130326361376430323662333534656233336633656262656533356462643837303430633030363762333661663064393963333232
a5b1867bf3ea02ca7d026b354eb33f3ebbee35dbd87040c0067b36af0d99c322
4e485946534b584f4a4b4b52534455435a49504342445342455a4b564656424b444153474b47
65626464323965633738333233643638626634613262643036653235633037336131343939393730326663346366363964316266613962366432353835303362
ebdd29ec78323d68bf4a2bd06e25c073a14999702fc4cf69d1bfa9b6d258503b
3236323134313436363231333631313431313439313031343931333639323133393635363134353936363632313436313133
61663533656635636536376365656164303938336639383163326634366530666236346364643134366432343230646238616366643734396565326461363037
af53ef5ce67ceead0983f981c2f46e0fb64cdd146d2420db8acfd749ee2da607
322c362c322c31342c31342c362c362c322c31332c362c312c31342c312c31342c392c31302c31342c392c31332c362c392c322c31332c392c362c352c362c31342c352c392c362c362c362c322c31342c362c312c3133
36326433343266363033633235363132626466333062323631623831353662646265386633666264383563643861613032356565356665656235613331316634
62d342f603c25612bdf30b261b8156bdbe8f3fbd85cd8aa025ee5feeb5a311f4
4347434f4f4747434e47424f424f4a4b4f4a4e474a434e4a4746474f464a474747434f47424e
39373838646438303734653766623864346364666261663039306466626465333162666636643664363130303033343166346166653733323762373166313639
9788dd8074e7fb8d4cdfbaf090dfbde31bff6d6d61000341f4afe7327b71f169
4246424e4e4646424d46414e414e494a4e494d4649424d494645464e4549464646424e46414d
62633639626664613631353230646434653531633565313736666266386233613539366566623465656265653162633038376366373433343639356135343732
bc69bfda61520dd4e51c5e176fbf8b3a596efb4eebee1bc087cf7434695a5472
0206020e0e0606020d06010e010e090a0e090d0609020d090605060e0509060606020e06010d
61393431336637643631323536313637323630306231636431623834303163653633353263366637323534636364353266643830303531366332626363323937
a9413f7d612561672600b1cd1b8401ce6352c6f7254ccd52fd800516c2bcc297
3837373739313836373635393835383437313835363737343839383238303739383338343931383337363639383038393737393538363736373837373735373037363933383238333130323832
39333765616161303063393837336361663234373163646437373465616431366166353335623366656633333766353936663034326430653863336434316561
937eaaa00c9873caf2471cdd774ead16af535b3fef337f596f042d0e8c3d41ea
38372c37372c39312c38362c37362c35392c38352c38342c37312c38352c36372c37342c38392c38322c38302c37392c38332c38342c39312c38332c37362c36392c38302c38392c37372c39352c38362c37362c37382c37372c37352c37302c37362c39332c38322c38332c3130322c3832
30336165666637373663623934333433313737643436393235616665636133343262343835623632316238346534376263336139656265336163643731376163
03aeff776cb94343177d46925afeca342b485b621b84e47bc3a9ebe3acd717ac
4a5a4e4959484847544850574c45434246474e465952434c5a524959415a5853595045465945
63653865323535346536373631653532336632656662396566666531656664663366653166393737323161336434376266643831383234613339656163336235
ce8e2554e6761e523f2efb9effe1efdf3fe1f97721a3d47bfd81824a39eac3b5
49594d485847474653474f564b44424145464d455851424b595148585a595752584f44455844
64353835306631663631346331373931636635656337616262336533333135633462346635383061666232363039346266343736666337636430353863383031
d5850f1f614c1791cf5ec7abb3e3315c4b4f580afb26094bf476fc7cd058c801
574d5b564c3b55544755434a5952504f53545b534c4550594d5f564c4e4d4b464c5d52536652
66656539346237313834626165623563373735386137353063333136326562303162313535623064646331306466383939633130373763616263396366623536
fee94b7184baeb5c7758a750c3162eb01b155b0ddc10df899c1077cabc9cfb56
343331333730343632343137333638323834343230333835333831333933333236333531343637333434333839333630333539343231343735333533333630333038333830343632343135343433343338333231333432333533333335333732333833343339333536333836353130343134
66303530353630353934386465396130316264393232313034386333663564303637353065316130343038343339353938383336653131343630373761373161
f0505605948de9a01bd9221048c3f5d06750e1a0408439598836e1146077a71a
3433312c3337302c3436322c3431372c3336382c3238342c3432302c3338352c3338312c3339332c3332362c3335312c3436372c3334342c3338392c3336302c3335392c3432312c3437352c3335332c3336302c3330382c3338302c3436322c3431352c3434332c3433382c3332312c3334322c3335332c3333352c3337322c3338332c3433392c3335362c3338362c3531302c343134
34336662616562323931333962356366623532333761623766393864653461306166363161303836653739633362303233643637396666633433313238303532
43fbaeb29139b5cfb5237ab7f98de4a0af61a086e79c3b023d679ffc43128052
504755424559455652444f4e5a475a5756464850575751555a42574a45505849545853575159
30336439356362633364313765333366373964323836656465646362613264386232323736656133316234326137653637643031346238346431646430656631
03d95cbc3d17e33f79d286ededcba2d8b2276ea31b42a7e67d014b84d1dd0ef1
4f4654414458445551434e4d594659565545474f5656505459415649444f5748535752565058
39663661393539616466633363663863663865616135653532383765386531306163363635643330343833393561316461633266323464373936323438333562
9f6a959adfc3cf8cf8eaa5e5287e8e10ac665d3048395a1dac2f24d79624835b
3531353135313232373336313531313131343931323031313532393531303538393131313331323130323731313032313531303135313238
35386537633461356138656338383539653135393062313132363165393561373538666662383066366365383130393261363365376564346465393738643665
58e7c4a5a8ec8859e1590b11261e95a758ffb80f6ce81092a63e7ed4de978d6e
352c31352c31352c31322c322c372c332c362c31352c31312c312c31342c392c31322c302c31312c352c322c392c352c31302c352c382c392c31312c31332c31322c31302c322c372c31312c302c322c31352c31302c31352c31322c38
62356364613735633238363037386664363562336632653862623261336537393632373037356135613839303661636436383963616633633762643662303736
b5cda75c286078fd65b3f2e8bb2a3e79627075a5a8906acd689caf3c7bd6b076
4650504d43484447504c424f4a4d414c46434a464b46494a4c4e4d4b43484c4143504b504d49
37346534336135363064613638333131303563636637356430333137373064323565336331613330616435396532643434653066363031626537386566333235
74e43a560da6831105ccf75d031770d25e3c1a30ad59e2d44e0f601be78ef325
454f4f4c424743464f4b414e494c5a4b454249454a4548494b4d4c4a42474b5a424f4a4f4c48
30363834373866346261626231326238363366383861383836616530636264376264316439376365623939373263656437653165653439346434303164336336
068478f4babb12b863f88a886ae0cbd7bd1d97ceb9972ced7e1ee494d401d3c6
050f0f0c020703060f0b010e090c000b050209050a0508090b0d0c0a02070b00020f0a0f0c08
34663564386666663036656231623361343337386531393734633834313562393166656338623135643666383232623535326665343938666166396332396530
4f5d8fff06eb1b3a4378e1974c8415b91fec8b15d6f822b552fe498faf9c29e0
36383434363035363438343837383631353637313534343336383635363635343739373737343537353036393531373436313736373635333635353436323536353037343632363535393538
62626536353331396130386462633530306535366534376531396362353764643137306564656263643663656438363235353239663865666637346266656432
bbe65319a08dbc500e56e47e19cb57dd170edebcd6ced8625529f8eff74bfed2
36382c34342c36302c35362c34382c34382c37382c36312c35362c37312c35342c34332c36382c36352c36362c35342c37392c37372c37342c35372c35302c36392c35312c37342c36312c37362c37362c35332c36352c35342c36322c35362c35302c37342c36322c36352c35392c3538
34343836636563323166666336663263323638356638353736646433366266663931316432663666373930333562386137663634363030363134343932376537
4486cec21ffc6f2c2685f8576dd36bff911d2f6f79035b8a7f646006144927e7
515349455757414a45544352514e4f43425a574659525a574a5959424e434b4559574b4e4847
66393735336563343366366461346662636166633339303833646263396431633836383364333339663230613537363730333237633363666336666666363038
f9753ec43f6da4fbcafc39083dbc9d1c8683d339f20a57670327c3cfc6fff608
5052484456565a4944534251504d4e424159564558515956495858414d424a4458564a4d4746
61333430633830393865333461666632666230366435353133636632356361373065356661613537653132666463633330303439303765616364616466643562
a340c8098e34aff2fb06d5513cf25ca70e5faa57e12fdcc3004907eacdadfd5b
442c3c3830304e3d3847362b444142364f4d4a393245334a3d4c4c3541363e38324a3e413b3a
63386664343963356532306563343835313161333064633635363035663661626431396564383335656161303263646232326338666531666364316332653762
c8fd49c5e20ec48511a30dc65605f6abd19ed835eaa02cdb22c8fe1fcd1c2e7b
333732323037333138323739323731323332343035323730323937333439323532323031333638333037333431323334333437333534333637323838323338333035323130333433323630343031333836323430323536323632323937323930323631333537323637333439333139333030
34656633653339376365646534343138326464633231383935616532666231643736653731386231623033393935303438633838623862643034356163643930
4ef3e397cede44182ddc21895ae2fb1d76e718b1b03995048c88b8bd045acd90
3337322c3230372c3331382c3237392c3237312c3233322c3430352c3237302c3239372c3334392c3235322c3230312c3336382c3330372c3334312c3233342c3334372c3335342c3336372c3238382c3233382c3330352c3231302c3334332c3236302c3430312c3338362c3234302c3235362c3236322c3239372c3239302c3236312c3335372c3236372c3334392c3331392c333030
34346336356261353834353061316238393336343039333136613263613866343463383032666531633039353437653165623233656638386238663730386631
44c65ba58450a1b8936409316a2ca8f44c802fe1c09547e1eb23ef88b8f708f1
495a47544c59504b4c4c5354455644414a51444345544346414c574757434c454254484c484f
62333334646431343738616462313233353736633835656166333361316230616637323166386261343063653663663064336364623064616532616334363463
b334dd1478adb123576c85eaf33a1b0af721f8ba40ce6cf0d3cdb0dae2ac464c
485946534b584f4a4b4b52534455435a49504342445342455a4b564656424b444153474b474e
65666139313637623333633132373438383561646163333239356635623562643066376337393839386164396235656364616165363463386638386635313431
efa9167b33c1274885adac3295f5b5bd0f7c79898ad9b5ecdaae64c8f88f5141
3632313431343636323133363131343131343931303134393133363932313339363536313435393636363231343631313332
37306634393039623137666632383762383731373833316437313130376630383535343636323331383838363831383634373235316466306362306463376239
70f4909b17ff287b8717831d71107f08554662318886818647251df0cb0dc7b9
362c322c31342c31342c362c362c322c31332c362c312c31342c312c31342c392c31302c31342c392c31332c362c392c322c31332c392c362c352c362c31342c352c392c362c362c362c322c31342c362c312c31332c32
62333535636138396239396161613964633438653436613739366330366464623238646534646233613366633432653261346565386666336266316332363262
b355ca89b99aaa9dc48e46a796c06ddb28de4db3a3fc42e2a4ee8ff3bf1c262b
47434f4f4747434e47424f424f4a4b4f4a4e474a434e4a4746474f464a474747434f47424e43
34353361623837663465326362303563666365393265333762666233343537623233376535396430396430396561326335616563626430383137653634313431
453ab87f4e2cb05cfce92e37bfb3457b237e59d09d09ea2c5aecbd0817e64141
46424e4e4646424d46414e414e494a4e494d4649424d494645464e4549464646424e46414d42
38343634653865663066333837373665653739653736653362373866656437623338353038666265346464313332613165633236356361373561633933636165
8464e8ef0f38776ee79e76e3b78fed7b38508fbe4dd132a1ec265ca75ac93cae
06020e0e0606020d06010e010e090a0e090d0609020d090605060e0509060606020e06010d02
64316263383333346565666635646364653638656530656434303130353737646533306538346230313963366230643632316166653366393963616235643435
d1bc8334eeff5dcde68ee0ed4010577de30e84b019c6b0d621afe3f99cab5d45
3132323130313031323130303231313030323230303032303030313130303230303030303030
34383438623239633338643961646331303832396438363163623132303565323837353862323733383032656230373732313536656635613861633238363830
4848b29c38d9adc10829d861cb1205e28758b273802eb0772156ef5a8ac28680
12210101210021100220002000110020000000
37626339643336373033393263653739383132323761363162333535656231303830663039356339386433366236396361316262613137613932353365633038
7bc9d3670392ce7981227a61b355eb1080f095c98d36b69ca1bba17a9253ec08
6636376466373337373164633766643764363362363533613966376235633737646464666637
31613666633435333838376361336261623936633738353235306536343136623038396232326165363931646636623434636462636562623535373261306461
1a6fc453887ca3bab96c785250e6416b089b22ae691df6b44cdbcebb5572a0da
f67df73771dc7fd7d63b653a9f7b5c77dddff7
61633863643634383335643234616535343931666338313335343939383461383731386137356666396136343437623838336439613432313061616535356533
ac8cd64835d24ae5491fc813549984a8718a75ff9a6447b883d9a4210aae55e3
3330303534323630353430313030343236303534313430313835303130303130313732353930
62616631356362373933383362363034303937613334646261313163663066386431663935643565363362316434303332626430363435333264626238656330
baf15cb79383b604097a34dba11cf0f8d1f95d5e63b1d4032bd064532dbb8ec0
30054260540100426054140185010010172590
36326134373662323439393436316631326230366433303864643465353236346533633938643461356136663139326231633237633536316136396163636262
62a476b2499461f12b06d308dd4e5264e3c98d4a5a6f192b1c27c561a69accbb
3761663735363736373762396633373337633737373539663937653139623766393733353966
33396435633737653363366231633062623638653033323362383464333932353666353362353339623630353530633330626234393236613839653739313038
39d5c77e3c6b1c0bb68e0323b84d39256f53b539b60550c30bb4926a89e79108
7af7567677b9f3737c77759f97e19b7f97359f
62623066646432343139303131666166313333313734303764666361663133396437323763366566393262663836633133396539396137383931306666623239
bb0fdd2419011faf13317407dfcaf139d727c6ef92bf86c139e99a78910ffb29
3031393431303130303431343130303137323230313736313134343137313232303335303334
39373331386535663733656630613261313964623032633730396530653861316630323763383432643038616561333839616135376563643538373066633762
97318e5f73ef0a2a19db02c709e0e8a1f027c842d08aea389aa57ecd5870fc7b
01941010041410017220176114417122035034
63653837356462303433356338666230313934613163316231616465366362313736633234366232393963613839323063643831623531386365646638373837
ce875db0435c8fb0194a1c1b1ade6cb176c246b299ca8920cd81b518cedf8787
3335393735376266373737353764356237373664353736663737376637373633333337653335
65646233323766636563363132666661633633636234353463323435623439373230616133346439343130363161376338656337663638313638373533663766
edb327fcec612ffac63cb454c245b49720aa34d941061a7c8ec7f68168753f7f
359757bf77757d5b776d576f777f7763337e35
39376631613431653333383362616330656438646338353166353335343830623132373031333435343463643461313136633034353137643433376433666662
97f1a41e3383bac0ed8dc851f535480b1270134544cd4a116c04517d437d3ffb
3535313434303130333934303036343035363130383032323131323035303830343734343831
65623639363133313864383134386337313232393034376130626131303063333332616537373635396239653334303036343863326566626634393330386638
eb6961318d8148c71229047a0ba100c332ae77659b9e3400648c2efbf49308f8
55144010394006405610802211205080474481
32663136663465366263373964613861316235653663356665383333383339653338663835363033643533303333333630323135623235656665303665363964
2f16f4e6bc79da8a1b5e6c5fe833839e38f85603d53033360215b25efe06e69d
3535623637393966333937376137366437373764393737373564373635623965353737373862
31656363666530313865323236386639383066663734643137663832356438353032366139633664656639333739353066373333626366633861353931313062
1eccfe018e2268f980ff74d17f825d85026a9c6def937950f733bcfc8a59110b
55b6799f3977a76d777d97775d765b9e57778b
61333561386438353937626337313165643932323036633864336237653464356265353233373038333539613565653834393363303436636237333232353736
a35a8d8597bc711ed92206c8d3b7e4d5be523708359a5ee8493c046cb7322576
3630303430313731343632303831373536333831343138303431373031353336303036313033
65653035366665663463366562333062323031396239626565303966373961343337373463366631623131326430623530366132346537336261643031306634
ee056fef4c6eb30b2019b9bee09f79a43774c6f1b112d0b506a24e73bad010f4
60040171462081756381418041701536006103
33653862653837616233656133343564326361353238346337336536336366613839636362646132653534623166356337326131336431636537376236396665
3e8be87ab3ea345d2ca5284c73e63cfa89ccbda2e54b1f5c72a13d1ce77b69fe
3733623737353737343733643937373737373933373739663762373337373737376437336437
63306237323065316364333363313837373033373739623163323135643263356634626532656537363436613830336638343062376130636163326235343034
c0b720e1cd33c187703779b1c215d2c5f4be2ee7646a803f840b7a0cac2b5404
73b77577473d97777793779f7b7377777d73d7
38623037363139356435356531313566336466666137303432333562613938326333613031653936373230376665353432636265336236616262366137356530
8b076195d55e115f3dffa704235ba982c3a01e967207fe542cbe3b6abb6a75e0
3838313035313231353131313235303732363135333431313736303037303030313030303931
32383938613036323438336362306265316132663663353434353836616436326634633034656666303266626137316162616466653535623532656230326466
2898a062483cb0be1a2f6c544586ad62f4c04eff02fba71abadfe55b52eb02df
88105121511125072615341176007000100091
33613965356436343666343737353932623464333265326330363630343639356633653862663939633739663166343065303563333766373661653361646564
3a9e5d646f477592b4d32e2c06604695f3e8bf99c79f1f40e05c37f76ae3aded
3939396535333737376433393735613733376637373737373736666437393735666666643937
33386135663464396435386661646663663466633266386331316535666634316666646261353361666565616634323139353832613164306430616638666339
38a5f4d9d58fadfcf4fc2f8c11e5ff41ffdba53afeeaf4219582a1d0d0af8fc9
999e53777d3975a737f7777776fd7975fffd97
63323134373066346131383234623835636334353936636131376365663633323162303465353230383336313062636666666466366135653139336131313038
c21470f4a1824b85cc4596ca17cef6321b04e52083610bcfffdf6a5e193a1108
3030323030323930303533323130333031303131313631303435313030343030333832323136
35383134323635653362326466663663643964363866613836353835313333323636633365623065376432326661316135366633656266383832306234306466
5814265e3b2dff6cd9d68fa86585133266c3eb0e7d22fa1a56f3ebf8820b40df
00200290053210301011161045100400382216
64326338663634616237326231663634653766353530326362386633373037343365343434343233653830383962626662616336653333646339383264306535
d2c8f64ab72b1f64e7f5502cb8f370743e444423e8089bbfbac6e33dc982d0e5
6665366162373966623737336666376362636666643762363537646664366636373933373737
64643233633631383364366465613834383434613265663737656261323930323936646234643931643338653731376632326137643761653332323832313630
dd23c6183d6dea84844a2ef77eba290296db4d91d38e717f22a7d7ae32282160
fe6ab79fb773ff7cbcffd7b657dfd6f6793777
34626133373962313462393633396433306531363237333436653732313137663130616537623130646131616165643039653033376361386231383736366332
4ba379b14b9639d30e1627346e72117f10ae7b10da1aaed09e037ca8b18766c2
3132323130313031323130303231313030323230303032303030313130303230303030303030333030353432363035343031303034323630353431343031383530313030313031373235393030313934313031303034313431303031373232303137363131343431373132323033353033343535313434303130333934303036343035363130383032323131323035303830343734343831363030343031373134363230383137353633383134313830343137303135333630303631303338383130353132313531313132353037323631353334313137363030373030303130303039313030323030323930303533323130333031303131313631303435313030343030333832323136
39666337663965343230653365386434346232363338663337313330363738613063366465653462626232383930636433316236393563653132343634376431
9fc7f9e420e3e8d44b2638f37130678a0c6dee4bbb2890cd31b695ce124647d1
12210101210021100220002000110020000000300542605401004260541401850100101725900194101004141001722017611441712203503455144010394006405610802211205080474481600401714620817563814180417015360061038810512151112507261534117600700010009100200290053210301011161045100400382216
39663630623765636662663836343638653234363033363232366137396232613937343939653033303663633164386661373737343939353539623637303238
9f60b7ecfbf86468e246036226a79b2a97499e0306cc1d8fa777499559b67028
3133303536383032303135303830323039313031323135343434303030343134303530313230303131323036313137323931303030313130323530333435303134343936313530303134323133303134303031323230313038323131303036313530313430343730333032313035373030363735363231323032363336303235323138313130343030313531303131383433313034373031343632303632383131303131323031303038313134373430353431313635313034323730313131313030303030303735313730303031303530343231323833303030303230363030303130343031333037333730303830323534363032303530343130323039333830393130303431333136
31613662663534393632623038323537393163326462663930613131663436383163633734366465343230383839633062613831326337376133396436303232
1a6bf54962b0825791c2dbf90a11f4681cc746de420889c0ba812c77a39d6022
13056802015080209101215444000414050120011206117291000110250345014496150014213014001220108211006150140470302105700675621202636025218110400151011843104701462062811011201008114740541165104270111100000075170001050421283000020600010401307370080254602050410209380910041316
63383533636362393936326332353965646136633366323137663439313831343162633431306465653533613563653062336535633230353035666664323263
c853ccb9962c259eda6c3f217f4918141bc410dee53a5ce0b3e5c20505ffd22c
3132323130313031323130303231313030323230303032303030313130303230303030303030333030353432363035343031303034323630353431343031383530313030313031373235393030313934313031303034313431303031373232303137363131343431373132323033353033343535313434303130333934303036343035363130383032323131323035303830343734343831363030343031373134363230383137353633383134313830343137303135333630303631303338383130353132313531313132353037323631353334313137363030373030303130303039316665366162373966623737336666376362636666643762363537646664366636373933373737
38353930393033396465303431323865326537396137643132613264393435333035613433623665336262323566376164643334376435383831666434373062
85909039de04128e2e79a7d12a2d945305a43b6e3bb25f7add347d5881fd470b
122101012100211002200020001100200000003005426054010042605414018501001017259001941010041410017220176114417122035034551440103940064056108022112050804744816004017146208175638141804170153600610388105121511125072615341176007000100091fe6ab79fb773ff7cbcffd7b657dfd6f6793777
38346334336634633534666239643731306665623763316137306236366565386330343531313565343263303330366364646465383862626137613734613266
84c43f4c54fb9d710feb7c1a70b66ee8c045115e42c0306cddde88bba7a74a2f
3133303536386632303135303865323039313031363135343434306130343134303562313230303131373036313137323931303030313166323530333435623134343936313730303134323137303134303031333230313038326631303036313566313430343730373032313035376330363735363262323032363336633235323138316630343030313566303131383433643034373031343732303632383162303131323031363038313134373530353431313637313034323730643131313030306630303735313764303031303530363231323833306630303230363036303130343031373037333730303930323534363033303530343130373039333830393730303431333137
35393534303830383531366666646633393734393630623735383966363661396634396430393465363833306634313766633966316363653863636139303535
59540808516ffdf3974960b7589f66a9f49d094e6830f417fc9f1cce8cca9055
130568f201508e2091016154440a041405b12001170611729100011f250345b144961700142170140013201082f100615f1404707021057c067562b202636c252181f040015f011843d0470147206281b011201608114750541167104270d111000f007517d0010506212830f0020606010401707370090254603050410709380970041317
66343466393938313737343034396537653734663339636434366237393835376139616530356135666230366664373033623739636230616635343034313637
f44f9981774049e7e74f39cd46b79857a9ae05a5fb06fd703b79cb0af5404167
3132323130313031323130303231313030323230303032303030313130303230303030303030333030353432363035343031303034323630353431343031383530313030313031373235393030313934313031303034313431303031373232303137363131343431373132323033353033343535313434303130333934303036343035363130383032323131323035303830343734343831363030343031373134363230383137353633383134313830343137303135333630303631303339393965353337373764333937356137333766373737373737366664373937356666666439373030323030323930303533323130333031303131313631303435313030343030333832323136
64333633326533383231383735616631663137636132373663396161323064396632313363316532333163646333663633663662633931663239633263353739
d3632e3821875af1f17ca276c9aa20d9f213c1e231cdc3f63f6bc91f29c2c579
1221010121002110022000200011002000000030054260540100426054140185010010172590019410100414100172201761144171220350345514401039400640561080221120508047448160040171462081756381418041701536006103999e53777d3975a737f7777776fd7975fffd9700200290053210301011161045100400382216
34613164393630633761316138373539646162376165383730663462363437633061653530646539303238363830373166633532343830366434306431373839
4a1d960c7a1a8759dab7ae870f4b647c0ae50de902868071fc524806d40d1789
3133303536393032303135303930323039313039323135343434653030343134303530313230303133323036313137373931303030313730323530333437303134343936643530303134323333303134303039323230313038373131303036313530313430343761333032313035373030363735363331323032363337303235323138663130343030313731303131383437313034373031373632303632383731303131323037303038313134373430353431313635313034323766313131313030643030303735313730303031303539343231323833373030303230363530303130343066333037333730663830323534366632303530343164323039333830393130303431333736
30306435633838653733326336396430386434656436373063623535303066356164316139386339643334646331343463663137386530343630333032366330
00d5c88e732c69d08d4ed670cb5500f5ad1a98c9d34dc144cf178e04603026c0
13056902015090209109215444e00414050120013206117791000170250347014496d5001423301400922010871100615014047a302105700675631202637025218f1040017101184710470176206287101120700811474054116510427f111100d0007517000105942128370002065001040f307370f802546f205041d209380910041376
63326162353865306366363739373863656262616338373036356434656530363736346362393431346661326264623763636262613432626239303836346531
c2ab58e0cf67978cebbac87065d4ee06764cb9414fa2bdb7ccbba42bb90864e1
3132323130313031323130303231313030323230303032303030313130303230303030303030333030353432363035343031303034323630353431343031383530313030313031373235393030313934313031303034313431303031373232303137363131343431373132323033353033343535313434303130333934303036343035363130383032323131323035303830343734343831363030343031373134363230383137353633383134313830343137303135333630303631303339393965353337373764333937356137333766373737373737366664373937356666666439376665366162373966623737336666376362636666643762363537646664366636373933373737
64363639346132646135396131393338333734633363343764383063326138336535613930386561663466396334346165613762646534333862346563623538
d6694a2da59a1938374c3c47d80c2a83e5a908eaf4f9c44aea7bde438b4ecb58
1221010121002110022000200011002000000030054260540100426054140185010010172590019410100414100172201761144171220350345514401039400640561080221120508047448160040171462081756381418041701536006103999e53777d3975a737f7777776fd7975fffd97fe6ab79fb773ff7cbcffd7b657dfd6f6793777
35393235303036303062333034643536393165396135336338626433613961633439366137666130623366613934626435373131333733623235356361653530
592500600b304d5691e9a53c8bd3a9ac496a7fa0b3fa94bd5711373b255cae50
3133303536396632303135303965323039313039363135343434656130343134303562313230303133373036313137373931303030313766323530333437623134343936643730303134323337303134303039333230313038376631303036313566313430343761373032313035376330363735363362323032363337633235323138666630343030313766303131383437643034373031373732303632383762303131323037363038313134373530353431313637313034323766643131313030646630303735313764303031303539363231323833376630303230363536303130343066373037333730663930323534366633303530343164373039333830393730303431333737
35393331636565353238363631356166663362653837393339666337613936343463356630326234333037623031633435646163346534383531323633393531
5931cee5286615aff3be87939fc7a9644c5f02b4307b01c45dac4e4851263951
130569f201509e209109615444ea041405b12001370611779100017f250347b14496d700142370140093201087f100615f14047a7021057c067563b202637c25218ff040017f011847d0470177206287b01120760811475054116710427fd11100df007517d0010596212837f002065601040f707370f902546f305041d709380970041377
62326130613131393762646362656566306133393637346233336166653837373730363364313162313137333132653931363730343537383464636433643563
b2a0a1197bdcbeef0a39674b33afe8777063d11b117312e9167045784dcd3d5c
3132323130313031323130303231313030323230303032303030313130303230303030303030333030353432363035343031303034323630353431343031383530313030313031373235393030313934313031303034313431303031373232303137363131343431373132323033353033343535313434303130333934303036343035363130383032323131323035303830343734343831373362373735373734373364393737373737393337373966376237333737373737643733643738383130353132313531313132353037323631353334313137363030373030303130303039313030323030323930303533323130333031303131313631303435313030343030333832323136
33333037336336666136663861323165646664396138356266306661623432333637386139333337646363343732343064353337336238346238383136643636
33073c6fa6f8a21edfd9a85bf0fab423678a9337dcc47240d5373b84b8816d66
1221010121002110022000200011002000000030054260540100426054140185010010172590019410100414100172201761144171220350345514401039400640561080221120508047448173b77577473d97777793779f7b7377777d73d78810512151112507261534117600700010009100200290053210301011161045100400382216
36343434373733333961343362323232363762343435653461373837326530353664356662656465343762373763616465303530343066636530613436616562
644477339a43b22267b445e4a7872e056d5fbede47b77cade05040fce0a46aeb
3133303537383032303135333830323039316231323135343437303030343134373530313230303531323036313137323931303030373130323530333435303134343937313530303134333133303134306431323230313039323131303036373530313430343730333032313037373030363735373231323032363736303235323139313130343030333531303131383733313034373037343632303632393131303131326631303038313137373430353431623635313034323730313131313033303030303735373730303031303730343231323837303030303230373030303130343731333037333764303830323534373032303530343330323039333864393130303431373136
36656164313132313862656364663334636634633632386530323033643234326131666235646237373035616336623261373930636337326233633535626432
6ead11218becdf34cf4c628e0203d242a1fb5db7705ac6b2a790cc72b3c55bd2
130578020153802091b12154470004147501200512061172910007102503450144971500143130140d12201092110067501404703021077006757212026760252191104003510118731047074620629110112f1008117740541b6510427011110300007577000107042128700002070001047130737d08025470205043020938d910041716
35653732613666313765396162326464393839326630613966626562313335343762343365646638633961306134646235616530643566316133643839333236
5e72a6f17e9ab2dd9892f0a9fbeb13547b43edf8c9a0a4db5ae0d5f1a3d89326
3132323130313031323130303231313030323230303032303030313130303230303030303030333030353432363035343031303034323630353431343031383530313030313031373235393030313934313031303034313431303031373232303137363131343431373132323033353033343535313434303130333934303036343035363130383032323131323035303830343734343831373362373735373734373364393737373737393337373966376237333737373737643733643738383130353132313531313132353037323631353334313137363030373030303130303039316665366162373966623737336666376362636666643762363537646664366636373933373737
63366333366532653436363436383366316330313065323434663937663338316232653130316338333432663366386662663632663630636537616234373235
c6c36e2e4664683f1c010e244f97f381b2e101c8342f3f8fbf62f60ce7ab4725
1221010121002110022000200011002000000030054260540100426054140185010010172590019410100414100172201761144171220350345514401039400640561080221120508047448173b77577473d97777793779f7b7377777d73d788105121511125072615341176007000100091fe6ab79fb773ff7cbcffd7b657dfd6f6793777
37376431363763393064306430363565613361643936633564343165346635346439383362336161303664333931336534636238383932663462386363383765
77d167c90d0d065ea3ad96c5d41e4f54d983b3aa06d3913e4cb8892f4b8cc87e
3133303537386632303135333865323039316231363135343437306130343134373562313230303531373036313137323931303030373166323530333435623134343937313730303134333137303134306431333230313039326631303036373566313430343730373032313037376330363735373262323032363736633235323139316630343030333566303131383733643034373037343732303632393162303131326631363038313137373530353431623637313034323730643131313033306630303735373764303031303730363231323837306630303230373036303130343731373037333764303930323534373033303530343330373039333864393730303431373137
37356161353739626239333162653833623365323564633033653162303731373263376230323730333733626261353737373562623932373762643036353037
75aa579bb931be83b3e25dc03e1b07172c7b0270373bba57775bb9277bd06507
130578f201538e2091b16154470a041475b12005170611729100071f250345b144971700143170140d13201092f100675f1404707021077c067572b202676c252191f040035f011873d0470747206291b0112f1608117750541b67104270d111030f007577d0010706212870f002070601047170737d09025470305043070938d970041717
63363335376665333430353931633762346239313766636130373939376263613437333463356430363537353839616332366337346432666632396137366139
c6357fe340591c7b4b917fca07997bca4734c5d0657589ac26c74d2ff29a76a9
3132323130313031323130303231313030323230303032303030313130303230303030303030333030353432363035343031303034323630353431343031383530313030313031373235393030313934313031303034313431303031373232303137363131343431373132323033353033343535313434303130333934303036343035363130383032323131323035303830343734343831373362373735373734373364393737373737393337373966376237333737373737643733643739393965353337373764333937356137333766373737373737366664373937356666666439373030323030323930303533323130333031303131313631303435313030343030333832323136
63643263333536663034346438323832343962643564303763393162623461313131393934303362663639366538393763386330336662306338376236626237
cd2c356f044d828249bd5d07c91bb4a11199403bf696e897c8c03fb0c87b6bb7
1221010121002110022000200011002000000030054260540100426054140185010010172590019410100414100172201761144171220350345514401039400640561080221120508047448173b77577473d97777793779f7b7377777d73d7999e53777d3975a737f7777776fd7975fffd9700200290053210301011161045100400382216
30316235336634633566643166386635386262326538303433646332353230633965306232303037636330353666613565383335343139323665336361646465
01b53f4c5fd1f8f58bb2e8043dc2520c9e0b2007cc056fa5e83541926e3cadde
3133303537393032303135333930323039316239323135343437653030343134373530313230303533323036313137373931303030373730323530333437303134343937643530303134333333303134306439323230313039373131303036373530313430343761333032313037373030363735373331323032363737303235323139663130343030333731303131383737313034373037373632303632393731303131326637303038313137373430353431623635313034323766313131313033643030303735373730303031303739343231323837373030303230373530303130343766333037333764663830323534376632303530343364323039333864393130303431373736
64366363663734363530313138386361306665393134343266343838666236613636303534666230643164626439303930353962353636333034363737626639
d6ccf746501188ca0fe91442f488fb6a66054fb0d1dbd909059b566304677bf9
130579020153902091b9215447e00414750120053206117791000770250347014497d500143330140d922010971100675014047a302107700675731202677025219f104003710118771047077620629710112f7008117740541b6510427f111103d0007577000107942128770002075001047f30737df802547f205043d20938d910041776
64333838646638333965313433613339303435323439623734336164376164333862653237393236343239666638616236653061636237303337306530613836
d388df839e143a39045249b743ad7ad38be27926429ff8ab6e0acb70370e0a86
3132323130313031323130303231313030323230303032303030313130303230303030303030333030353432363035343031303034323630353431343031383530313030313031373235393030313934313031303034313431303031373232303137363131343431373132323033353033343535313434303130333934303036343035363130383032323131323035303830343734343831373362373735373734373364393737373737393337373966376237333737373737643733643739393965353337373764333937356137333766373737373737366664373937356666666439376665366162373966623737336666376362636666643762363537646664366636373933373737
63383664333532656232373962306165373162623033336333326335373234633837383136376238323732313233333461353965383138656131323831333235
c86d352eb279b0ae71bb033c32c5724c878167b827212334a59e818ea1281325
1221010121002110022000200011002000000030054260540100426054140185010010172590019410100414100172201761144171220350345514401039400640561080221120508047448173b77577473d97777793779f7b7377777d73d7999e53777d3975a737f7777776fd7975fffd97fe6ab79fb773ff7cbcffd7b657dfd6f6793777
31323838653035313464306661353562623265333730356330386431323839316265313162353463326537646464613261376132326662626163643732616239
1288e0514d0fa55bb2e3705c08d12891be11b54c2e7ddda2a7a22fbbacd72ab9
3133303537396632303135333965323039316239363135343437656130343134373562313230303533373036313137373931303030373766323530333437623134343937643730303134333337303134306439333230313039376631303036373566313430343761373032313037376330363735373362323032363737633235323139666630343030333766303131383737643034373037373732303632393762303131326637363038313137373530353431623637313034323766643131313033646630303735373764303031303739363231323837376630303230373536303130343766373037333764663930323534376633303530343364373039333864393730303431373737
30613864376261613731663331623062356139363332323434306361633432343230366266383862616363383837313166663661303361353936626564663531
0a8d7baa71f31b0b5a96322440cac424206bf88bacc88711ff6a03a596bedf51
130579f201539e2091b9615447ea041475b12005370611779100077f250347b14497d700143370140d93201097f100675f14047a7021077c067573b202677c25219ff040037f011877d0470777206297b0112f7608117750541b6710427fd11103df007577d0010796212877f002075601047f70737df902547f305043d70938d970041777
33383839643961316635343566646539303439396133306333326666636431623862353734613238383234373265663566323435666433626661356161396461
3889d9a1f545fde90499a30c32ffcd1b8b574a2882472ef5f245fd3bfa5aa9da
3132323130313031323130303231313030323230303032303030313130303230303030303030333030353432363035343031303034323630353431343031383530313030313031373235393030313934313031303034313431303031373232303137363131343431373132323033353033343535623637393966333937376137366437373764393737373564373635623965353737373862363030343031373134363230383137353633383134313830343137303135333630303631303338383130353132313531313132353037323631353334313137363030373030303130303039313030323030323930303533323130333031303131313631303435313030343030333832323136
63666331383434353564306334663438373139376637643031316665613532393463633965363636303230396237656337393561666438626630366462313832
cfc184455d0c4f487197f7d011fea5294cc9e6660209b7ec795afd8bf06db182
12210101210021100220002000110020000000300542605401004260541401850100101725900194101004141001722017611441712203503455b6799f3977a76d777d97775d765b9e57778b600401714620817563814180417015360061038810512151112507261534117600700010009100200290053210301011161045100400382216
61366437663134303238313533633339626330356336313036633131303732333535353262653633626463666164336339343433613432646135386130646161
a6d7f14028153c39bc05c6106c1107235552be63bdcfad3c9443a42da58a0daa
3133303536383032303135303830323039623031323135343634303030343137303530313230393131323036313937323931303066313130323530333435303134343936313530303137323133303134373031323230316138323131303037313530313430363730333032316435373030363737363231323032373336303235323738313130343064313531303131393433313034373731343632303637383131303131373031303038313534373430353464313635313034373730313131313630303030303735313730303031623530343231323933303030303265363030303130353031333037333730303830323537363032303530373130323039333830393130303462333136
38663661393033313063313738643861303266613261336332353032333238323633633131613961613165366432623436663863646562316133666636663334
8f6a90310c178d8a02fa2a3c2502328263c11a9aa1e6d2b46f8cdeb1a3ff6f34
13056802015080209b0121546400041705012091120619729100f1102503450144961500172130147012201a82110071501406703021d570067762120273602527811040d15101194310477146206781101170100815474054d165104770111160000075170001b5042129300002e60001050130737008025760205071020938091004b316
37346232616631633562303035393133373961666138366136633831666335633463333236373637626566376162363636303738373061383233356638303733
74b2af1c5b00591379afa86a6c81fc5c4c326767bef7ab66607870a8235f8073
3132323130313031323130303231313030323230303032303030313130303230303030303030333030353432363035343031303034323630353431343031383530313030313031373235393030313934313031303034313431303031373232303137363131343431373132323033353033343535623637393966333937376137366437373764393737373564373635623965353737373862363030343031373134363230383137353633383134313830343137303135333630303631303338383130353132313531313132353037323631353334313137363030373030303130303039316665366162373966623737336666376362636666643762363537646664366636373933373737
35356133356561653836616464316431396531663165373035613261363865353563343535613930323065626235376164633331343363633739666466646530
55a35eae86add1d19e1f1e705a2a68e55c455a9020ebb57adc3143cc79fdfde0
12210101210021100220002000110020000000300542605401004260541401850100101725900194101004141001722017611441712203503455b6799f3977a76d777d97775d765b9e57778b6004017146208175638141804170153600610388105121511125072615341176007000100091fe6ab79fb773ff7cbcffd7b657dfd6f6793777
38623361366562623663346337393466633863393930313334663362346330346266373231646432633261386563343437666135663164396664316136306539
8b3a6ebb6c4c794fc8c990134f3b4c04bf721dd2c2a8ec447fa5f1d9fd1a60e9
3133303536386632303135303865323039623031363135343634306130343137303562313230393131373036313937323931303066313166323530333435623134343936313730303137323137303134373031333230316138326631303037313566313430363730373032316435376330363737363262323032373336633235323738316630343064313566303131393433643034373731343732303637383162303131373031363038313534373530353464313637313034373730643131313630306630303735313764303031623530363231323933306630303265363036303130353031373037333730303930323537363033303530373130373039333830393730303462333137
64366638646536316666666237353663373865666238393465366461323734393362376134363636383532333235303336326161393934363464643436613937
d6f8de61fffb756c78efb894e6da27493b7a46668523250362aa99464dd46a97
130568f201508e209b016154640a041705b12091170619729100f11f250345b144961700172170147013201a82f100715f1406707021d57c067762b202736c252781f040d15f011943d0477147206781b01170160815475054d167104770d111600f007517d001b506212930f002e60601050170737009025760305071070938097004b317
34313165336134356336353934663532653932626335383066653463303035323030306336333836383435356434626663613636326464613866373531333065
411e3a45c6594f52e92bc580fe4c0052000c63868455d4bfca662dda8f75130e
3132323130313031323130303231313030323230303032303030313130303230303030303030333030353432363035343031303034323630353431343031383530313030313031373235393030313934313031303034313431303031373232303137363131343431373132323033353033343535623637393966333937376137366437373764393737373564373635623965353737373862363030343031373134363230383137353633383134313830343137303135333630303631303339393965353337373764333937356137333766373737373737366664373937356666666439373030323030323930303533323130333031303131313631303435313030343030333832323136
34666662633865316430366436623439646131333233306430323361653063393565623230326439666636343164373730316261626363653465336162656431
4ffbc8e1d06d6b49da13230d023ae0c95eb202d9ff641d7701babcce4e3abed1
12210101210021100220002000110020000000300542605401004260541401850100101725900194101004141001722017611441712203503455b6799f3977a76d777d97775d765b9e57778b60040171462081756381418041701536006103999e53777d3975a737f7777776fd7975fffd9700200290053210301011161045100400382216
63376361303963646362366637653933653166313538623237333339326564353466383438633930613761383233336361636536363830383266336431306231
c7ca09cdcb6f7e93e1f158b273392ed54f848c90a7a8233cace668082f3d10b1
3133303536393032303135303930323039623039323135343634653030343137303530313230393133323036313937373931303066313730323530333437303134343936643530303137323333303134373039323230316138373131303037313530313430363761333032316435373030363737363331323032373337303235323738663130343064313731303131393437313034373731373632303637383731303131373037303038313534373430353464313635313034373766313131313630643030303735313730303031623539343231323933373030303265363530303130353066333037333730663830323537366632303530373164323039333830393130303462333736
62663038303336306464373331313237326339316635306564656433333062393732336432363638376461643634343165323466333035373937373336626663
bf080360dd7311272c91f50eded330b9723d26687dad6441e24f305797736bfc
13056902015090209b09215464e0041705012091320619779100f170250347014496d500172330147092201a871100715014067a3021d5700677631202737025278f1040d17101194710477176206787101170700815474054d16510477f111160d00075170001b5942129370002e65001050f307370f802576f205071d20938091004b376
33643538623530376666393639653634366431303131636336343966386332323865306636646535613939336563343734393437356163313537623233663661
3d58b507ff969e646d1011cc649f8c228e0f6de5a993ec4749475ac157b23f6a
3132323130313031323130303231313030323230303032303030313130303230303030303030333030353432363035343031303034323630353431343031383530313030313031373235393030313934313031303034313431303031373232303137363131343431373132323033353033343535623637393966333937376137366437373764393737373564373635623965353737373862363030343031373134363230383137353633383134313830343137303135333630303631303339393965353337373764333937356137333766373737373737366664373937356666666439376665366162373966623737336666376362636666643762363537646664366636373933373737
64366634616332326565636361653763653361633935363736326436323565636234356465313861656633313863346332343039323732386263636338653063
d6f4ac22eeccae7ce3ac956762d625ecb45de18aef318c4c24092728bccc8e0c
12210101210021100220002000110020000000300542605401004260541401850100101725900194101004141001722017611441712203503455b6799f3977a76d777d97775d765b9e57778b60040171462081756381418041701536006103999e53777d3975a737f7777776fd7975fffd97fe6ab79fb773ff7cbcffd7b657dfd6f6793777
61613937323532373237316663303937393137363165356634383639616234363061623937333832333666396566313334663837663337323065613064666662
aa972527271fc09791761e5f4869ab460ab9738236f9ef134f87f3720ea0dffb
3133303536396632303135303965323039623039363135343634656130343137303562313230393133373036313937373931303066313766323530333437623134343936643730303137323337303134373039333230316138376631303037313566313430363761373032316435376330363737363362323032373337633235323738666630343064313766303131393437643034373731373732303637383762303131373037363038313534373530353464313637313034373766643131313630646630303735313764303031623539363231323933376630303265363536303130353066373037333730663930323537366633303530373164373039333830393730303462333737
38303664323530353636623066323331303766363165653231323564666135356439656436353031356463363632643662303965366164376662303032646139
806d250566b0f23107f61ee2125dfa55d9ed65015dc662d6b09e6ad7fb002da9
130569f201509e209b09615464ea041705b12091370619779100f17f250347b14496d700172370147093201a87f100715f14067a7021d57c067763b202737c25278ff040d17f011947d0477177206787b01170760815475054d16710477fd11160df007517d001b596212937f002e65601050f707370f902576f305071d70938097004b377
39366438653931623438356532393734636338313336356536643564373235643633336439663366663830316537626138626632383566663662353331326337
96d8e91b485e2974cc81365e6d5d725d633d9f3ff801e7ba8bf285ff6b5312c7
3132323130313031323130303231313030323230303032303030313130303230303030303030333030353432363035343031303034323630353431343031383530313030313031373235393030313934313031303034313431303031373232303137363131343431373132323033353033343535623637393966333937376137366437373764393737373564373635623965353737373862373362373735373734373364393737373737393337373966376237333737373737643733643738383130353132313531313132353037323631353334313137363030373030303130303039313030323030323930303533323130333031303131313631303435313030343030333832323136
61393633643736373537343439393966363861306238356136313638656264303661623164623330663637323739383837336134633966396630656465333734
a963d7675744999f68a0b85a6168ebd06ab1db30f672798873a4c9f9f0ede374
12210101210021100220002000110020000000300542605401004260541401850100101725900194101004141001722017611441712203503455b6799f3977a76d777d97775d765b9e57778b73b77577473d97777793779f7b7377777d73d78810512151112507261534117600700010009100200290053210301011161045100400382216
32316532653538373238346263393765613065313963633836333930353338353462343135313361646663383437303266393661343739626330386638366463
21e2e587284bc97ea0e19cc8639053854b41513adfc84702f96a479bc08f86dc
3133303537383032303135333830323039626231323135343637303030343137373530313230393531323036313937323931303066373130323530333435303134343937313530303137333133303134376431323230316139323131303037373530313430363730333032316437373030363737373231323032373736303235323739313130343064333531303131393733313034373737343632303637393131303131376631303038313537373430353464623635313034373730313131313633303030303735373730303031623730343231323937303030303265373030303130353731333037333764303830323537373032303530373330323039333864393130303462373136
35356536666564356630336666363762646464383762333766613536626432643630366333313633633966373561323061373032623264373165613661666166
55e6fed5f03ff67bddd87b37fa56bd2d606c3163c9f75a20a702b2d71ea6afaf
13057802015380209bb121546700041775012095120619729100f7102503450144971500173130147d12201a92110077501406703021d770067772120277602527911040d3510119731047774620679110117f100815774054db65104770111163000075770001b7042129700002e70001057130737d08025770205073020938d91004b716
37373836383066656435646263643636656336396564656665323563326531653837356462346565376431336539306663643330356262393933636461613462
778680fed5dbcd66ec69edefe25c2e1e875db4ee7d13e90fcd305bb993cdaa4b
3132323130313031323130303231313030323230303032303030313130303230303030303030333030353432363035343031303034323630353431343031383530313030313031373235393030313934313031303034313431303031373232303137363131343431373132323033353033343535623637393966333937376137366437373764393737373564373635623965353737373862373362373735373734373364393737373737393337373966376237333737373737643733643738383130353132313531313132353037323631353334313137363030373030303130303039316665366162373966623737336666376362636666643762363537646664366636373933373737
63366430623164343632346165373166323362326332363435623936633065336265393264613766636631343632383130366438326632313265333739353533
c6d0b1d4624ae71f23b2c2645b96c0e3be92da7fcf14628106d82f212e379553
12210101210021100220002000110020000000300542605401004260541401850100101725900194101004141001722017611441712203503455b6799f3977a76d777d97775d765b9e57778b73b77577473d97777793779f7b7377777d73d788105121511125072615341176007000100091fe6ab79fb773ff7cbcffd7b657dfd6f6793777
62363930326362306263363638613733393832346662383064343031623831376138616239316135653663343435383464306335666463383361303231636639
b6902cb0bc668a739824fb80d401b817a8ab91a5e6c44584d0c5fdc83a021cf9
3133303537386632303135333865323039626231363135343637306130343137373562313230393531373036313937323931303066373166323530333435623134343937313730303137333137303134376431333230316139326631303037373566313430363730373032316437376330363737373262323032373736633235323739316630343064333566303131393733643034373737343732303637393162303131376631363038313537373530353464623637313034373730643131313633306630303735373764303031623730363231323937306630303265373036303130353731373037333764303930323537373033303530373330373039333864393730303462373137
62383466323837313162663438623932633038366562626438326130346365656331323030373864613964353330646231343463643833663237613262393131
b84f28711bf48b92c086ebbd82a04ceec120078da9d530db144cd83f27a2b911
130578f201538e209bb16154670a041775b12095170619729100f71f250345b144971700173170147d13201a92f100775f1406707021d77c067772b202776c252791f040d35f011973d0477747206791b0117f160815775054db67104770d111630f007577d001b706212970f002e70601057170737d09025770305073070938d97004b717
61623962323233663036333462383561383036666131353865303939353130303631333632656162626562363463353063623464633535396534343062353666
ab9b223f0634b85a806fa158e099510061362eabbeb64c50cb4dc559e440b56f
3132323130313031323130303231313030323230303032303030313130303230303030303030333030353432363035343031303034323630353431343031383530313030313031373235393030313934313031303034313431303031373232303137363131343431373132323033353033343535623637393966333937376137366437373764393737373564373635623965353737373862373362373735373734373364393737373737393337373966376237333737373737643733643739393965353337373764333937356137333766373737373737366664373937356666666439373030323030323930303533323130333031303131313631303435313030343030333832323136
65613033636439633732613638643436396334343535613163383963653266386437313335306565346633323462656564316233366561623138356532336234
ea03cd9c72a68d469c4455a1c89ce2f8d71350ee4f324beed1b36eab185e23b4
12210101210021100220002000110020000000300542605401004260541401850100101725900194101004141001722017611441712203503455b6799f3977a76d777d97775d765b9e57778b73b77577473d97777793779f7b7377777d73d7999e53777d3975a737f7777776fd7975fffd9700200290053210301011161045100400382216
37306437343237356238376565313966383262636162363931313238646433636239646334363762393164303265613437393933323363346262353465313834
70d74275b87ee19f82bcab691128dd3cb9dc467b91d02ea4799323c4bb54e184
3133303537393032303135333930323039626239323135343637653030343137373530313230393533323036313937373931303066373730323530333437303134343937643530303137333333303134376439323230316139373131303037373530313430363761333032316437373030363737373331323032373737303235323739663130343064333731303131393737313034373737373632303637393731303131376637303038313537373430353464623635313034373766313131313633643030303735373730303031623739343231323937373030303265373530303130353766333037333764663830323537376632303530373364323039333864393130303462373736
38343061636162356461333566663765333864306262306135373830313164343935616637363238653663363661623839303937393434623838376361306462
840acab5da35ff7e38d0bb0a578011d495af7628e6c66ab89097944b887ca0db
13057902015390209bb9215467e0041775012095320619779100f770250347014497d500173330147d92201a971100775014067a3021d7700677731202777025279f1040d3710119771047777620679710117f700815774054db6510477f111163d00075770001b7942129770002e75001057f30737df802577f205073d20938d91004b776
36326265313536313136303564636138653463333834636166336162653961653466666136343337306137663539343763356637366534383961383562313366
62be15611605dca8e4c384caf3abe9ae4ffa64370a7f5947c5f76e489a85b13f
3132323130313031323130303231313030323230303032303030313130303230303030303030333030353432363035343031303034323630353431343031383530313030313031373235393030313934313031303034313431303031373232303137363131343431373132323033353033343535623637393966333937376137366437373764393737373564373635623965353737373862373362373735373734373364393737373737393337373966376237333737373737643733643739393965353337373764333937356137333766373737373737366664373937356666666439376665366162373966623737336666376362636666643762363537646664366636373933373737
34316263613364326135613134343666613964373135396631666632663163646362366561376664623533353035633464333136383534663461633633653839
41bca3d2a5a1446fa9d7159f1ff2f1cdcb6ea7fdb53505c4d316854f4ac63e89
12210101210021100220002000110020000000300542605401004260541401850100101725900194101004141001722017611441712203503455b6799f3977a76d777d97775d765b9e57778b73b77577473d97777793779f7b7377777d73d7999e53777d3975a737f7777776fd7975fffd97fe6ab79fb773ff7cbcffd7b657dfd6f6793777
31333636633238313137626130383664333961623030636364646561313864313262373134656435333633633261636563666261663566383535633639356439
1366c28117ba086d39ab00ccddea18d12b714ed5363c2acecfbaf5f855c695d9
3133303537396632303135333965323039626239363135343637656130343137373562313230393533373036313937373931303066373766323530333437623134343937643730303137333337303134376439333230316139376631303037373566313430363761373032316437376330363737373362323032373737633235323739666630343064333766303131393737643034373737373732303637393762303131376637363038313537373530353464623637313034373766643131313633646630303735373764303031623739363231323937376630303265373536303130353766373037333764663930323537376633303530373364373039333864393730303462373737
36643937613330616439626538633037356234303339353261613037303463376230353837653866363130623866303564396532613332393739313537383535
6d97a30ad9be8c075b403952aa0704c7b0587e8f610b8f05d9e2a32979157855
130579f201539e209bb9615467ea041775b12095370619779100f77f250347b14497d700173370147d93201a97f100775f14067a7021d77c067773b202777c25279ff040d37f011977d0477777206797b0117f760815775054db6710477fd11163df007577d001b796212977f002e75601057f70737df902577f305073d70938d97004b777
65653231326337636662623163346162363230346636313235313437393533646635623733626662393732353036363731616263663463316566313135303732
ee212c7cfbb1c4ab6204f6125147953df5b73bfb972506671abcf4c1ef115072
3132323130313031323130303231313030323230303032303030313130303230303030303030333030353432363035343031303034323630353431343031383530313030313031373235393033353937353762663737373537643562373736643537366637373766373736333333376533353535313434303130333934303036343035363130383032323131323035303830343734343831363030343031373134363230383137353633383134313830343137303135333630303631303338383130353132313531313132353037323631353334313137363030373030303130303039313030323030323930303533323130333031303131313631303435313030343030333832323136
33623231663065366534633734343837386661326335623666633563343936383634353939323164383238346132373337386137393361646333646462623633
3b21f0e6e4c744878fa2c5b6fc5c49686459921d8284a27378a793adc3ddbb63
1221010121002110022000200011002000000030054260540100426054140185010010172590359757bf77757d5b776d576f777f7763337e3555144010394006405610802211205080474481600401714620817563814180417015360061038810512151112507261534117600700010009100200290053210301011161045100400382216
39386433623534653031346333316562393863623065326534366436633661356235393733373733636136656535313330353965393533613163656165666639
98d3b54e014c31eb98cb0e2e46d6c6a5b5973773ca6ee513059e953a1ceaeff9
3133333536383032303535303830323039313031323135373434303030343534303530313237303131323036623137323931306630313130323537333435303134373936313530303734323133303135303031323230373038323131306436313530313435343730333032623035373030363735363231323037363336303235363138313130346430313531303135383433313034373031343632303632383131303166323031303038373134373430353731313635313037323730313131663030303030303735313730303037303530343231363833303030303330363030303133343031333037333730303830323734363032303565343130323039333830393130303531333136
33383035653135646331306139646536623562376636323737393930383132633462313965626534663366653731303136306631643438306538393632636361
3805e15dc10a9de6b5b7f6277990812c4b19ebe4f3fe710160f1d480e8962cca
13356802055080209101215744000454050127011206b172910f01102573450147961500742130150012207082110d6150145470302b057006756212076360256181104d015101584310470146206281101f201008714740571165107270111f0000007517000705042168300003060001340130737008027460205e410209380910051316
35383066663130306230363937633438333166646566666236303534333030323866333861643733363364363438613133663338343330626361323438313665
580ff100b0697c4831fdeffb605430028f38ad7363d648a13f38430bca24816e
3132323130313031323130303231313030323230303032303030313130303230303030303030333030353432363035343031303034323630353431343031383530313030313031373235393033353937353762663737373537643562373736643537366637373766373736333333376533353535313434303130333934303036343035363130383032323131323035303830343734343831363030343031373134363230383137353633383134313830343137303135333630303631303338383130353132313531313132353037323631353334313137363030373030303130303039316665366162373966623737336666376362636666643762363537646664366636373933373737
65666165353735326135633566323765356438333366653864653539643862346261373832653734343230346163383137333138613962346161323439366130
efae5752a5c5f27e5d833fe8de59d8b4ba782e744204ac817318a9b4aa2496a0
1221010121002110022000200011002000000030054260540100426054140185010010172590359757bf77757d5b776d576f777f7763337e35551440103940064056108022112050804744816004017146208175638141804170153600610388105121511125072615341176007000100091fe6ab79fb773ff7cbcffd7b657dfd6f6793777
64303266333437653631643664336131333339366338323132313162626361313230643735383038643137623434376461373863623831623065303135343736
d02f347e61d6d3a13396c821211bbca120d75808d17b447da78cb81b0e015476
3133333536386632303535303865323039313031363135373434306130343534303562313237303131373036623137323931306630313166323537333435623134373936313730303734323137303135303031333230373038326631306436313566313435343730373032623035376330363735363262323037363336633235363138316630346430313566303135383433643034373031343732303632383162303166323031363038373134373530353731313637313037323730643131663030306630303735313764303037303530363231363833306630303330363036303133343031373037333730303930323734363033303565343130373039333830393730303531333137
36363834613966623532646164323032643935376637663634663962653437353233333666643134326162623334633566313237353265303733306135333566
6684a9fb52dad202d957f7f64f9be4752336fd142abb34c5f12752e0730a535f
133568f205508e2091016157440a045405b127011706b172910f011f257345b147961700742170150013207082f10d615f145470702b057c067562b207636c256181f04d015f015843d0470147206281b01f201608714750571167107270d11f000f007517d0070506216830f003060601340170737009027460305e410709380970051317
66336333646365653062356662353136303138313366393138383962636565316435663538663434663331646234373538356233653733366661336531386237
f3c3dcee0b5fb51601813f91889bcee1d5f58f44f31db47585b3e736fa3e18b7
3132323130313031323130303231313030323230303032303030313130303230303030303030333030353432363035343031303034323630353431343031383530313030313031373235393033353937353762663737373537643562373736643537366637373766373736333333376533353535313434303130333934303036343035363130383032323131323035303830343734343831363030343031373134363230383137353633383134313830343137303135333630303631303339393965353337373764333937356137333766373737373737366664373937356666666439373030323030323930303533323130333031303131313631303435313030343030333832323136
63646436653964613439383339316630633162616138343836356436643861653034303530356336613534653633633633346632386336656234363331646635
cdd6e9da498391f0c1baa84865d6d8ae040505c6a54e63c634f28c6eb4631df5
1221010121002110022000200011002000000030054260540100426054140185010010172590359757bf77757d5b776d576f777f7763337e355514401039400640561080221120508047448160040171462081756381418041701536006103999e53777d3975a737f7777776fd7975fffd9700200290053210301011161045100400382216
61353635363439316365613237633761346433383931353937363839373539396464306462343238623165653232346562346565643335303337373930633062
a5656491cea27c7a4d38915976897599dd0db428b1ee224eb4eed35037790c0b
3133333536393032303535303930323039313039323135373434653030343534303530313237303133323036623137373931306630313730323537333437303134373936643530303734323333303135303039323230373038373131306436313530313435343761333032623035373030363735363331323037363337303235363138663130346430313731303135383437313034373031373632303632383731303166323037303038373134373430353731313635313037323766313131663030643030303735313730303037303539343231363833373030303330363530303133343066333037333730663830323734366632303565343164323039333830393130303531333736
32323930666562346361616431356661323730353137373239646362633061346163626562616335636632376361383233373239623835663533383332396635
2290feb4caad15fa270517729dcbc0a4acbebac5cf27ca823729b85f538329f5
13356902055090209109215744e00454050127013206b177910f0170257347014796d500742330150092207087110d615014547a302b05700675631207637025618f104d017101584710470176206287101f20700871474057116510727f111f00d0007517000705942168370003065001340f307370f802746f205e41d209380910051376
30613034313831383839633863356537336630373362393961393632636632613437343163653966316135376433653164373430663539623861616136373161
0a04181889c8c5e73f073b99a962cf2a4741ce9f1a57d3e1d740f59b8aaa671a
3132323130313031323130303231313030323230303032303030313130303230303030303030333030353432363035343031303034323630353431343031383530313030313031373235393033353937353762663737373537643562373736643537366637373766373736333333376533353535313434303130333934303036343035363130383032323131323035303830343734343831363030343031373134363230383137353633383134313830343137303135333630303631303339393965353337373764333937356137333766373737373737366664373937356666666439376665366162373966623737336666376362636666643762363537646664366636373933373737
35333438643663366666343434633231393661363665333434363463633834373137306565326131393137316232313936616261366439343131376234373438
5348d6c6ff444c2196a66e34464cc847170ee2a19171b2196aba6d94117b4748
1221010121002110022000200011002000000030054260540100426054140185010010172590359757bf77757d5b776d576f777f7763337e355514401039400640561080221120508047448160040171462081756381418041701536006103999e53777d3975a737f7777776fd7975fffd97fe6ab79fb773ff7cbcffd7b657dfd6f6793777
38666430613034663762336436373039393064306435643164646432663036376434313130356638623530323939636239636537616261366662633061366462
8fd0a04f7b3d670990d0d5d1ddd2f067d41105f8b50299cb9ce7aba6fbc0a6db
3133333536396632303535303965323039313039363135373434656130343534303562313237303133373036623137373931306630313766323537333437623134373936643730303734323337303135303039333230373038376631306436313566313435343761373032623035376330363735363362323037363337633235363138666630346430313766303135383437643034373031373732303632383762303166323037363038373134373530353731313637313037323766643131663030646630303735313764303037303539363231363833376630303330363536303133343066373037333730663930323734366633303565343164373039333830393730303531333737
63643666363766366464383833643561333765323433373561663963303735363830383461666161363565303630623436373139623535386363353964366134
cd6f67f6dd883d5a37e24375af9c07568084afaa65e060b46719b558cc59d6a4
133569f205509e209109615744ea045405b127013706b177910f017f257347b14796d700742370150093207087f10d615f14547a702b057c067563b207637c25618ff04d017f015847d0470177206287b01f20760871475057116710727fd11f00df007517d0070596216837f003065601340f707370f902746f305e41d709380970051377
34623737343535363435616437343065366232306662396235613565393763326266316439303665336634393432373733663336613039373163326337343531
4b77455645ad740e6b20fb9b5a5e97c2bf1d906e3f4942773f36a0971c2c7451
3132323130313031323130303231313030323230303032303030313130303230303030303030333030353432363035343031303034323630353431343031383530313030313031373235393033353937353762663737373537643562373736643537366637373766373736333333376533353535313434303130333934303036343035363130383032323131323035303830343734343831373362373735373734373364393737373737393337373966376237333737373737643733643738383130353132313531313132353037323631353334313137363030373030303130303039313030323030323930303533323130333031303131313631303435313030343030333832323136
31636433303431373131663937333234323361313434393231636538343662396163326466303966643432383038616261376366353239316664333866313064
1cd3041711f9732423a144921ce846b9ac2df09fd42808aba7cf5291fd38f10d
1221010121002110022000200011002000000030054260540100426054140185010010172590359757bf77757d5b776d576f777f7763337e355514401039400640561080221120508047448173b77577473d97777793779f7b7377777d73d78810512151112507261534117600700010009100200290053210301011161045100400382216
31633934333935653031623064643038663463326139376666333934363833386239646533386431326264306364623864333638363333363563333162386163
1c94395e01b0dd08f4c2a97ff3946838b9de38d12bd0cdb8d36863365c31b8ac
3133333537383032303535333830323039316231323135373437303030343534373530313237303531323036623137323931306630373130323537333435303134373937313530303734333133303135306431323230373039323131306436373530313435343730333032623037373030363735373231323037363736303235363139313130346430333531303135383733313034373037343632303632393131303166326631303038373137373430353731623635313037323730313131663033303030303735373730303037303730343231363837303030303330373030303133343731333037333764303830323734373032303565343330323039333864393130303531373136
39623637336136323439306165323531616535643561316231663663643938313662626363363961633330316266336531323036623236316437663664313831
9b673a62490ae251ae5d5a1b1f6cd9816bbcc69ac301bf3e1206b261d7f6d181
133578020553802091b1215747000454750127051206b172910f07102573450147971500743130150d12207092110d6750145470302b077006757212076760256191104d035101587310470746206291101f2f1008717740571b65107270111f0300007577000707042168700003070001347130737d08027470205e43020938d910051716
62626664356136623233316433383166303436303861633933623932323630386261613461323035366332353064353565386162363239366439646664323330
bbfd5a6b231d381f04608ac93b922608baa4a2056c250d55e8ab6296d9dfd230
3132323130313031323130303231313030323230303032303030313130303230303030303030333030353432363035343031303034323630353431343031383530313030313031373235393033353937353762663737373537643562373736643537366637373766373736333333376533353535313434303130333934303036343035363130383032323131323035303830343734343831373362373735373734373364393737373737393337373966376237333737373737643733643738383130353132313531313132353037323631353334313137363030373030303130303039316665366162373966623737336666376362636666643762363537646664366636373933373737
63326630343561626136383165373539313637356166383638643432643833323665303766363735643332313835633631396333656361393633393764313837
c2f045aba681e7591675af868d42d8326e07f675d32185c619c3eca96397d187
1221010121002110022000200011002000000030054260540100426054140185010010172590359757bf77757d5b776d576f777f7763337e355514401039400640561080221120508047448173b77577473d97777793779f7b7377777d73d788105121511125072615341176007000100091fe6ab79fb773ff7cbcffd7b657dfd6f6793777
30343330373034383737636139656436336265313961366233393038333363653464336539353864303335356364643539633335343838663835356135323130
0430704877ca9ed63be19a6b390833ce4d3e958d0355cdd59c35488f855a5210
3133333537386632303535333865323039316231363135373437306130343534373562313237303531373036623137323931306630373166323537333435623134373937313730303734333137303135306431333230373039326631306436373566313435343730373032623037376330363735373262323037363736633235363139316630346430333566303135383733643034373037343732303632393162303166326631363038373137373530353731623637313037323730643131663033306630303735373764303037303730363231363837306630303330373036303133343731373037333764303930323734373033303565343330373039333864393730303531373137
34323438633936333865306131333462656536343237623335316632393136376435366430363639653233363661623439623262383537376335353538666363
4248c9638e0a134bee6427b351f29167d56d0669e2366ab49b2b8577c5558fcc
133578f205538e2091b16157470a045475b127051706b172910f071f257345b147971700743170150d13207092f10d675f145470702b077c067572b207676c256191f04d035f015873d0470747206291b01f2f1608717750571b67107270d11f030f007577d0070706216870f003070601347170737d09027470305e43070938d970051717
63643630373865613734373834396663666236393565643636356637663061656134363231346462383834366661313931616337656532333831336334653331
cd6078ea747849fcfb695ed665f7f0aea46214db8846fa191ac7ee23813c4e31
3132323130313031323130303231313030323230303032303030313130303230303030303030333030353432363035343031303034323630353431343031383530313030313031373235393033353937353762663737373537643562373736643537366637373766373736333333376533353535313434303130333934303036343035363130383032323131323035303830343734343831373362373735373734373364393737373737393337373966376237333737373737643733643739393965353337373764333937356137333766373737373737366664373937356666666439373030323030323930303533323130333031303131313631303435313030343030333832323136
61396238613535363332303538653232353638613264633835666363373463643561313535323136313261633630323837363264346664363865313232663438
a9b8a55632058e22568a2dc85fcc74cd5a15521612ac6028762d4fd68e122f48
1221010121002110022000200011002000000030054260540100426054140185010010172590359757bf77757d5b776d576f777f7763337e355514401039400640561080221120508047448173b77577473d97777793779f7b7377777d73d7999e53777d3975a737f7777776fd7975fffd9700200290053210301011161045100400382216
37633035663531326561343937313835633235386663363762303439343361363939323034643362376338326165663935653435343839663462623161623434
7c05f512ea497185c258fc67b04943a699204d3b7c82aef95e45489f4bb1ab44
3133333537393032303535333930323039316239323135373437653030343534373530313237303533323036623137373931306630373730323537333437303134373937643530303734333333303135306439323230373039373131306436373530313435343761333032623037373030363735373331323037363737303235363139663130346430333731303135383737313034373037373632303632393731303166326637303038373137373430353731623635313037323766313131663033643030303735373730303037303739343231363837373030303330373530303133343766333037333764663830323734376632303565343364323039333864393130303531373736
39313266333466393235313139353837376335636332356438333034633638303230633532343835353831383162343761366461313635393735663837316239
912f34f9251195877c5cc25d8304c68020c5248558181b47a6da165975f871b9
133579020553902091b9215747e00454750127053206b177910f0770257347014797d500743330150d92207097110d675014547a302b07700675731207677025619f104d037101587710470776206297101f2f7008717740571b6510727f111f03d0007577000707942168770003075001347f30737df802747f205e43d20938d910051776
39316538303363386439613434643063373139616461343439323933353266623366653135663363303663656534363030666430333761653964373362636464
91e803c8d9a44d0c719ada44929352fb3fe15f3c06cee4600fd037ae9d73bcdd
3132323130313031323130303231313030323230303032303030313130303230303030303030333030353432363035343031303034323630353431343031383530313030313031373235393033353937353762663737373537643562373736643537366637373766373736333333376533353535313434303130333934303036343035363130383032323131323035303830343734343831373362373735373734373364393737373737393337373966376237333737373737643733643739393965353337373764333937356137333766373737373737366664373937356666666439376665366162373966623737336666376362636666643762363537646664366636373933373737
63383866366237663332633431353335643333313539363563303738306461396666333637306437396436313364633438316566333138646163313937613263
c88f6b7f32c41535d3315965c0780da9ff3670d79d613dc481ef318dac197a2c
1221010121002110022000200011002000000030054260540100426054140185010010172590359757bf77757d5b776d576f777f7763337e355514401039400640561080221120508047448173b77577473d97777793779f7b7377777d73d7999e53777d3975a737f7777776fd7975fffd97fe6ab79fb773ff7cbcffd7b657dfd6f6793777
63616637316433613262623437353131633036303434326335643139393137356334303838356264353833633439313833633062366532396537313665373263
caf71d3a2bb47511c060442c5d199175c40885bd583c49183c0b6e29e716e72c
3133333537396632303535333965323039316239363135373437656130343534373562313237303533373036623137373931306630373766323537333437623134373937643730303734333337303135306439333230373039376631306436373566313435343761373032623037376330363735373362323037363737633235363139666630346430333766303135383737643034373037373732303632393762303166326637363038373137373530353731623637313037323766643131663033646630303735373764303037303739363231363837376630303330373536303133343766373037333764663930323734376633303565343364373039333864393730303531373737
66663536376134326333363937373239663565633061306165616432343235643531333162613731323330666565323538363865313531333830383936393730
ff567a42c3697729f5ec0a0aead2425d5131ba71230fee25868e151380896970
133579f205539e2091b9615747ea045475b127053706b177910f077f257347b14797d700743370150d93207097f10d675f14547a702b077c067573b207677c25619ff04d037f015877d0470777206297b01f2f7608717750571b6710727fd11f03df007577d0070796216877f003075601347f70737df902747f305e43d70938d970051777
64366331353234373936663535333664376633636139376535323632333636656335613462666433616331336366636430336337663036383531353735373335
d6c1524796f5536d7f3ca97e5262366ec5a4bfd3ac13cfcd03c7f06851575735
3132323130313031323130303231313030323230303032303030313130303230303030303030333030353432363035343031303034323630353431343031383530313030313031373235393033353937353762663737373537643562373736643537366637373766373736333333376533353535623637393966333937376137366437373764393737373564373635623965353737373862363030343031373134363230383137353633383134313830343137303135333630303631303338383130353132313531313132353037323631353334313137363030373030303130303039313030323030323930303533323130333031303131313631303435313030343030333832323136
65363566323438393039383663653265323439363261346361623662366531353332363837613561393630346135373933383464633038646161316336653937
e65f24890986ce2e24962a4cab6b6e1532687a5a9604a579384dc08daa1c6e97
1221010121002110022000200011002000000030054260540100426054140185010010172590359757bf77757d5b776d576f777f7763337e3555b6799f3977a76d777d97775d765b9e57778b600401714620817563814180417015360061038810512151112507261534117600700010009100200290053210301011161045100400382216
37663866666133343639613035346434643063393765666561316439343030343534653862383135656639643666336565373161326538653865383262613062
7f8ffa3469a054d4d0c97efea1d9400454e8b815ef9d6f3ee71a2e8e8e82ba0b
3133333536383032303535303830323039623031323135373634303030343537303530313237393131323036623937323931306666313130323537333435303134373936313530303737323133303135373031323230376138323131306437313530313435363730333032626435373030363737363231323037373336303235363738313130346464313531303135393433313034373731343632303637383131303166373031303038373534373430353764313635313037373730313131663630303030303735313730303037623530343231363933303030303365363030303133353031333037333730303830323737363032303565373130323039333830393130303562333136
31323031353436336534643936373238663037616232343535356533353166366663646464663239643231353235393563386334643236386463653466336262
12015463e4d96728f07ab24555e351f6fcdddf29d2152595c8c4d268dce4f3bb
13356802055080209b01215764000457050127911206b972910ff1102573450147961500772130157012207a82110d7150145670302bd57006776212077360256781104dd15101594310477146206781101f70100875474057d165107770111f60000075170007b5042169300003e60001350130737008027760205e71020938091005b316
38353665396664323230306131303463393532623231353332336137613233666136373737363639313466383733666538633964353431393430313732363133
856e9fd2200a104c952b215323a7a23fa677766914f873fe8c9d541940172613
3132323130313031323130303231313030323230303032303030313130303230303030303030333030353432363035343031303034323630353431343031383530313030313031373235393033353937353762663737373537643562373736643537366637373766373736333333376533353535623637393966333937376137366437373764393737373564373635623965353737373862363030343031373134363230383137353633383134313830343137303135333630303631303338383130353132313531313132353037323631353334313137363030373030303130303039316665366162373966623737336666376362636666643762363537646664366636373933373737
37383364306230356537346361613861376230383964306538643866326363626530306262653238313039333962383634343465653865383465373631663033
783d0b05e74caa8a7b089d0e8d8f2ccbe00bbe2810939b86444ee8e84e761f03
1221010121002110022000200011002000000030054260540100426054140185010010172590359757bf77757d5b776d576f777f7763337e3555b6799f3977a76d777d97775d765b9e57778b6004017146208175638141804170153600610388105121511125072615341176007000100091fe6ab79fb773ff7cbcffd7b657dfd6f6793777
30313931656535646462353536346634633838333162646131633339366139626135636636353537313638376463353464626638666230656230366264396265
0191ee5ddb5564f4c8831bda1c396a9ba5cf65571687dc54dbf8fb0eb06bd9be
3133333536386632303535303865323039623031363135373634306130343537303562313237393131373036623937323931306666313166323537333435623134373936313730303737323137303135373031333230376138326631306437313566313435363730373032626435376330363737363262323037373336633235363738316630346464313566303135393433643034373731343732303637383162303166373031363038373534373530353764313637313037373730643131663630306630303735313764303037623530363231363933306630303365363036303133353031373037333730303930323737363033303565373130373039333830393730303562333137
65636637646432636464653339656333636566323462393330386232353737323731636665363230636230326439313638396666316534383332373636363337
ecf7dd2cdde39ec3cef24b9308b2577271cfe620cb02d91689ff1e4832766637
133568f205508e209b016157640a045705b127911706b972910ff11f257345b147961700772170157013207a82f10d715f145670702bd57c067762b207736c256781f04dd15f015943d0477147206781b01f70160875475057d167107770d11f600f007517d007b506216930f003e60601350170737009027760305e71070938097005b317
39636335383166633736383237356532633935653661313236356664316337306236653938303236333766646134353564666530333439663531353035623938
9cc581fc768275e2c95e6a1265fd1c70b6e9802637fda455dfe0349f51505b98
3132323130313031323130303231313030323230303032303030313130303230303030303030333030353432363035343031303034323630353431343031383530313030313031373235393033353937353762663737373537643562373736643537366637373766373736333333376533353535623637393966333937376137366437373764393737373564373635623965353737373862363030343031373134363230383137353633383134313830343137303135333630303631303339393965353337373764333937356137333766373737373737366664373937356666666439373030323030323930303533323130333031303131313631303435313030343030333832323136
64313538316366616533366664383935333636326133376331386662343134623934363034643434366135656532666334366339646361643933363865643339
d1581cfae36fd8953662a37c18fb414b94604d446a5ee2fc46c9dcad9368ed39
1221010121002110022000200011002000000030054260540100426054140185010010172590359757bf77757d5b776d576f777f7763337e3555b6799f3977a76d777d97775d765b9e57778b60040171462081756381418041701536006103999e53777d3975a737f7777776fd7975fffd9700200290053210301011161045100400382216
30663339376633663539316164373364336137623666393738616163373437356236313861316133623134363136343135613638623131363962646663343334
0f397f3f591ad73d3a7b6f978aac7475b618a1a3b14616415a68b1169bdfc434
3133333536393032303535303930323039623039323135373634653030343537303530313237393133323036623937373931306666313730323537333437303134373936643530303737323333303135373039323230376138373131306437313530313435363761333032626435373030363737363331323037373337303235363738663130346464313731303135393437313034373731373632303637383731303166373037303038373534373430353764313635313037373766313131663630643030303735313730303037623539343231363933373030303365363530303133353066333037333730663830323737366632303565373164323039333830393130303562333736
36306333353332363962316361343135336365306639646166313238396534643265313865333465363234623662373631343931353234633431643164663962
60c353269b1ca4153ce0f9daf1289e4d2e18e34e624b6b761491524c41d1df9b
13356902055090209b09215764e00457050127913206b977910ff170257347014796d500772330157092207a87110d715014567a302bd5700677631207737025678f104dd17101594710477176206787101f70700875474057d16510777f111f60d00075170007b5942169370003e65001350f307370f802776f205e71d20938091005b376
61323432363230643935336161636539633931646231383465303338313263643039336562393835323065376330306465323737306433363563323537386561
a242620d953aace9c91db184e03812cd093eb98520e7c00de2770d365c2578ea
3132323130313031323130303231313030323230303032303030313130303230303030303030333030353432363035343031303034323630353431343031383530313030313031373235393033353937353762663737373537643562373736643537366637373766373736333333376533353535623637393966333937376137366437373764393737373564373635623965353737373862363030343031373134363230383137353633383134313830343137303135333630303631303339393965353337373764333937356137333766373737373737366664373937356666666439376665366162373966623737336666376362636666643762363537646664366636373933373737
33643430616539343432623064613832666233663264383237623334353638393939313464663131643361636261326539366161326664336633653763666432
3d40ae9442b0da82fb3f2d827b3456899914df11d3acba2e96aa2fd3f3e7cfd2
1221010121002110022000200011002000000030054260540100426054140185010010172590359757bf77757d5b776d576f777f7763337e3555b6799f3977a76d777d97775d765b9e57778b60040171462081756381418041701536006103999e53777d3975a737f7777776fd7975fffd97fe6ab79fb773ff7cbcffd7b657dfd6f6793777
66373636653161356630393934623538366335626361643066303930633265633335633732366664373837386532326239666661653234323461616163373561
f766e1a5f0994b586c5bcad0f090c2ec35c726fd7878e22b9ffae2424aaac75a
3133333536396632303535303965323039623039363135373634656130343537303562313237393133373036623937373931306666313766323537333437623134373936643730303737323337303135373039333230376138376631306437313566313435363761373032626435376330363737363362323037373337633235363738666630346464313766303135393437643034373731373732303637383762303166373037363038373534373530353764313637313037373766643131663630646630303735313764303037623539363231363933376630303365363536303133353066373037333730663930323737366633303565373164373039333830393730303562333737
33646666633235316464656265326638353164336366663536356534323035653765613632346333373038643662613039653766353634643634306364333137
3dffc251ddebe2f851d3cff565e4205e7ea624c3708d6ba09e7f564d640cd317
133569f205509e209b09615764ea045705b127913706b977910ff17f257347b14796d700772370157093207a87f10d715f14567a702bd57c067763b207737c25678ff04dd17f015947d0477177206787b01f70760875475057d16710777fd11f60df007517d007b596216937f003e65601350f707370f902776f305e71d70938097005b377
33373266663937663334343036333932653261653964326332643030303661643066613561373262636536363234366565313036346135393633373365373835
372ff97f34406392e2ae9d2c2d0006ad0fa5a72bce66246ee1064a596373e785
3132323130313031323130303231313030323230303032303030313130303230303030303030333030353432363035343031303034323630353431343031383530313030313031373235393033353937353762663737373537643562373736643537366637373766373736333333376533353535623637393966333937376137366437373764393737373564373635623965353737373862373362373735373734373364393737373737393337373966376237333737373737643733643738383130353132313531313132353037323631353334313137363030373030303130303039313030323030323930303533323130333031303131313631303435313030343030333832323136
61626337323137386165633431613432326236313738623036366530663861383165306432643363356230396632376634356136353963633364663936636266
abc72178aec41a422b6178b066e0f8a81e0d2d3c5b09f27f45a659cc3df96cbf
1221010121002110022000200011002000000030054260540100426054140185010010172590359757bf77757d5b776d576f777f7763337e3555b6799f3977a76d777d97775d765b9e57778b73b77577473d97777793779f7b7377777d73d78810512151112507261534117600700010009100200290053210301011161045100400382216
39653732393732646564663934656138643536383730663432613633363664616230346435346130623461636335323533336339383063633832613831386533
9e72972dedf94ea8d56870f42a6366dab04d54a0b4acc52533c980cc82a818e3
3133333537383032303535333830323039626231323135373637303030343537373530313237393531323036623937323931306666373130323537333435303134373937313530303737333133303135376431323230376139323131306437373530313435363730333032626437373030363737373231323037373736303235363739313130346464333531303135393733313034373737343632303637393131303166376631303038373537373430353764623635313037373730313131663633303030303735373730303037623730343231363937303030303365373030303133353731333037333764303830323737373032303565373330323039333864393130303562373136
36383136346330323035363739613332396439643065653739373632643662363837383539386539613062393335666532616332393734323439353438656438
68164c0205679a329d9d0ee79762d6b6878598e9a0b935fe2ac2974249548ed8
13357802055380209bb1215767000457750127951206b972910ff7102573450147971500773130157d12207a92110d7750145670302bd77006777212077760256791104dd35101597310477746206791101f7f100875774057db65107770111f63000075770007b7042169700003e70001357130737d08027770205e73020938d91005b716
39666330623135663763356637343630316563303737623965613732346632663962313430656263623362303766333734376265323132386661626431653032
9fc0b15f7c5f74601ec077b9ea724f2f9b140ebcb3b07f3747be2128fabd1e02
3132323130313031323130303231313030323230303032303030313130303230303030303030333030353432363035343031303034323630353431343031383530313030313031373235393033353937353762663737373537643562373736643537366637373766373736333333376533353535623637393966333937376137366437373764393737373564373635623965353737373862373362373735373734373364393737373737393337373966376237333737373737643733643738383130353132313531313132353037323631353334313137363030373030303130303039316665366162373966623737336666376362636666643762363537646664366636373933373737
31306637353335646330646437323565623231633238393462623865346433653837663235376236373832326132396461353533633330306464363635653938
10f7535dc0dd725eb21c2894bb8e4d3e87f257b67822a29da553c300dd665e98
1221010121002110022000200011002000000030054260540100426054140185010010172590359757bf77757d5b776d576f777f7763337e3555b6799f3977a76d777d97775d765b9e57778b73b77577473d97777793779f7b7377777d73d788105121511125072615341176007000100091fe6ab79fb773ff7cbcffd7b657dfd6f6793777
36313431306636323931653561373532313339646131306465643038333066623462376163666638323730623363353136306238316137626237393735363166
61410f6291e5a752139da10ded0830fb4b7acff8270b3c5160b81a7bb797561f
3133333537386632303535333865323039626231363135373637306130343537373562313237393531373036623937323931306666373166323537333435623134373937313730303737333137303135376431333230376139326631306437373566313435363730373032626437376330363737373262323037373736633235363739316630346464333566303135393733643034373737343732303637393162303166376631363038373537373530353764623637313037373730643131663633306630303735373764303037623730363231363937306630303365373036303133353731373037333764303930323737373033303565373330373039333864393730303562373137
66613139393833663464306135353664613861663034353738356562306137376136626665323131663333383736353634613763303930646365376635363063
fa19983f4d0a556da8af045785eb0a77a6bfe211f33876564a7c090dce7f560c
133578f205538e209bb16157670a045775b127951706b972910ff71f257345b147971700773170157d13207a92f10d775f145670702bd77c067772b207776c256791f04dd35f015973d0477747206791b01f7f160875775057db67107770d11f630f007577d007b706216970f003e70601357170737d09027770305e73070938d97005b717
35646138356562333937313365303432373861376538303966663730316135383564633933393563303030323062623366356464373731343666373730633638
5da85eb39713e04278a7e809ff701a585dc9395c00020bb3f5dd77146f770c68
3132323130313031323130303231313030323230303032303030313130303230303030303030333030353432363035343031303034323630353431343031383530313030313031373235393033353937353762663737373537643562373736643537366637373766373736333333376533353535623637393966333937376137366437373764393737373564373635623965353737373862373362373735373734373364393737373737393337373966376237333737373737643733643739393965353337373764333937356137333766373737373737366664373937356666666439373030323030323930303533323130333031303131313631303435313030343030333832323136
38343465323262313864656133383462346336333030363335666130396433333539386532316665643064363465313334613937333464366461613333373232
844e22b18dea384b4c6300635fa09d33598e21fed0d64e134a9734d6daa33722
1221010121002110022000200011002000000030054260540100426054140185010010172590359757bf77757d5b776d576f777f7763337e3555b6799f3977a76d777d97775d765b9e57778b73b77577473d97777793779f7b7377777d73d7999e53777d3975a737f7777776fd7975fffd9700200290053210301011161045100400382216
65613139393161646666323732613361353034326633623139326131393236396337313264323463383061633734666633303235366533343634333535343834
ea1991adff272a3a5042f3b192a19269c712d24c80ac74ff30256e3464355484
3133333537393032303535333930323039626239323135373637653030343537373530313237393533323036623937373931306666373730323537333437303134373937643530303737333333303135376439323230376139373131306437373530313435363761333032626437373030363737373331323037373737303235363739663130346464333731303135393737313034373737373632303637393731303166376637303038373537373430353764623635313037373766313131663633643030303735373730303037623739343231363937373030303365373530303133353766333037333764663830323737376632303565373364323039333864393130303562373736
37666630663235316231633364656261363030613664633333666431343233393532363266633064356164656435393863373430366535393462323162623839
7ff0f251b1c3deba600a6dc33fd142395262fc0d5aded598c7406e594b21bb89
13357902055390209bb9215767e00457750127953206b977910ff770257347014797d500773330157d92207a97110d775014567a302bd7700677731207777025679f104dd37101597710477776206797101f7f700875774057db6510777f111f63d00075770007b7942169770003e75001357f30737df802777f205e73d20938d91005b776
31353832303964613334666637396230353763323038363437336435613139343663663430353939643161656134613138376236326333393938663934366363
158209da34ff79b057c2086473d5a1946cf40599d1aea4a187b62c3998f946cc
3132323130313031323130303231313030323230303032303030313130303230303030303030333030353432363035343031303034323630353431343031383530313030313031373235393033353937353762663737373537643562373736643537366637373766373736333333376533353535623637393966333937376137366437373764393737373564373635623965353737373862373362373735373734373364393737373737393337373966376237333737373737643733643739393965353337373764333937356137333766373737373737366664373937356666666439376665366162373966623737336666376362636666643762363537646664366636373933373737
34356337363264313563333331313435643661633962373730616636663963613034343638386539366263303763333364326265366337306336396666356566
45c762d15c331145d6ac9b770af6f9ca044688e96bc07c33d2be6c70c69ff5ef
1221010121002110022000200011002000000030054260540100426054140185010010172590359757bf77757d5b776d576f777f7763337e3555b6799f3977a76d777d97775d765b9e57778b73b77577473d97777793779f7b7377777d73d7999e53777d3975a737f7777776fd7975fffd97fe6ab79fb773ff7cbcffd7b657dfd6f6793777
32613862626461643237383839303765326532363237626662643062303932303662626232353430616132623766326266373237313536613464333266353236
2a8bbdad2788907e2e2627bfbd0b09206bbb2540aa2b7f2bf727156a4d32f526
3133333537396632303535333965323039626239363135373637656130343537373562313237393533373036623937373931306666373766323537333437623134373937643730303737333337303135376439333230376139376631306437373566313435363761373032626437376330363737373362323037373737633235363739666630346464333766303135393737643034373737373732303637393762303166376637363038373537373530353764623637313037373766643131663633646630303735373764303037623739363231363937376630303365373536303133353766373037333764663930323737376633303565373364373039333864393730303562373737
66383665633937666136623636626666323466663132643538663331306439356534653561323262376666333765316264663861633334326262646433663933
f86ec97fa6b66bff24ff12d58f310d95e4e5a22b7ff37e1bdf8ac342bbdd3f93
133579f205539e209bb9615767ea045775b127953706b977910ff77f257347b14797d700773370157d93207a97f10d775f14567a702bd77c067773b207777c25679ff04dd37f015977d0477777206797b01f7f760875775057db6710777fd11f63df007577d007b796216977f003e75601357f70737df902777f305e73d70938d97005b777
39313936383336383035343330393938623366366338333337376265333664343366353361366339303162373832396465646139343764383935363938373165
9196836805430998b3f6c83377be36d43f53a6c901b7829deda947d89569871e
3132323130313031323130303231313030323230303032303030313130303230303030303030376166373536373637376239663337333763373737353966393765313962376639373335396630313934313031303034313431303031373232303137363131343431373132323033353033343535313434303130333934303036343035363130383032323131323035303830343734343831363030343031373134363230383137353633383134313830343137303135333630303631303338383130353132313531313132353037323631353334313137363030373030303130303039313030323030323930303533323130333031303131313631303435313030343030333832323136
38306230303764383566343966616333343166356562333337363664363039363033306533396165623138333763323965346334306438393230343261306137
80b007d85f49fac341f5eb33766d6096030e39aeb1837c29e4c40d892042a0a7
122101012100211002200020001100200000007af7567677b9f3737c77759f97e19b7f97359f0194101004141001722017611441712203503455144010394006405610802211205080474481600401714620817563814180417015360061038810512151112507261534117600700010009100200290053210301011161045100400382216
65346535393636366361636230636439383936303032653762396635306237623238646336343761343430316236353132303563356234346535613165336134
e4e59666cacb0cd9896002e7b9f50b7b28dc647a4401b651205c5b44e5a1e3a4
3137303536383032613135303830326639313031323137343434303030353134303530313630303131323037313137323931363030313130323730333435303137343936313530623134323133303934303031323266313038323131333036313530313730343730333033313035373030373735363231326332363336303237323138313130373030313531303731383433313035373031343632393632383131306631323031303039313134373430373431313635316534323730313131313030303030393735313730306231303530343237323833303030663230363030303930343031333037333730303830333534363032303530343130323039333830393130663431333136
63643735633365376533383234356662613531326230663664316361653530383561346235353139656539626130393431323832646437303062613736393935
cd75c3e7e38245fba512b0f6d1cae5085a4b5519ee9ba0941282dd700ba76995
17056802a150802f9101217444000514050160011207117291600110270345017496150b1421309400122f1082113061501704703031057007756212c26360272181107001510718431057014629628110f12010091147407411651e42701111000009751700b1050427283000f20600090401307370080354602050410209380910f41316
36343730653164636663656635636535636238613634396664383032643231333563643164393638373039383765656537636534313739623532353538303566
6470e1dcfcef5ce5cb8a649fd802d2135cd1d96870987eee7ce4179b5255805f
3132323130313031323130303231313030323230303032303030313130303230303030303030376166373536373637376239663337333763373737353966393765313962376639373335396630313934313031303034313431303031373232303137363131343431373132323033353033343535313434303130333934303036343035363130383032323131323035303830343734343831363030343031373134363230383137353633383134313830343137303135333630303631303338383130353132313531313132353037323631353334313137363030373030303130303039316665366162373966623737336666376362636666643762363537646664366636373933373737
31623430346564353230346231623661326539373438643463386665326335353931353330386539663461323732623332373461383539313637306363353065
1b404ed5204b1b6a2e9748d4c8fe2c55915308e9f4a272b3274a8591670cc50e
122101012100211002200020001100200000007af7567677b9f3737c77759f97e19b7f97359f01941010041410017220176114417122035034551440103940064056108022112050804744816004017146208175638141804170153600610388105121511125072615341176007000100091fe6ab79fb773ff7cbcffd7b657dfd6f6793777
62313533316463363938653663613735636135386135363337643364373133343438633531366430376262323061396230326538306632653332636137363039
b1531dc698e6ca75ca58a5637d3d713448c516d07bb20a9b02e80f2e32ca7609
3137303536386632613135303865326639313031363137343434306130353134303562313630303131373037313137323931363030313166323730333435623137343936313730623134323137303934303031333266313038326631333036313566313730343730373033313035376330373735363262326332363336633237323138316630373030313566303731383433643035373031343732393632383162306631323031363039313134373530373431313637316534323730643131313030306630393735313764306231303530363237323833306630663230363036303930343031373037333730303930333534363033303530343130373039333830393730663431333137
65623165666230313262643539383132313162326164356135316236323737366363363835623766383635636537343436333334366439343735663432346564
eb1efb012bd5981211b2ad5a51b62776cc685b7f865ce74463346d9475f424ed
170568f2a1508e2f91016174440a051405b16001170711729160011f270345b17496170b1421709400132f1082f130615f1704707031057c077562b2c2636c272181f070015f071843d0570147296281b0f12016091147507411671e4270d111000f097517d0b10506272830f0f20606090401707370090354603050410709380970f41317
32323936306434613132663332613433373463663664663033393139643135633630333330656363636664616531326566316262363766396237623137366134
22960d4a12f32a4374cf6df03919d15c60330ecccfdae12ef1bb67f9b7b176a4
3132323130313031323130303231313030323230303032303030313130303230303030303030376166373536373637376239663337333763373737353966393765313962376639373335396630313934313031303034313431303031373232303137363131343431373132323033353033343535313434303130333934303036343035363130383032323131323035303830343734343831363030343031373134363230383137353633383134313830343137303135333630303631303339393965353337373764333937356137333766373737373737366664373937356666666439373030323030323930303533323130333031303131313631303435313030343030333832323136
61386432393263303234306462333532323261643966636563356463363364616635626130643030306134386231363462616434633565353962303032306631
a8d292c0240db35222ad9fcec5dc63daf5ba0d000a48b164bad4c5e59b0020f1
122101012100211002200020001100200000007af7567677b9f3737c77759f97e19b7f97359f019410100414100172201761144171220350345514401039400640561080221120508047448160040171462081756381418041701536006103999e53777d3975a737f7777776fd7975fffd9700200290053210301011161045100400382216
32313863333632393937333137346232373866663462646662643531303236633339373735343032663730653532636431663566346136323735393263633339
218c3629973174b278ff4bdfbd51026c39775402f70e52cd1f5f4a627592cc39
3137303536393032613135303930326639313039323137343434653030353134303530313630303133323037313137373931363030313730323730333437303137343936643530623134323333303934303039323266313038373131333036313530313730343761333033313035373030373735363331326332363337303237323138663130373030313731303731383437313035373031373632393632383731306631323037303039313134373430373431313635316534323766313131313030643030393735313730306231303539343237323833373030663230363530303930343066333037333730663830333534366632303530343164323039333830393130663431333736
37306166353665306334336262306331373937663333393565363764316337303431323637663565613432393533633730343764383566666431633631613261
70af56e0c43bb0c1797f3395e67d1c7041267f5ea42953c7047d85ffd1c61a2a
17056902a150902f9109217444e00514050160013207117791600170270347017496d50b1423309400922f10871130615017047a3031057007756312c2637027218f107001710718471057017629628710f12070091147407411651e427f111100d009751700b1059427283700f2065009040f307370f803546f205041d209380910f41376
62323065373761323132313765653939643732636365346162306536323233353062383833316162636262316266306164653633383839633938396230383165
b20e77a21217ee99d72cce4ab0e622350b8831abcbb1bf0ade63889c989b081e
3132323130313031323130303231313030323230303032303030313130303230303030303030376166373536373637376239663337333763373737353966393765313962376639373335396630313934313031303034313431303031373232303137363131343431373132323033353033343535313434303130333934303036343035363130383032323131323035303830343734343831363030343031373134363230383137353633383134313830343137303135333630303631303339393965353337373764333937356137333766373737373737366664373937356666666439376665366162373966623737336666376362636666643762363537646664366636373933373737
65333462363633623665333564626461313634313233373730346565316139356632313932633464396139396131363465626536363139396331306662346336
e34b663b6e35dbda1641237704ee1a95f2192c4d9a99a164ebe66199c10fb4c6
122101012100211002200020001100200000007af7567677b9f3737c77759f97e19b7f97359f019410100414100172201761144171220350345514401039400640561080221120508047448160040171462081756381418041701536006103999e53777d3975a737f7777776fd7975fffd97fe6ab79fb773ff7cbcffd7b657dfd6f6793777
31343633613765623462343938376436393733373032373765663934393733306666666636366439306461356366656636616666346636316566333836613632
1463a7eb4b4987d697370277ef949730ffff66d90da5cfef6aff4f61ef386a62
3137303536396632613135303965326639313039363137343434656130353134303562313630303133373037313137373931363030313766323730333437623137343936643730623134323337303934303039333266313038376631333036313566313730343761373033313035376330373735363362326332363337633237323138666630373030313766303731383437643035373031373732393632383762306631323037363039313134373530373431313637316534323766643131313030646630393735313764306231303539363237323833376630663230363536303930343066373037333730663930333534366633303530343164373039333830393730663431333737
36653939613862373837653434643661636463396661623938333838663135643333646662643838663065306133626437323036366233316237393333313030
6e99a8b787e44d6acdc9fab98388f15d33dfbd88f0e0a3bd72066b31b7933100
170569f2a1509e2f9109617444ea051405b16001370711779160017f270347b17496d70b1423709400932f1087f130615f17047a7031057c077563b2c2637c27218ff070017f071847d0570177296287b0f12076091147507411671e427fd11100df097517d0b10596272837f0f2065609040f707370f903546f305041d709380970f41377
36633837643465336161633764323865633435393732623665366462393461393166343232363436313364306436363730333736396462346634633562316237
6c87d4e3aac7d28ec45972b6e6db94a91f42264613d0d66703769db4f4c5b1b7
3132323130313031323130303231313030323230303032303030313130303230303030303030376166373536373637376239663337333763373737353966393765313962376639373335396630313934313031303034313431303031373232303137363131343431373132323033353033343535313434303130333934303036343035363130383032323131323035303830343734343831373362373735373734373364393737373737393337373966376237333737373737643733643738383130353132313531313132353037323631353334313137363030373030303130303039313030323030323930303533323130333031303131313631303435313030343030333832323136
33303763333466643832346532306463356636343430316238306465666361653735366330613732346330623238343535623737636466316463356464313031
307c34fd824e20dc5f64401b80defcae756c0a724c0b28455b77cdf1dc5dd101
122101012100211002200020001100200000007af7567677b9f3737c77759f97e19b7f97359f019410100414100172201761144171220350345514401039400640561080221120508047448173b77577473d97777793779f7b7377777d73d78810512151112507261534117600700010009100200290053210301011161045100400382216
62653934636264316632376366376435383231653231393231616130376131646232613831363336623532346239353461363266346262633639326536366665
be94cbd1f27cf7d5821e21921aa07a1db2a81636b524b954a62f4bbc692e66fe
3137303537383032613135333830326639316231323137343437303030353134373530313630303531323037313137323931363030373130323730333435303137343937313530623134333133303934306431323266313039323131333036373530313730343730333033313037373030373735373231326332363736303237323139313130373030333531303731383733313035373037343632393632393131306631326631303039313137373430373431623635316534323730313131313033303030393735373730306231303730343237323837303030663230373030303930343731333037333764303830333534373032303530343330323039333864393130663431373136
32386666633330313462323436663561623339343933373835343832613937396138616433386566326165313666353765363666613566613334316132353465
28ffc3014b246f5ab39493785482a979a8ad38ef2ae16f57e66fa5fa341a254e
17057802a153802f91b1217447000514750160051207117291600710270345017497150b143130940d122f1092113067501704703031077007757212c26760272191107003510718731057074629629110f12f1009117740741b651e42701111030009757700b1070427287000f2070009047130737d08035470205043020938d910f41716
37633030633130653131653536313939653837383035636434336166333063646538353535396130353762373332336236653837656365353835373531373931
7c00c10e11e56199e87805cd43af30cde85559a057b7323b6e87ece585751791
3132323130313031323130303231313030323230303032303030313130303230303030303030376166373536373637376239663337333763373737353966393765313962376639373335396630313934313031303034313431303031373232303137363131343431373132323033353033343535313434303130333934303036343035363130383032323131323035303830343734343831373362373735373734373364393737373737393337373966376237333737373737643733643738383130353132313531313132353037323631353334313137363030373030303130303039316665366162373966623737336666376362636666643762363537646664366636373933373737
34333339613465306138643538306631353039303066383438353366346135363464656635343931373263333561656234366666376634383937393633623236
4339a4e0a8d580f150900f84853f4a564def549172c35aeb46ff7f4897963b26
122101012100211002200020001100200000007af7567677b9f3737c77759f97e19b7f97359f019410100414100172201761144171220350345514401039400640561080221120508047448173b77577473d97777793779f7b7377777d73d788105121511125072615341176007000100091fe6ab79fb773ff7cbcffd7b657dfd6f6793777
62393438633336303466363866363835323430633139396639383433393962656133373766373839396561393631303364616531353530353761346135373337
b948c3604f68f685240c199f984399bea377f7899ea96103dae155057a4a5737
3137303537386632613135333865326639316231363137343437306130353134373562313630303531373037313137323931363030373166323730333435623137343937313730623134333137303934306431333266313039326631333036373566313730343730373033313037376330373735373262326332363736633237323139316630373030333566303731383733643035373037343732393632393162306631326631363039313137373530373431623637316534323730643131313033306630393735373764306231303730363237323837306630663230373036303930343731373037333764303930333534373033303530343330373039333864393730663431373137
36373036643166343838656166326137653262353537393138316339356337393639336335363035623537613534353264383730383131316234366237393364
6706d1f488eaf2a7e2b5579181c95c79693c5605b57a5452d8708111b46b793d
170578f2a1538e2f91b16174470a051475b16005170711729160071f270345b17497170b143170940d132f1092f130675f1704707031077c077572b2c2676c272191f070035f071873d0570747296291b0f12f1609117750741b671e4270d111030f097577d0b10706272870f0f2070609047170737d09035470305043070938d970f41717
32383565626639636632333866656636326332643532636661633834636639363161613562396161636634633732393131616666323131313964323033383937
285ebf9cf238fef62c2d52cfac84cf961aa5b9aacf4c72911aff21119d203897
3132323130313031323130303231313030323230303032303030313130303230303030303030376166373536373637376239663337333763373737353966393765313962376639373335396630313934313031303034313431303031373232303137363131343431373132323033353033343535313434303130333934303036343035363130383032323131323035303830343734343831373362373735373734373364393737373737393337373966376237333737373737643733643739393965353337373764333937356137333766373737373737366664373937356666666439373030323030323930303533323130333031303131313631303435313030343030333832323136
38623662366263376532666537363838333663623666336430653130363861653130353637326332303566633639313331303836313665363334366332623135
8b6b6bc7e2fe768836cb6f3d0e1068ae105672c205fc6913108616e6346c2b15
122101012100211002200020001100200000007af7567677b9f3737c77759f97e19b7f97359f019410100414100172201761144171220350345514401039400640561080221120508047448173b77577473d97777793779f7b7377777d73d7999e53777d3975a737f7777776fd7975fffd9700200290053210301011161045100400382216
35326235643631356362353032623939333866366464356264633532356239326134613734383530646464303134666633383562373765623030666231376438
52b5d615cb502b9938f6dd5bdc525b92a4a74850ddd014ff385b77eb00fb17d8
3137303537393032613135333930326639316239323137343437653030353134373530313630303533323037313137373931363030373730323730333437303137343937643530623134333333303934306439323266313039373131333036373530313730343761333033313037373030373735373331326332363737303237323139663130373030333731303731383737313035373037373632393632393731306631326637303039313137373430373431623635316534323766313131313033643030393735373730306231303739343237323837373030663230373530303930343766333037333764663830333534376632303530343364323039333864393130663431373736
34303966323436653166366230346333636537626638373037303261356466613563356466663336373466643035626361343233326430643161376261613930
409f246e1f6b04c3ce7bf870702a5dfa5c5dff3674fd05bca4232d0d1a7baa90
17057902a153902f91b9217447e00514750160053207117791600770270347017497d50b143330940d922f10971130675017047a3031077007757312c2677027219f107003710718771057077629629710f12f7009117740741b651e427f111103d009757700b1079427287700f2075009047f30737df803547f205043d20938d910f41776
30653533313336613137356365393562643239343138333761326635356236386333653964616362633135373761623561376362313761656532396639373565
0e53136a175ce95bd2941837a2f55b68c3e9dacbc1577ab5a7cb17aee29f975e
3132323130313031323130303231313030323230303032303030313130303230303030303030376166373536373637376239663337333763373737353966393765313962376639373335396630313934313031303034313431303031373232303137363131343431373132323033353033343535313434303130333934303036343035363130383032323131323035303830343734343831373362373735373734373364393737373737393337373966376237333737373737643733643739393965353337373764333937356137333766373737373737366664373937356666666439376665366162373966623737336666376362636666643762363537646664366636373933373737
35613237616130366334383062346134333934626262333532656162333338653839316434363834386466393134636665343234653035616463343938613238
5a27aa06c480b4a4394bbb352eab338e891d46848df914cfe424e05adc498a28
122101012100211002200020001100200000007af7567677b9f3737c77759f97e19b7f97359f019410100414100172201761144171220350345514401039400640561080221120508047448173b77577473d97777793779f7b7377777d73d7999e53777d3975a737f7777776fd7975fffd97fe6ab79fb773ff7cbcffd7b657dfd6f6793777
63306666643235336166313166343762613630633634373531336165333163643038663163623461366534646465303136356636636461303265393063336563
c0ffd253af11f47ba60c647513ae31cd08f1cb4a6e4dde0165f6cda02e90c3ec
3137303537396632613135333965326639316239363137343437656130353134373562313630303533373037313137373931363030373766323730333437623137343937643730623134333337303934306439333266313039376631333036373566313730343761373033313037376330373735373362326332363737633237323139666630373030333766303731383737643035373037373732393632393762306631326637363039313137373530373431623637316534323766643131313033646630393735373764306231303739363237323837376630663230373536303930343766373037333764663930333534376633303530343364373039333864393730663431373737
65623133616463316561613762633033316235643530636330356661613231376334326637643330363439643230636130333266316637636436666138616435
eb13adc1eaa7bc031b5d50cc05faa217c42f7d30649d20ca032f1f7cd6fa8ad5
170579f2a1539e2f91b9617447ea051475b16005370711779160077f270347b17497d70b143370940d932f1097f130675f17047a7031077c077573b2c2677c27219ff070037f071877d0570777296297b0f12f7609117750741b671e427fd11103df097577d0b10796272877f0f2075609047f70737df903547f305043d70938d970f41777
66303165343265663130336564643661356130353933313435613561643839353461646363363062303638636665653963336632323534666662633038353135
f01e42ef103edd6a5a0593145a5ad8954adcc60b068cfee9c3f2254ffbc08515
3132323130313031323130303231313030323230303032303030313130303230303030303030376166373536373637376239663337333763373737353966393765313962376639373335396630313934313031303034313431303031373232303137363131343431373132323033353033343535623637393966333937376137366437373764393737373564373635623965353737373862363030343031373134363230383137353633383134313830343137303135333630303631303338383130353132313531313132353037323631353334313137363030373030303130303039313030323030323930303533323130333031303131313631303435313030343030333832323136
32303839366135326465333262633332623534356536663962383030616233323063313131373662356562616631633837636436663962343231636364636561
20896a52de32bc32b545e6f9b800ab320c11176b5ebaf1c87cd6f9b421ccdcea
122101012100211002200020001100200000007af7567677b9f3737c77759f97e19b7f97359f0194101004141001722017611441712203503455b6799f3977a76d777d97775d765b9e57778b600401714620817563814180417015360061038810512151112507261534117600700010009100200290053210301011161045100400382216
34613338396638613132353963366161666165666536366334303065613266376638616161306636376437373764316238366265346263666261663037346663
4a389f8a1259c6aafaefe66c400ea2f7f8aaa0f67d777d1b86be4bcfbaf074fc
3137303536383032613135303830326639623031323137343634303030353137303530313630393131323037313937323931363066313130323730333435303137343936313530623137323133303934373031323266316138323131333037313530313730363730333033316435373030373737363231326332373336303237323738313130373064313531303731393433313035373731343632393637383131306631373031303039313534373430373464313635316534373730313131313630303030393735313730306231623530343237323933303030663265363030303930353031333037333730303830333537363032303530373130323039333830393130663462333136
39393361623664343464373663666334383338346633393632316436646562663632326565396336306339653536643665626532636363643633656666323530
993ab6d44d76cfc48384f39621d6debf622ee9c60c9e56d6ebe2cccd63eff250
17056802a150802f9b0121746400051705016091120719729160f110270345017496150b1721309470122f1a82113071501706703031d57007776212c273602727811070d1510719431057714629678110f170100915474074d1651e47701111600009751700b1b50427293000f2e600090501307370080357602050710209380910f4b316
32356465353063333335396662343765333033336533393761656464663666383266643735313562353438653831623131623433393737333064653631653263
25de50c3359fb47e3033e397aeddf6f82fd7515b548e81b11b4397730de61e2c
3132323130313031323130303231313030323230303032303030313130303230303030303030376166373536373637376239663337333763373737353966393765313962376639373335396630313934313031303034313431303031373232303137363131343431373132323033353033343535623637393966333937376137366437373764393737373564373635623965353737373862363030343031373134363230383137353633383134313830343137303135333630303631303338383130353132313531313132353037323631353334313137363030373030303130303039316665366162373966623737336666376362636666643762363537646664366636373933373737
63326363363838663335353765343733363733646233353534333938386230336166323764393239376162343062326330643238323833306131646135616637
c2cc688f3557e473673db35543988b03af27d9297ab40b2c0d282830a1da5af7
122101012100211002200020001100200000007af7567677b9f3737c77759f97e19b7f97359f0194101004141001722017611441712203503455b6799f3977a76d777d97775d765b9e57778b6004017146208175638141804170153600610388105121511125072615341176007000100091fe6ab79fb773ff7cbcffd7b657dfd6f6793777
62393363643862626562323635303164383062633435393932316564346562643564396663353532373032626136386136396435303861663866373962323364
b93cd8bbeb26501d80bc459921ed4ebd5d9fc552702ba68a69d508af8f79b23d
3137303536386632613135303865326639623031363137343634306130353137303562313630393131373037313937323931363066313166323730333435623137343936313730623137323137303934373031333266316138326631333037313566313730363730373033316435376330373737363262326332373336633237323738316630373064313566303731393433643035373731343732393637383162306631373031363039313534373530373464313637316534373730643131313630306630393735313764306231623530363237323933306630663265363036303930353031373037333730303930333537363033303530373130373039333830393730663462333137
39393738363936343234363964303236653462343932393965323237626566306635623235643437363435663661633733616136303636663162613365383061
997869642469d026e4b49299e227bef0f5b25d47645f6ac73aa6066f1ba3e80a
170568f2a1508e2f9b016174640a051705b16091170719729160f11f270345b17496170b1721709470132f1a82f130715f1706707031d57c077762b2c2736c272781f070d15f071943d0577147296781b0f170160915475074d1671e4770d111600f097517d0b1b506272930f0f2e606090501707370090357603050710709380970f4b317
61326361653465633263326634383437656464323231666237316638333462613138386164333663366131303139653831363739366464636537653930353734
a2cae4ec2c2f4847edd221fb71f834ba188ad36c6a1019e816796ddce7e90574
3132323130313031323130303231313030323230303032303030313130303230303030303030376166373536373637376239663337333763373737353966393765313962376639373335396630313934313031303034313431303031373232303137363131343431373132323033353033343535623637393966333937376137366437373764393737373564373635623965353737373862363030343031373134363230383137353633383134313830343137303135333630303631303339393965353337373764333937356137333766373737373737366664373937356666666439373030323030323930303533323130333031303131313631303435313030343030333832323136
35646266373831356437356366333530623535376438323432663966306163333763393634633030313366626231316439396165373065633265633861376134
5dbf7815d75cf350b557d8242f9f0ac37c964c0013fbb11d99ae70ec2ec8a7a4
122101012100211002200020001100200000007af7567677b9f3737c77759f97e19b7f97359f0194101004141001722017611441712203503455b6799f3977a76d777d97775d765b9e57778b60040171462081756381418041701536006103999e53777d3975a737f7777776fd7975fffd9700200290053210301011161045100400382216
33383266386438656536353366333930303035633933356436643535613232386664373962623362373738636662616533316334323866306138306262613136
382f8d8ee653f390005c935d6d55a228fd79bb3b778cfbae31c428f0a80bba16
3137303536393032613135303930326639623039323137343634653030353137303530313630393133323037313937373931363066313730323730333437303137343936643530623137323333303934373039323266316138373131333037313530313730363761333033316435373030373737363331326332373337303237323738663130373064313731303731393437313035373731373632393637383731306631373037303039313534373430373464313635316534373766313131313630643030393735313730306231623539343237323933373030663265363530303930353066333037333730663830333537366632303530373164323039333830393130663462333736
39313935643865306533346637333133343764333061656261643034653566363165336563393064353634646235366337336538353038346536626665313334
9195d8e0e34f731347d30aebad04e5f61e3ec90d564db56c73e85084e6bfe134
17056902a150902f9b09217464e0051705016091320719779160f170270347017496d50b1723309470922f1a871130715017067a3031d57007776312c2737027278f1070d1710719471057717629678710f170700915474074d1651e477f111160d009751700b1b59427293700f2e65009050f307370f803576f205071d209380910f4b376
62306466303062633436383539623362383963303538623962373439366666653034613234633563376237303762333862653932366261646334303265363166
b0df00bc46859b3b89c058b9b7496ffe04a24c5c7b707b38be926badc402e61f
3132323130313031323130303231313030323230303032303030313130303230303030303030376166373536373637376239663337333763373737353966393765313962376639373335396630313934313031303034313431303031373232303137363131343431373132323033353033343535623637393966333937376137366437373764393737373564373635623965353737373862363030343031373134363230383137353633383134313830343137303135333630303631303339393965353337373764333937356137333766373737373737366664373937356666666439376665366162373966623737336666376362636666643762363537646664366636373933373737
38633433653733656437313232643130643638663736353731336538653734383161353238616236386635343037623565376535636264643764623539613263
8c43e73ed7122d10d68f765713e8e7481a528ab68f5407b5e7e5cbdd7db59a2c
122101012100211002200020001100200000007af7567677b9f3737c77759f97e19b7f97359f0194101004141001722017611441712203503455b6799f3977a76d777d97775d765b9e57778b60040171462081756381418041701536006103999e53777d3975a737f7777776fd7975fffd97fe6ab79fb773ff7cbcffd7b657dfd6f6793777
64353836303733656638303330616662373332366439653531343438616335386462623230326238656462643031646562636237306132356464663635616136
d586073ef8030afb7326d9e51448ac58dbb202b8edbd01debcb70a25ddf65aa6
3137303536396632613135303965326639623039363137343634656130353137303562313630393133373037313937373931363066313766323730333437623137343936643730623137323337303934373039333266316138376631333037313566313730363761373033316435376330373737363362326332373337633237323738666630373064313766303731393437643035373731373732393637383762306631373037363039313534373530373464313637316534373766643131313630646630393735313764306231623539363237323933376630663265363536303930353066373037333730663930333537366633303530373164373039333830393730663462333737
38363836363532363539396366373831323763653234306336306165383633326631653130613132353832336433613864633530336337613639356538396133
86866526599cf78127ce240c60ae8632f1e10a125823d3a8dc503c7a695e89a3
170569f2a1509e2f9b09617464ea051705b16091370719779160f17f270347b17496d70b1723709470932f1a87f130715f17067a7031d57c077763b2c2737c27278ff070d17f071947d0577177296787b0f170760915475074d1671e477fd11160df097517d0b1b596272937f0f2e65609050f707370f903576f305071d709380970f4b377
32366561623233653364353433643461613433303162623762343864613934306335363036653161643262306365613963363530656531386534666365373830
26eab23e3d543d4aa4301bb7b48da940c5606e1ad2b0cea9c650ee18e4fce780
3132323130313031323130303231313030323230303032303030313130303230303030303030376166373536373637376239663337333763373737353966393765313962376639373335396630313934313031303034313431303031373232303137363131343431373132323033353033343535623637393966333937376137366437373764393737373564373635623965353737373862373362373735373734373364393737373737393337373966376237333737373737643733643738383130353132313531313132353037323631353334313137363030373030303130303039313030323030323930303533323130333031303131313631303435313030343030333832323136
34663436633235383363383137666436653864313765663733323166306364303430306666653036646436333438626535643830316437616666633537373938
4f46c2583c817fd6e8d17ef7321f0cd0400ffe06dd6348be5d801d7affc57798
122101012100211002200020001100200000007af7567677b9f3737c77759f97e19b7f97359f0194101004141001722017611441712203503455b6799f3977a76d777d97775d765b9e57778b73b77577473d97777793779f7b7377777d73d78810512151112507261534117600700010009100200290053210301011161045100400382216
62373666353264366330316461303030616633366131636162323661323731323034323633333962643136656137666165636265333838313935316331666537
b76f52d6c01da000af36a1cab26a27120426339bd16ea7faecbe3881951c1fe7
3137303537383032613135333830326639626231323137343637303030353137373530313630393531323037313937323931363066373130323730333435303137343937313530623137333133303934376431323266316139323131333037373530313730363730333033316437373030373737373231326332373736303237323739313130373064333531303731393733313035373737343632393637393131306631376631303039313537373430373464623635316534373730313131313633303030393735373730306231623730343237323937303030663265373030303930353731333037333764303830333537373032303530373330323039333864393130663462373136
63653936313632313963363935303935613137356236383466363931643037393036663230323036393830383061643434316462323964383531366561613033
ce9616219c695095a175b684f691d07906f2020698080ad441db29d8516eaa03
17057802a153802f9bb121746700051775016095120719729160f710270345017497150b173130947d122f1a92113077501706703031d77007777212c277602727911070d3510719731057774629679110f17f100915774074db651e47701111630009757700b1b70427297000f2e70009057130737d08035770205073020938d910f4b716
30373634313637336564343936383164363833303634383164663364343361663361303434303035383364623364353032636432616166663564653038373333
07641673ed49681d68306481df3d43af3a04400583db3d502cd2aaff5de08733
3132323130313031323130303231313030323230303032303030313130303230303030303030376166373536373637376239663337333763373737353966393765313962376639373335396630313934313031303034313431303031373232303137363131343431373132323033353033343535623637393966333937376137366437373764393737373564373635623965353737373862373362373735373734373364393737373737393337373966376237333737373737643733643738383130353132313531313132353037323631353334313137363030373030303130303039316665366162373966623737336666376362636666643762363537646664366636373933373737
34346133326333366262396161346331313239633065313637353132633264356538646466616530313135376661393465343236393634393065356361303030
44a32c36bb9aa4c1129c0e167512c2d5e8ddfae01157fa94e42696490e5ca000
122101012100211002200020001100200000007af7567677b9f3737c77759f97e19b7f97359f0194101004141001722017611441712203503455b6799f3977a76d777d97775d765b9e57778b73b77577473d97777793779f7b7377777d73d788105121511125072615341176007000100091fe6ab79fb773ff7cbcffd7b657dfd6f6793777
39613430373537323936313363363563316430643239313434666161643939326364323935636166663762346631316461346132636334356531313636343936
9a4075729613c65c1d0d29144faad992cd295caff7b4f11da4a2cc45e1166496
3137303537386632613135333865326639626231363137343637306130353137373562313630393531373037313937323931363066373166323730333435623137343937313730623137333137303934376431333266316139326631333037373566313730363730373033316437376330373737373262326332373736633237323739316630373064333566303731393733643035373737343732393637393162306631376631363039313537373530373464623637316534373730643131313633306630393735373764306231623730363237323937306630663265373036303930353731373037333764303930333537373033303530373330373039333864393730663462373137
66663038343132366666353166643132623564356137666366613739616634643431626166653464633538306636616134666630373565323535636331343731
ff084126ff51fd12b5d5a7fcfa79af4d41bafe4dc580f6aa4ff075e255cc1471
170578f2a1538e2f9bb16174670a051775b16095170719729160f71f270345b17497170b173170947d132f1a92f130775f1706707031d77c077772b2c2776c272791f070d35f071973d0577747296791b0f17f160915775074db671e4770d111630f097577d0b1b706272970f0f2e70609057170737d09035770305073070938d970f4b717
37383866643664633062396231666264336237663963383736346366316465646363336463636134373565323631376165393132373130356235633432666666
788fd6dc0b9b1fbd3b7f9c8764cf1dedcc3dcca475e2617ae9127105b5c42fff
3132323130313031323130303231313030323230303032303030313130303230303030303030376166373536373637376239663337333763373737353966393765313962376639373335396630313934313031303034313431303031373232303137363131343431373132323033353033343535623637393966333937376137366437373764393737373564373635623965353737373862373362373735373734373364393737373737393337373966376237333737373737643733643739393965353337373764333937356137333766373737373737366664373937356666666439373030323030323930303533323130333031303131313631303435313030343030333832323136
37633363633038386531336331333430313163626439383065633766383439633134373965393136646539623161383966333431383038663036663236386662
7c3cc088e13c134011cbd980ec7f849c1479e916de9b1a89f341808f06f268fb
122101012100211002200020001100200000007af7567677b9f3737c77759f97e19b7f97359f0194101004141001722017611441712203503455b6799f3977a76d777d97775d765b9e57778b73b77577473d97777793779f7b7377777d73d7999e53777d3975a737f7777776fd7975fffd9700200290053210301011161045100400382216
34303035303461636637626235313864353239666232636139303062333933663664383537643333336464623436336563353937323832376230636132653766
400504acf7bb518d529fb2ca900b393f6d857d333ddb463ec5972827b0ca2e7f
3137303537393032613135333930326639626239323137343637653030353137373530313630393533323037313937373931363066373730323730333437303137343937643530623137333333303934376439323266316139373131333037373530313730363761333033316437373030373737373331326332373737303237323739663130373064333731303731393737313035373737373632393637393731306631376637303039313537373430373464623635316534373766313131313633643030393735373730306231623739343237323937373030663265373530303930353766333037333764663830333537376632303530373364323039333864393130663462373736
33663336396664383834633433656230643033313934353232323665393264323636633762626237373464343363336132366161636637303163363039323265
3f369fd884c43eb0d0319452226e92d266c7bbb774d43c3a26aacf701c60922e
17057902a153902f9bb9217467e0051775016095320719779160f770270347017497d50b173330947d922f1a971130775017067a3031d77007777312c2777027279f1070d3710719771057777629679710f17f700915774074db651e477f111163d009757700b1b79427297700f2e75009057f30737df803577f205073d20938d910f4b776
37616637653761666234373432326233373938623665393165333635306162343333353261303638333163656265363561396338666533343464343261356162
7af7e7afb47422b3798b6e91e3650ab43352a06831cebe65a9c8fe344d42a5ab
3132323130313031323130303231313030323230303032303030313130303230303030303030376166373536373637376239663337333763373737353966393765313962376639373335396630313934313031303034313431303031373232303137363131343431373132323033353033343535623637393966333937376137366437373764393737373564373635623965353737373862373362373735373734373364393737373737393337373966376237333737373737643733643739393965353337373764333937356137333766373737373737366664373937356666666439376665366162373966623737336666376362636666643762363537646664366636373933373737
65623637383061383330626430366363313431343732333534303263303631373738393336633830656638376464373737326361316633383161626331653064
eb6780a830bd06cc14147235402c061778936c80ef87dd7772ca1f381abc1e0d
122101012100211002200020001100200000007af7567677b9f3737c77759f97e19b7f97359f0194101004141001722017611441712203503455b6799f3977a76d777d97775d765b9e57778b73b77577473d97777793779f7b7377777d73d7999e53777d3975a737f7777776fd7975fffd97fe6ab79fb773ff7cbcffd7b657dfd6f6793777
34316332313734623963373634336631653633626265336134386565383966383639633937383564626236363561306637613139326432356536376132656638
41c2174b9c7643f1e63bbe3a48ee89f869c9785dbb665a0f7a192d25e67a2ef8
3137303537396632613135333965326639626239363137343637656130353137373562313630393533373037313937373931363066373766323730333437623137343937643730623137333337303934376439333266316139376631333037373566313730363761373033316437376330373737373362326332373737633237323739666630373064333766303731393737643035373737373732393637393762306631376637363039313537373530373464623637316534373766643131313633646630393735373764306231623739363237323937376630663265373536303930353766373037333764663930333537376633303530373364373039333864393730663462373737
62653136633639626262633262373362653364666531376336663063356231613062366137613838613961306532373266386130386633633864333733396265
be16c69bbbc2b73be3dfe17c6f0c5b1a0b6a7a88a9a0e272f8a08f3c8d3739be
170579f2a1539e2f9bb9617467ea051775b16095370719779160f77f270347b17497d70b173370947d932f1a97f130775f17067a7031d77c077773b2c2777c27279ff070d37f071977d0577777296797b0f17f760915775074db671e477fd11163df097577d0b1b796272977f0f2e75609057f70737df903577f305073d70938d970f4b777
30333737666664353763323861306630346432343166653863636532343030363764366639346234346331366362396330343665326563623364356137633635
0377ffd57c28a0f04d241fe8cce240067d6f94b44c16cb9c046e2ecb3d5a7c65
3132323130313031323130303231313030323230303032303030313130303230303030303030376166373536373637376239663337333763373737353966393765313962376639373335396633353937353762663737373537643562373736643537366637373766373736333333376533353535313434303130333934303036343035363130383032323131323035303830343734343831363030343031373134363230383137353633383134313830343137303135333630303631303338383130353132313531313132353037323631353334313137363030373030303130303039313030323030323930303533323130333031303131313631303435313030343030333832323136
64383863306464376532376332323632366132316662306264323133653531663139613231363261346230666232373332633039303238393361343632356464
d88c0dd7e27c22626a21fb0bd213e51f19a2162a4b0fb2732c0902893a4625dd
122101012100211002200020001100200000007af7567677b9f3737c77759f97e19b7f97359f359757bf77757d5b776d576f777f7763337e3555144010394006405610802211205080474481600401714620817563814180417015360061038810512151112507261534117600700010009100200290053210301011161045100400382216
62396233613562653163626138323737386362373961366130306536323435633736656635663261353564663166323362323764303833373338396433633962
b9b3a5be1cba82778cb79a6a00e6245c76ef5f2a55df1f23b27d0837389d3c9b
3137333536383032613535303830326639313031323137373434303030353534303530313637303131323037623137323931366630313130323737333435303137373936313530623734323133303935303031323266373038323131336436313530313735343730333033623035373030373735363231326337363336303237363138313130376430313531303735383433313035373031343632393632383131306666323031303039373134373430373731313635316537323730313131663030303030393735313730306237303530343237363833303030663330363030303933343031333037333730303830333734363032303565343130323039333830393130663531333136
32333533316438663639623530336635323063323736363832336631366231623162313563343132386236393936353731343336353132383464313238633430
23531d8f69b503f520c2766823f16b1b1b15c4128b699657143651284d128c40
17356802a550802f9101217744000554050167011207b172916f0110277345017796150b7421309500122f7082113d6150175470303b057007756212c76360276181107d01510758431057014629628110ff2010097147407711651e7270111f000009751700b7050427683000f3060009340130737008037460205e410209380910f51316
32356566326631373063343831666234623633356365323539663462663330356537363837656264613033636537663663623034623637633435623162653832
25ef2f170c481fb4b635ce259f4bf305e7687ebda03ce7f6cb04b67c45b1be82
3132323130313031323130303231313030323230303032303030313130303230303030303030376166373536373637376239663337333763373737353966393765313962376639373335396633353937353762663737373537643562373736643537366637373766373736333333376533353535313434303130333934303036343035363130383032323131323035303830343734343831363030343031373134363230383137353633383134313830343137303135333630303631303338383130353132313531313132353037323631353334313137363030373030303130303039316665366162373966623737336666376362636666643762363537646664366636373933373737
36633563363934616130353336383663353161626563363736303266343565623936643765323937613931393733396466623361656235386434323836636139
6c5c694aa053686c51abec67602f45eb96d7e297a919739dfb3aeb58d4286ca9
122101012100211002200020001100200000007af7567677b9f3737c77759f97e19b7f97359f359757bf77757d5b776d576f777f7763337e35551440103940064056108022112050804744816004017146208175638141804170153600610388105121511125072615341176007000100091fe6ab79fb773ff7cbcffd7b657dfd6f6793777
30313136626430383235666362393231623534323266393835383864303166633562643762633233646534383966636561313034376634353637393566653838
0116bd0825fcb921b5422f98588d01fc5bd7bc23de489fcea1047f456795fe88
3137333536386632613535303865326639313031363137373434306130353534303562313637303131373037623137323931366630313166323737333435623137373936313730623734323137303935303031333266373038326631336436313566313735343730373033623035376330373735363262326337363336633237363138316630376430313566303735383433643035373031343732393632383162306666323031363039373134373530373731313637316537323730643131663030306630393735313764306237303530363237363833306630663330363036303933343031373037333730303930333734363033303565343130373039333830393730663531333137
63396231613866383734363666383036396165613366383361386135386539303737313239653266366339366138643661303463633565656531356661383539
c9b1a8f87466f8069aea3f83a8a58e9077129e2f6c96a8d6a04cc5eee15fa859
173568f2a5508e2f91016177440a055405b167011707b172916f011f277345b17796170b7421709500132f7082f13d615f175470703b057c077562b2c7636c276181f07d015f075843d0570147296281b0ff2016097147507711671e7270d11f000f097517d0b70506276830f0f3060609340170737009037460305e410709380970f51317
37643361353637376632393466653835383361373861366532303432346434333435643432336361376539313239636534653261666537393331623465666636
7d3a5677f294fe8583a78a6e20424d4345d423ca7e9129ce4e2afe7931b4eff6
3132323130313031323130303231313030323230303032303030313130303230303030303030376166373536373637376239663337333763373737353966393765313962376639373335396633353937353762663737373537643562373736643537366637373766373736333333376533353535313434303130333934303036343035363130383032323131323035303830343734343831363030343031373134363230383137353633383134313830343137303135333630303631303339393965353337373764333937356137333766373737373737366664373937356666666439373030323030323930303533323130333031303131313631303435313030343030333832323136
36316136343937326363613931653337373161636362316139633437666239333037333238356433656236383739333264333938613965393362313265623438
61a64972cca91e3771accb1a9c47fb93073285d3eb687932d398a9e93b12eb48
122101012100211002200020001100200000007af7567677b9f3737c77759f97e19b7f97359f359757bf77757d5b776d576f777f7763337e355514401039400640561080221120508047448160040171462081756381418041701536006103999e53777d3975a737f7777776fd7975fffd9700200290053210301011161045100400382216
61343136643034393432333130356437383135653539306633636337393931313862633633623236366566386463363734373638343165643062343734636361
a416d049423105d7815e590f3cc799118bc63b266ef8dc67476841ed0b474cca
3137333536393032613535303930326639313039323137373434653030353534303530313637303133323037623137373931366630313730323737333437303137373936643530623734323333303935303039323266373038373131336436313530313735343761333033623035373030373735363331326337363337303237363138663130376430313731303735383437313035373031373632393632383731306666323037303039373134373430373731313635316537323766313131663030643030393735313730306237303539343237363833373030663330363530303933343066333037333730663830333734366632303565343164323039333830393130663531333736
66373664623165623535366136636538366434623638353162373635363537373032306261616564303665303131373531333039353565313563663535316438
f76db1eb556a6ce86d4b6851b7656577020baaed06e01175130955e15cf551d8
17356902a550902f9109217744e00554050167013207b177916f0170277347017796d50b7423309500922f7087113d615017547a303b057007756312c7637027618f107d01710758471057017629628710ff2070097147407711651e727f111f00d009751700b7059427683700f3065009340f307370f803746f205e41d209380910f51376
31316437366331363133303038623133613766353236663930346661323532336264613462386338373361363166313136356137393334343262333266396262
11d76c1613008b13a7f526f904fa2523bda4b8c873a61f1165a793442b32f9bb
3132323130313031323130303231313030323230303032303030313130303230303030303030376166373536373637376239663337333763373737353966393765313962376639373335396633353937353762663737373537643562373736643537366637373766373736333333376533353535313434303130333934303036343035363130383032323131323035303830343734343831363030343031373134363230383137353633383134313830343137303135333630303631303339393965353337373764333937356137333766373737373737366664373937356666666439376665366162373966623737336666376362636666643762363537646664366636373933373737
32633135633661376638656165396336383333363034336339623036656237303434623431626134373838373665323733393538626534666163343636306534
2c15c6a7f8eae9c68336043c9b06eb7044b41ba478876e273958be4fac4660e4
122101012100211002200020001100200000007af7567677b9f3737c77759f97e19b7f97359f359757bf77757d5b776d576f777f7763337e355514401039400640561080221120508047448160040171462081756381418041701536006103999e53777d3975a737f7777776fd7975fffd97fe6ab79fb773ff7cbcffd7b657dfd6f6793777
38646563643732626234356531663133613362666134353735646432363532343032316132646535303736666162643431666631353930373866316238316430
8decd72bb45e1f13a3bfa4575dd26524021a2de5076fabd41ff159078f1b81d0
3137333536396632613535303965326639313039363137373434656130353534303562313637303133373037623137373931366630313766323737333437623137373936643730623734323337303935303039333266373038376631336436313566313735343761373033623035376330373735363362326337363337633237363138666630376430313766303735383437643035373031373732393632383762306666323037363039373134373530373731313637316537323766643131663030646630393735313764306237303539363237363833376630663330363536303933343066373037333730663930333734366633303565343164373039333830393730663531333737
35323165316633663462613436643231356366633332303235623334313933623335666132343531313537303039316536386134393630643832336164613564
521e1f3f4ba46d215cfc32025b34193b35fa24511570091e68a4960d823ada5d
173569f2a5509e2f9109617744ea055405b167013707b177916f017f277347b17796d70b7423709500932f7087f13d615f17547a703b057c077563b2c7637c27618ff07d017f075847d0570177296287b0ff2076097147507711671e727fd11f00df097517d0b70596276837f0f3065609340f707370f903746f305e41d709380970f51377
35303565633734303061343162303966356461656235393239386264616132626265643964313739373935616137623461336135613931333730303964616634
505ec7400a41b09f5daeb59298bdaa2bbed9d179795aa7b4a3a5a9137009daf4
3132323130313031323130303231313030323230303032303030313130303230303030303030376166373536373637376239663337333763373737353966393765313962376639373335396633353937353762663737373537643562373736643537366637373766373736333333376533353535313434303130333934303036343035363130383032323131323035303830343734343831373362373735373734373364393737373737393337373966376237333737373737643733643738383130353132313531313132353037323631353334313137363030373030303130303039313030323030323930303533323130333031303131313631303435313030343030333832323136
34326161623663653162653438363333363234323166623564316566346365346462383361316433396134373135363232616330383333663539303661613839
42aab6ce1be4863362421fb5d1ef4ce4db83a1d39a4715622ac0833f5906aa89
122101012100211002200020001100200000007af7567677b9f3737c77759f97e19b7f97359f359757bf77757d5b776d576f777f7763337e355514401039400640561080221120508047448173b77577473d97777793779f7b7377777d73d78810512151112507261534117600700010009100200290053210301011161045100400382216
31346462643737353162376631313965626664386639643364613063326136393830613139353261383733343661313336346463313735616134363263623333
14dbd7751b7f119ebfd8f9d3da0c2a6980a1952a87346a1364dc175aa462cb33
3137333537383032613535333830326639316231323137373437303030353534373530313637303531323037623137323931366630373130323737333435303137373937313530623734333133303935306431323266373039323131336436373530313735343730333033623037373030373735373231326337363736303237363139313130376430333531303735383733313035373037343632393632393131306666326631303039373137373430373731623635316537323730313131663033303030393735373730306237303730343237363837303030663330373030303933343731333037333764303830333734373032303565343330323039333864393130663531373136
62353331643634383338356164323033646137323834613461373966646261383839373335623461653135393163373763326463616637303637356339383064
b531d648385ad203da7284a4a79fdba889735b4ae1591c77c2dcaf70675c980d
17357802a553802f91b1217747000554750167051207b172916f0710277345017797150b743130950d122f7092113d6750175470303b077007757212c76760276191107d03510758731057074629629110ff2f1009717740771b651e7270111f030009757700b7070427687000f3070009347130737d08037470205e43020938d910f51716
35633332616132353063636435373763636332633262636632366461396632303764346332333030313339303863663435383632376333386534353032336633
5c32aa250ccd577ccc2c2bcf26da9f207d4c230013908cf458627c38e45023f3
3132323130313031323130303231313030323230303032303030313130303230303030303030376166373536373637376239663337333763373737353966393765313962376639373335396633353937353762663737373537643562373736643537366637373766373736333333376533353535313434303130333934303036343035363130383032323131323035303830343734343831373362373735373734373364393737373737393337373966376237333737373737643733643738383130353132313531313132353037323631353334313137363030373030303130303039316665366162373966623737336666376362636666643762363537646664366636373933373737
32313835393037323863313537633934363965636638393631626261346662636233656238393637366637633934373262376665613265633932303137373161
218590728c157c9469ecf8961bba4fbcb3eb89676f7c9472b7fea2ec9201771a
122101012100211002200020001100200000007af7567677b9f3737c77759f97e19b7f97359f359757bf77757d5b776d576f777f7763337e355514401039400640561080221120508047448173b77577473d97777793779f7b7377777d73d788105121511125072615341176007000100091fe6ab79fb773ff7cbcffd7b657dfd6f6793777
38383639646238316234363665313733643139623030633065386466633333353635353639393661323161303464353635323138643432356135373134343463
8869db81b466e173d19b00c0e8dfc3356556996a21a04d565218d425a571444c
3137333537386632613535333865326639316231363137373437306130353534373562313637303531373037623137323931366630373166323737333435623137373937313730623734333137303935306431333266373039326631336436373566313735343730373033623037376330373735373262326337363736633237363139316630376430333566303735383733643035373037343732393632393162306666326631363039373137373530373731623637316537323730643131663033306630393735373764306237303730363237363837306630663330373036303933343731373037333764303930333734373033303565343330373039333864393730663531373137
30386366633064336462396230636262393361363361663263626664316166353466386662323930663161363262356465643931653532356362663835373134
08cfc0d3db9b0cbb93a63af2cbfd1af54f8fb290f1a62b5ded91e525cbf85714
173578f2a5538e2f91b16177470a055475b167051707b172916f071f277345b17797170b743170950d132f7092f13d675f175470703b077c077572b2c7676c276191f07d035f075873d0570747296291b0ff2f1609717750771b671e7270d11f030f097577d0b70706276870f0f3070609347170737d09037470305e43070938d970f51717
64326637343566353037376430643235303238313131646466643837373062326138316631626363326235376165623036323531656465356238303038636463
d2f745f5077d0d25028111ddfd8770b2a81f1bcc2b57aeb06251ede5b8008cdc
3132323130313031323130303231313030323230303032303030313130303230303030303030376166373536373637376239663337333763373737353966393765313962376639373335396633353937353762663737373537643562373736643537366637373766373736333333376533353535313434303130333934303036343035363130383032323131323035303830343734343831373362373735373734373364393737373737393337373966376237333737373737643733643739393965353337373764333937356137333766373737373737366664373937356666666439373030323030323930303533323130333031303131313631303435313030343030333832323136
62306462393865633736653965663230616633386632616362633334303438613135393136396633336463363735353933646439646662613865646463616430
b0db98ec76e9ef20af38f2acbc34048a159169f33dc675593dd9dfba8eddcad0
122101012100211002200020001100200000007af7567677b9f3737c77759f97e19b7f97359f359757bf77757d5b776d576f777f7763337e355514401039400640561080221120508047448173b77577473d97777793779f7b7377777d73d7999e53777d3975a737f7777776fd7975fffd9700200290053210301011161045100400382216
34303863326230383463346132363931643137323763303932383964386639303263633866313232623834393935613066383066653338633734636231653461
408c2b084c4a2691d1727c09289d8f902cc8f122b84995a0f80fe38c74cb1e4a
3137333537393032613535333930326639316239323137373437653030353534373530313637303533323037623137373931366630373730323737333437303137373937643530623734333333303935306439323266373039373131336436373530313735343761333033623037373030373735373331326337363737303237363139663130376430333731303735383737313035373037373632393632393731306666326637303039373137373430373731623635316537323766313131663033643030393735373730306237303739343237363837373030663330373530303933343766333037333764663830333734376632303565343364323039333864393130663531373736
66376631616336343731653165653565643463376330633063633438313561653864326234376566653336393131343735616364303837613463373632356362
f7f1ac6471e1ee5ed4c7c0c0cc4815ae8d2b47efe36911475acd087a4c7625cb
17357902a553902f91b9217747e00554750167053207b177916f0770277347017797d50b743330950d922f7097113d675017547a303b077007757312c7677027619f107d03710758771057077629629710ff2f7009717740771b651e727f111f03d009757700b7079427687700f3075009347f30737df803747f205e43d20938d910f51776
39656137646235623232336533353231633761663861636232353463626361326638313633653734383832326366653063646162303764343564346537666232
9ea7db5b223e3521c7af8acb254cbca2f8163e748822cfe0cdab07d45d4e7fb2
3132323130313031323130303231313030323230303032303030313130303230303030303030376166373536373637376239663337333763373737353966393765313962376639373335396633353937353762663737373537643562373736643537366637373766373736333333376533353535313434303130333934303036343035363130383032323131323035303830343734343831373362373735373734373364393737373737393337373966376237333737373737643733643739393965353337373764333937356137333766373737373737366664373937356666666439376665366162373966623737336666376362636666643762363537646664366636373933373737
63313934616265653261363537643935383565653963376433633362373135316264643032323330343732623831343935303537626266663035613061643561
c194abee2a657d9585ee9c7d3c3b7151bdd02230472b81495057bbff05a0ad5a
122101012100211002200020001100200000007af7567677b9f3737c77759f97e19b7f97359f359757bf77757d5b776d576f777f7763337e355514401039400640561080221120508047448173b77577473d97777793779f7b7377777d73d7999e53777d3975a737f7777776fd7975fffd97fe6ab79fb773ff7cbcffd7b657dfd6f6793777
37383066373863623938383336393964383639393932326663653433383534656466393232623638613632366135626233663230383866626464383133626634
780f78cb9883699d8699922fce43854edf922b68a626a5bb3f2088fbdd813bf4
3137333537396632613535333965326639316239363137373437656130353534373562313637303533373037623137373931366630373766323737333437623137373937643730623734333337303935306439333266373039376631336436373566313735343761373033623037376330373735373362326337363737633237363139666630376430333766303735383737643035373037373732393632393762306666326637363039373137373530373731623637316537323766643131663033646630393735373764306237303739363237363837376630663330373536303933343766373037333764663930333734376633303565343364373039333864393730663531373737
65646466653263353035323637633636356431663533386162656566366533663861646331343663626638333066333531346538623134383234373133383735
eddfe2c505267c665d1f538abeef6e3f8adc146cbf830f3514e8b14824713875
173579f2a5539e2f91b9617747ea055475b167053707b177916f077f277347b17797d70b743370950d932f7097f13d675f17547a703b077c077573b2c7677c27619ff07d037f075877d0570777296297b0ff2f7609717750771b671e727fd11f03df097577d0b70796276877f0f3075609347f70737df903747f305e43d70938d970f51777
31646531626633333338666562656266613463643334333033353332656661343331663165633266336263633235623565613462623437363330366337356631
1de1bf3338febebfa4cd34303532efa431f1ec2f3bcc25b5ea4bb476306c75f1
3132323130313031323130303231313030323230303032303030313130303230303030303030376166373536373637376239663337333763373737353966393765313962376639373335396633353937353762663737373537643562373736643537366637373766373736333333376533353535623637393966333937376137366437373764393737373564373635623965353737373862363030343031373134363230383137353633383134313830343137303135333630303631303338383130353132313531313132353037323631353334313137363030373030303130303039313030323030323930303533323130333031303131313631303435313030343030333832323136
34656134663562353039343865653132663064366463373163366439383236653332333238393235303062633364343464396263303737653030666265636536
4ea4f5b50948ee12f0d6dc71c6d9826e3232892500bc3d44d9bc077e00fbece6
122101012100211002200020001100200000007af7567677b9f3737c77759f97e19b7f97359f359757bf77757d5b776d576f777f7763337e3555b6799f3977a76d777d97775d765b9e57778b600401714620817563814180417015360061038810512151112507261534117600700010009100200290053210301011161045100400382216
66653662366634613434366431356565376238356435643666623738396265343430346262393436373538363764643638386364656339383661646331613131
fe6b6f4a446d15ee7b85d5d6fb789be4404bb94675867dd688cdec986adc1a11
3137333536383032613535303830326639623031323137373634303030353537303530313637393131323037623937323931366666313130323737333435303137373936313530623737323133303935373031323266376138323131336437313530313735363730333033626435373030373737363231326337373336303237363738313130376464313531303735393433313035373731343632393637383131306666373031303039373534373430373764313635316537373730313131663630303030393735313730306237623530343237363933303030663365363030303933353031333037333730303830333737363032303565373130323039333830393130663562333136
61366263316632343063323564613937343930333436383533363664643262316361313137343234316562353265653262376161306132356136666636663665
a6bc1f240c25da9749034685366dd2b1ca1174241eb52ee2b7aa0a25a6ff6f6e
17356802a550802f9b01217764000557050167911207b972916ff110277345017796150b7721309570122f7a82113d7150175670303bd57007776212c77360276781107dd1510759431057714629678110ff70100975474077d1651e7770111f600009751700b7b50427693000f3e60009350130737008037760205e710209380910f5b316
35393430633261363066373239653836666464626233623161653133333231393065366330373364623031306638353339393439626433663964613930373939
5940c2a60f729e86fddbb3b1ae1332190e6c073db010f8539949bd3f9da90799
3132323130313031323130303231313030323230303032303030313130303230303030303030376166373536373637376239663337333763373737353966393765313962376639373335396633353937353762663737373537643562373736643537366637373766373736333333376533353535623637393966333937376137366437373764393737373564373635623965353737373862363030343031373134363230383137353633383134313830343137303135333630303631303338383130353132313531313132353037323631353334313137363030373030303130303039316665366162373966623737336666376362636666643762363537646664366636373933373737
35646661366661323661303236323366613733376134323738343362353539633662373761616234613233646231393864363735363734613161336135393263
5dfa6fa26a02623fa737a427843b559c6b77aab4a23db198d675674a1a3a592c
122101012100211002200020001100200000007af7567677b9f3737c77759f97e19b7f97359f359757bf77757d5b776d576f777f7763337e3555b6799f3977a76d777d97775d765b9e57778b6004017146208175638141804170153600610388105121511125072615341176007000100091fe6ab79fb773ff7cbcffd7b657dfd6f6793777
39376532346162643264343834353439323930313135383430323165313362633863323563356632613232373063326331666434343962393562666563333130
97e24abd2d48454929011584021e13bc8c25c5f2a2270c2c1fd449b95bfec310
3137333536386632613535303865326639623031363137373634306130353537303562313637393131373037623937323931366666313166323737333435623137373936313730623737323137303935373031333266376138326631336437313566313735363730373033626435376330373737363262326337373336633237363738316630376464313566303735393433643035373731343732393637383162306666373031363039373534373530373764313637316537373730643131663630306630393735313764306237623530363237363933306630663365363036303933353031373037333730303930333737363033303565373130373039333830393730663562333137
62323437393363366336643132663862313965626565353934303531343566343935666437343938336333623839353234316532396131353064313664366535
b24793c6c6d12f8b19ebee59405145f495fd74983c3b895241e29a150d16d6e5
173568f2a5508e2f9b016177640a055705b167911707b972916ff11f277345b17796170b7721709570132f7a82f13d715f175670703bd57c077762b2c7736c276781f07dd15f075943d0577147296781b0ff70160975475077d1671e7770d11f600f097517d0b7b506276930f0f3e60609350170737009037760305e710709380970f5b317
31313235363332393566313762303032303330333531303937376338353432353737396638366633663733383233616432316330356532643463373232353432
112563295f17b0020303510977c85425779f86f3f73823ad21c05e2d4c722542
3132323130313031323130303231313030323230303032303030313130303230303030303030376166373536373637376239663337333763373737353966393765313962376639373335396633353937353762663737373537643562373736643537366637373766373736333333376533353535623637393966333937376137366437373764393737373564373635623965353737373862363030343031373134363230383137353633383134313830343137303135333630303631303339393965353337373764333937356137333766373737373737366664373937356666666439373030323030323930303533323130333031303131313631303435313030343030333832323136
38643765643238336464326632356363323433373137323635363431316334396630383931633331326364356161353666633539313539336535313864343164
8d7ed283dd2f25cc2437172656411c49f0891c312cd5aa56fc591593e518d41d
122101012100211002200020001100200000007af7567677b9f3737c77759f97e19b7f97359f359757bf77757d5b776d576f777f7763337e3555b6799f3977a76d777d97775d765b9e57778b60040171462081756381418041701536006103999e53777d3975a737f7777776fd7975fffd9700200290053210301011161045100400382216
38663237653235616332313332353062613239326233643733633834303761653336363163333733383334636665316138303564306366653430336533623833
8f27e25ac213250ba292b3d73c8407ae3661c373834cfe1a805d0cfe403e3b83
3137333536393032613535303930326639623039323137373634653030353537303530313637393133323037623937373931366666313730323737333437303137373936643530623737323333303935373039323266376138373131336437313530313735363761333033626435373030373737363331326337373337303237363738663130376464313731303735393437313035373731373632393637383731306666373037303039373534373430373764313635316537373766313131663630643030393735313730306237623539343237363933373030663365363530303933353066333037333730663830333737366632303565373164323039333830393130663562333736
36303964643037343164656339616533376264646636656161353236633539383438383366653133356162353763306634306566643337623638383165616237
609dd0741dec9ae37bddf6eaa526c5984883fe135ab57c0f40efd37b6881eab7
17356902a550902f9b09217764e00557050167913207b977916ff170277347017796d50b7723309570922f7a87113d715017567a303bd57007776312c7737027678f107dd1710759471057717629678710ff70700975474077d1651e777f111f60d009751700b7b59427693700f3e65009350f307370f803776f205e71d209380910f5b376
33366137613538323838366531613638666362353532613962613333626536316565323365373430613263376662366561303964323330653533343437386661
36a7a582886e1a68fcb552a9ba33be61ee23e740a2c7fb6ea09d230e534478fa
3132323130313031323130303231313030323230303032303030313130303230303030303030376166373536373637376239663337333763373737353966393765313962376639373335396633353937353762663737373537643562373736643537366637373766373736333333376533353535623637393966333937376137366437373764393737373564373635623965353737373862363030343031373134363230383137353633383134313830343137303135333630303631303339393965353337373764333937356137333766373737373737366664373937356666666439376665366162373966623737336666376362636666643762363537646664366636373933373737
37316334383538363731326435303566383737313965363731323233646464313138366662333862303235646439373337643736363737383463333130353064
71c48586712d505f87719e671223ddd1186fb38b025dd9737d7667784c31050d
122101012100211002200020001100200000007af7567677b9f3737c77759f97e19b7f97359f359757bf77757d5b776d576f777f7763337e3555b6799f3977a76d777d97775d765b9e57778b60040171462081756381418041701536006103999e53777d3975a737f7777776fd7975fffd97fe6ab79fb773ff7cbcffd7b657dfd6f6793777
35316637666632656630393338363435623561323431633937663434653265656234646261623133646137393231366566653230383035376562393363356336
51f7ff2ef0938645b5a241c97f44e2eeb4dbab13da79216efe208057eb93c5c6
3137333536396632613535303965326639623039363137373634656130353537303562313637393133373037623937373931366666313766323737333437623137373936643730623737323337303935373039333266376138376631336437313566313735363761373033626435376330373737363362326337373337633237363738666630376464313766303735393437643035373731373732393637383762306666373037363039373534373530373764313637316537373766643131663630646630393735313764306237623539363237363933376630663365363536303933353066373037333730663930333737366633303565373164373039333830393730663562333737
62363262383565373033323734356438366664383135373531316161643263383461366463623432643136393361383736643235346639363135326366356436
b62b85e7032745d86fd8157511aad2c84a6dcb42d1693a876d254f96152cf5d6
173569f2a5509e2f9b09617764ea055705b167913707b977916ff17f277347b17796d70b7723709570932f7a87f13d715f17567a703bd57c077763b2c7737c27678ff07dd17f075947d0577177296787b0ff70760975475077d1671e777fd11f60df097517d0b7b596276937f0f3e65609350f707370f903776f305e71d709380970f5b377
62333431383438343730376535616434373938663130663566363566363138626261316334393535396633396232383763653066636564623738366463323935
b3418484707e5ad4798f10f5f65f618bba1c49559f39b287ce0fcedb786dc295
3132323130313031323130303231313030323230303032303030313130303230303030303030376166373536373637376239663337333763373737353966393765313962376639373335396633353937353762663737373537643562373736643537366637373766373736333333376533353535623637393966333937376137366437373764393737373564373635623965353737373862373362373735373734373364393737373737393337373966376237333737373737643733643738383130353132313531313132353037323631353334313137363030373030303130303039313030323030323930303533323130333031303131313631303435313030343030333832323136
66623134363231343061626535353135343333343662636462663135663035636333323937353466346166613037346563333065633539663739383234323362
fb1462140abe551543346bcdbf15f05cc329754f4afa074ec30ec59f7982423b
122101012100211002200020001100200000007af7567677b9f3737c77759f97e19b7f97359f359757bf77757d5b776d576f777f7763337e3555b6799f3977a76d777d97775d765b9e57778b73b77577473d97777793779f7b7377777d73d78810512151112507261534117600700010009100200290053210301011161045100400382216
34623163626365316132323631313930383537306264336635646563656262626631656338646633643837316666353732336439326565383437616536343038
4b1cbce1a22611908570bd3f5decebbbf1ec8df3d871ff5723d92ee847ae6408
3137333537383032613535333830326639626231323137373637303030353537373530313637393531323037623937323931366666373130323737333435303137373937313530623737333133303935376431323266376139323131336437373530313735363730333033626437373030373737373231326337373736303237363739313130376464333531303735393733313035373737343632393637393131306666376631303039373537373430373764623635316537373730313131663633303030393735373730306237623730343237363937303030663365373030303933353731333037333764303830333737373032303565373330323039333864393130663562373136
66356138393365336166633230363030666235383462303437326432313266663239306163383130336365303532613166633630333837366531323864396438
f5a893e3afc20600fb584b0472d212ff290ac8103ce052a1fc603876e128d9d8
17357802a553802f9bb1217767000557750167951207b972916ff710277345017797150b773130957d122f7a92113d7750175670303bd77007777212c77760276791107dd3510759731057774629679110ff7f100975774077db651e7770111f630009757700b7b70427697000f3e70009357130737d08037770205e73020938d910f5b716
36646636366337333564316365383135323934363133363431303461336330613637386531383061343032356332373736633335653163353465396538313339
6df66c735d1ce81529461364104a3c0a678e180a4025c2776c35e1c54e9e8139
3132323130313031323130303231313030323230303032303030313130303230303030303030376166373536373637376239663337333763373737353966393765313962376639373335396633353937353762663737373537643562373736643537366637373766373736333333376533353535623637393966333937376137366437373764393737373564373635623965353737373862373362373735373734373364393737373737393337373966376237333737373737643733643738383130353132313531313132353037323631353334313137363030373030303130303039316665366162373966623737336666376362636666643762363537646664366636373933373737
37393036623162303063376230373035373937303739393034336135636662636435373864363935373965656464626437376465613762633631666336626264
7906b1b00c7b07057970799043a5cfbcd578d69579eeddbd77dea7bc61fc6bbd
122101012100211002200020001100200000007af7567677b9f3737c77759f97e19b7f97359f359757bf77757d5b776d576f777f7763337e3555b6799f3977a76d777d97775d765b9e57778b73b77577473d97777793779f7b7377777d73d788105121511125072615341176007000100091fe6ab79fb773ff7cbcffd7b657dfd6f6793777
30643566333134616532363933356661323032303239373639326536653464653336393234656438306234613464323835666134663966373139323537363733
0d5f314ae26935fa2020297692e6e4de36924ed80b4a4d285fa4f9f719257673
3137333537386632613535333865326639626231363137373637306130353537373562313637393531373037623937323931366666373166323737333435623137373937313730623737333137303935376431333266376139326631336437373566313735363730373033626437376330373737373262326337373736633237363739316630376464333566303735393733643035373737343732393637393162306666376631363039373537373530373764623637316537373730643131663633306630393735373764306237623730363237363937306630663365373036303933353731373037333764303930333737373033303565373330373039333864393730663562373137
65326336393166303964376661356665366561643130363634316137373263633438316338646632626134383135626662633938376438303839393232363630
e2c691f09d7fa5fe6ead106641a772cc481c8df2ba4815bfbc987d8089922660
173578f2a5538e2f9bb16177670a055775b167951707b972916ff71f277345b17797170b773170957d132f7a92f13d775f175670703bd77c077772b2c7776c276791f07dd35f075973d0577747296791b0ff7f160975775077db671e7770d11f630f097577d0b7b706276970f0f3e70609357170737d09037770305e73070938d970f5b717
39666639653734653964643634353032643436623666396537333330356264393962313365386332666631366330396537393630346538366235373363346461
9ff9e74e9dd64502d46b6f9e73305bd99b13e8c2ff16c09e79604e86b573c4da
3132323130313031323130303231313030323230303032303030313130303230303030303030376166373536373637376239663337333763373737353966393765313962376639373335396633353937353762663737373537643562373736643537366637373766373736333333376533353535623637393966333937376137366437373764393737373564373635623965353737373862373362373735373734373364393737373737393337373966376237333737373737643733643739393965353337373764333937356137333766373737373737366664373937356666666439373030323030323930303533323130333031303131313631303435313030343030333832323136
37396435623436346166383838386566636639396333653634393137636237653461366330363730343332336634646566383437623033303561626539343637
79d5b464af8888efcf99c3e64917cb7e4a6c06704323f4def847b0305abe9467
122101012100211002200020001100200000007af7567677b9f3737c77759f97e19b7f97359f359757bf77757d5b776d576f777f7763337e3555b6799f3977a76d777d97775d765b9e57778b73b77577473d97777793779f7b7377777d73d7999e53777d3975a737f7777776fd7975fffd9700200290053210301011161045100400382216
32623137383765376331616237353634316239376264656138303366663661626365303963643936666536376336643861386164386166646365636366356535
2b1787e7c1ab75641b97bdea803ff6abce09cd96fe67c6d8a8ad8afdceccf5e5
3137333537393032613535333930326639626239323137373637653030353537373530313637393533323037623937373931366666373730323737333437303137373937643530623737333333303935376439323266376139373131336437373530313735363761333033626437373030373737373331326337373737303237363739663130376464333731303735393737313035373737373632393637393731306666376637303039373537373430373764623635316537373766313131663633643030393735373730306237623739343237363937373030663365373530303933353766333037333764663830333737376632303565373364323039333864393130663562373736
61386130633137633464633039386166353462383536623130343462383462343838386565353636616138633061333766613966356637326261653865363661
a8a0c17c4dc098af54b856b1044b84b4888ee566aa8c0a37fa9f5f72bae8e66a
17357902a553902f9bb9217767e00557750167953207b977916ff770277347017797d50b773330957d922f7a97113d775017567a303bd77007777312c7777027679f107dd3710759771057777629679710ff7f700975774077db651e777f111f63d009757700b7b79427697700f3e75009357f30737df803777f205e73d20938d910f5b776
38343263353439373762383836363663376332376433643932353335376464373338663933643338643136363839616538666663666336333262323731613133
842c54977b88666c7c27d3d925357dd738f93d38d16689ae8ffcfc632b271a13
3132323130313031323130303231313030323230303032303030313130303230303030303030376166373536373637376239663337333763373737353966393765313962376639373335396633353937353762663737373537643562373736643537366637373766373736333333376533353535623637393966333937376137366437373764393737373564373635623965353737373862373362373735373734373364393737373737393337373966376237333737373737643733643739393965353337373764333937356137333766373737373737366664373937356666666439376665366162373966623737336666376362636666643762363537646664366636373933373737
61346533323339363962666539333264633736363362326431373139626637373339333265373933396665373037633362383034663765326635333431626635
a4e323969bfe932dc7663b2d1719bf773932e7939fe707c3b804f7e2f5341bf5
122101012100211002200020001100200000007af7567677b9f3737c77759f97e19b7f97359f359757bf77757d5b776d576f777f7763337e3555b6799f3977a76d777d97775d765b9e57778b73b77577473d97777793779f7b7377777d73d7999e53777d3975a737f7777776fd7975fffd97fe6ab79fb773ff7cbcffd7b657dfd6f6793777
62363432656238393761643661386536643861663366313364383635303935616361656433303164356637643338666166633166623232363432393466303538
b642eb897ad6a8e6d8af3f13d865095acaed301d5f7d38fafc1fb2264294f058
3137333537396632613535333965326639626239363137373637656130353537373562313637393533373037623937373931366666373766323737333437623137373937643730623737333337303935376439333266376139376631336437373566313735363761373033626437376330373737373362326337373737633237363739666630376464333766303735393737643035373737373732393637393762306666376637363039373537373530373764623637316537373766643131663633646630393735373764306237623739363237363937376630663365373536303933353766373037333764663930333737376633303565373364373039333864393730663562373737
31633964306165373163353431363034623532306163333734666333653236653365323239326438323633313662623364356464343439346363626436653332
1c9d0ae71c541604b520ac374fc3e26e3e2292d826316bb3d5dd4494ccbd6e32
173579f2a5539e2f9bb9617767ea055775b167953707b977916ff77f277347b17797d70b773370957d932f7a97f13d775f17567a703bd77c077773b2c7777c27679ff07dd37f075977d0577777296797b0ff7f760975775077db671e777fd11f63df097577d0b7b796276977f0f3e75609357f70737df903777f305e73d70938d970f5b777
34343130383562396466623935643636663065353137353432303163623131663438636361343737363432396430333136383130356662343831636538636135
441085b9dfb95d66f0e51754201cb11f48cca4776429d03168105fb481ce8ca5
6636376466373337373164633766643764363362363533613966376235633737646464666637333030353432363035343031303034323630353431343031383530313030313031373235393030313934313031303034313431303031373232303137363131343431373132323033353033343535313434303130333934303036343035363130383032323131323035303830343734343831363030343031373134363230383137353633383134313830343137303135333630303631303338383130353132313531313132353037323631353334313137363030373030303130303039313030323030323930303533323130333031303131313631303435313030343030333832323136
66336533306632366164363731623538633966386338366638396132646437653239646130306264316430323466633535313731323237376533646232373961
f3e30f26ad671b58c9f8c86f89a2dd7e29da00bd1d024fc551712277e3db279a
f67df73771dc7fd7d63b653a9f7b5c77dddff7300542605401004260541401850100101725900194101004141001722017611441712203503455144010394006405610802211205080474481600401714620817563814180417015360061038810512151112507261534117600700010009100200290053210301011161045100400382216
63333635376239313935356263396239343262633664343061323031383638656666323435626331383339313032643065396461316431313764653833633038
c3657b91955bc9b942bc6d40a201868eff245bc1839102d0e9da1d117de83c08
6633303536383036303135303830373039313031326435343434303066343134303530373230303131323336313137323937303030313130373530333435303134343936313564303134323133633134303031323730313038323166303036313530643430343730333732313035373064363735363231363032363336303335323138313162343030313531363131383433313534373031343633303632383131613131323031303938313134373466353431313635373034323730316231313030303035303735313730633031303530343731323833303037303230363030643130343031336437333730303864323534363032663530343130326639333830393137303431333136
37366466613666666334333837356631613638376330633534623430323531613739653534343163616161353433626161343936613263303661343535666135
76dfa6ffc43875f1a687c0c54b40251a79e5441caaa543baa496a2c06a455fa5
f30568060150807091012d544400f41405072001123611729700011075034501449615d014213c1400127010821f006150d4047037210570d67562160263603521811b400151611843154701463062811a1120109811474f5411657042701b1100005075170c01050471283007020600d104013d737008d254602f504102f9380917041316
31373530623564376637613761353661303462323835643037346639333735643361303038343535346463643235636361383734373732613536393837613765
1750b5d7f7a7a56a04b285d074f9375d3a0084554dcd25cca874772a56987a7e
6636376466373337373164633766643764363362363533613966376235633737646464666637333030353432363035343031303034323630353431343031383530313030313031373235393030313934313031303034313431303031373232303137363131343431373132323033353033343535313434303130333934303036343035363130383032323131323035303830343734343831363030343031373134363230383137353633383134313830343137303135333630303631303338383130353132313531313132353037323631353334313137363030373030303130303039316665366162373966623737336666376362636666643762363537646664366636373933373737
65633233613363643863333465333437633733303666616265363666623030323963393239643331616138323836313930383231316130663165383866363263
ec23a3cd8c34e347c7306fabe66fb0029c929d31aa82861908211a0f1e88f62c
f67df73771dc7fd7d63b653a9f7b5c77dddff73005426054010042605414018501001017259001941010041410017220176114417122035034551440103940064056108022112050804744816004017146208175638141804170153600610388105121511125072615341176007000100091fe6ab79fb773ff7cbcffd7b657dfd6f6793777
33653132383166373961643935363566376166333261636231613331306561636134646564373761626165386664613936326561326234613366633031356434
3e1281f79ad9565f7af32acb1a310eaca4ded77abae8fda962ea2b4a3fc015d4
6633303536386636303135303865373039313031366435343434306166343134303562373230303131373336313137323937303030313166373530333435623134343936313764303134323137633134303031333730313038326666303036313566643430343730373732313035376364363735363262363032363336633335323138316662343030313566363131383433643534373031343733303632383162613131323031363938313134373566353431313637373034323730646231313030306635303735313764633031303530363731323833306637303230363036643130343031376437333730303964323534363033663530343130376639333830393737303431333137
61306532336535656163363632353766653539313836326533313931326165656363303336363263336364353135346563633832623137333331663164386537
a0e23e5eac66257fe591862e31912aeecc03662c3cd5154ecc82b17331f1d8e7
f30568f601508e7091016d54440af41405b72001173611729700011f750345b1449617d014217c140013701082ff00615fd404707721057cd67562b602636c352181fb40015f611843d5470147306281ba1120169811475f541167704270db11000f507517dc010506712830f7020606d104017d737009d254603f504107f9380977041317
35636338353265643761636431383835653661396363636238316437636362636134616130343234363638633338353439623465343235636534383331666434
5cc852ed7acd1885e6a9cccb81d7ccbca4aa0424668c38549b4e425ce4831fd4
6636376466373337373164633766643764363362363533613966376235633737646464666637333030353432363035343031303034323630353431343031383530313030313031373235393030313934313031303034313431303031373232303137363131343431373132323033353033343535313434303130333934303036343035363130383032323131323035303830343734343831363030343031373134363230383137353633383134313830343137303135333630303631303339393965353337373764333937356137333766373737373737366664373937356666666439373030323030323930303533323130333031303131313631303435313030343030333832323136
38346261393535383565363436396534363764373164653837303736636536303965623462303432346365376137613838373836656337363364313963613561
84ba95585e6469e467d71de87076ce609eb4b0424ce7a7a88786ec763d19ca5a
f67df73771dc7fd7d63b653a9f7b5c77dddff730054260540100426054140185010010172590019410100414100172201761144171220350345514401039400640561080221120508047448160040171462081756381418041701536006103999e53777d3975a737f7777776fd7975fffd9700200290053210301011161045100400382216
61653064313835356532313432653635303139303534656362366636363961383530646131626236343030356635303934653134623632623735353064386562
ae0d1855e2142e65019054ecb6f669a850da1bb64005f5094e14b62b7550d8eb
6633303536393036303135303930373039313039326435343434653066343134303530373230303133323336313137373937303030313730373530333437303134343936643564303134323333633134303039323730313038373166303036313530643430343761333732313035373064363735363331363032363337303335323138663162343030313731363131383437313534373031373633303632383731613131323037303938313134373466353431313635373034323766316231313030643035303735313730633031303539343731323833373037303230363530643130343066336437333730663864323534366632663530343164326639333830393137303431333736
62383232333332643437643738656639643730373734363865623966343236636430313263623936313431653562646639356163353462356534303162643962
b822332d47d78ef9d7077468eb9f426cd012cb96141e5bdf95ac54b5e401bd9b
f30569060150907091092d5444e0f414050720013236117797000170750347014496d5d014233c1400927010871f006150d4047a37210570d675631602637035218f1b400171611847154701763062871a1120709811474f54116570427f1b1100d05075170c01059471283707020650d1040f3d7370f8d2546f2f5041d2f9380917041376
34663961343230386636653965633031383334623264613236323933633263336539326130333863363836306638636638646566363764383336313232373534
4f9a4208f6e9ec01834b2da26293c2c3e92a038c6860f8cf8def67d836122754
6636376466373337373164633766643764363362363533613966376235633737646464666637333030353432363035343031303034323630353431343031383530313030313031373235393030313934313031303034313431303031373232303137363131343431373132323033353033343535313434303130333934303036343035363130383032323131323035303830343734343831363030343031373134363230383137353633383134313830343137303135333630303631303339393965353337373764333937356137333766373737373737366664373937356666666439376665366162373966623737336666376362636666643762363537646664366636373933373737
64663864653262643436316231336162386535616436326130373833366437616236333736653736323535643330633462383362326236383065636236363062
df8de2bd461b13ab8e5ad62a07836d7ab6376e76255d30c4b83b2b680ecb660b
f67df73771dc7fd7d63b653a9f7b5c77dddff730054260540100426054140185010010172590019410100414100172201761144171220350345514401039400640561080221120508047448160040171462081756381418041701536006103999e53777d3975a737f7777776fd7975fffd97fe6ab79fb773ff7cbcffd7b657dfd6f6793777
61663662383733633962366365373563396130333633616531373266393561396439376563343333663264303664646461303135306331363537336231336561
af6b873c9b6ce75c9a0363ae172f95a9d97ec433f2d06ddda0150c16573b13ea
6633303536396636303135303965373039313039366435343434656166343134303562373230303133373336313137373937303030313766373530333437623134343936643764303134323337633134303039333730313038376666303036313566643430343761373732313035376364363735363362363032363337633335323138666662343030313766363131383437643534373031373733303632383762613131323037363938313134373566353431313637373034323766646231313030646635303735313764633031303539363731323833376637303230363536643130343066376437333730663964323534366633663530343164376639333830393737303431333737
31333838303061333033353462333763366165663333646433323735633063616461353334353635373465643939633263373365383664346266663864396166
138800a30354b37c6aef33dd3275c0cada53456574ed99c2c73e86d4bff8d9af
f30569f601509e7091096d5444eaf41405b72001373611779700017f750347b14496d7d014237c140093701087ff00615fd4047a7721057cd67563b602637c35218ffb40017f611847d5470177306287ba1120769811475f54116770427fdb1100df507517dc010596712837f7020656d1040f7d7370f9d2546f3f5041d7f9380977041377
38646231346665386134303831343461316166633866393761356133363437326331303162393061643461623338343836393339613066386362616634363665
8db14fe8a408144a1afc8f97a5a36472c101b90ad4ab38486939a0f8cbaf466e
6636376466373337373164633766643764363362363533613966376235633737646464666637333030353432363035343031303034323630353431343031383530313030313031373235393030313934313031303034313431303031373232303137363131343431373132323033353033343535313434303130333934303036343035363130383032323131323035303830343734343831373362373735373734373364393737373737393337373966376237333737373737643733643738383130353132313531313132353037323631353334313137363030373030303130303039313030323030323930303533323130333031303131313631303435313030343030333832323136
32393363643836396264303136393833366331653738643039303937326633313566326331323761643132653634356334333266353435306538383166383366
293cd869bd0169836c1e78d090972f315f2c127ad12e645c432f5450e881f83f
f67df73771dc7fd7d63b653a9f7b5c77dddff730054260540100426054140185010010172590019410100414100172201761144171220350345514401039400640561080221120508047448173b77577473d97777793779f7b7377777d73d78810512151112507261534117600700010009100200290053210301011161045100400382216
37356631636665626335373863313838633263306435663062393533373366396364643830613530626138616231353166613462653565653630353132326431
75f1cfebc578c188c2c0d5f0b95373f9cdd80a50ba8ab151fa4be5ee605122d1
6633303537383036303135333830373039316231326435343437303066343134373530373230303531323336313137323937303030373130373530333435303134343937313564303134333133633134306431323730313039323166303036373530643430343730333732313037373064363735373231363032363736303335323139313162343030333531363131383733313534373037343633303632393131613131326631303938313137373466353431623635373034323730316231313033303035303735373730633031303730343731323837303037303230373030643130343731336437333764303864323534373032663530343330326639333864393137303431373136
35363138363232616664623232383564666561366132366430353863316365393533343032353836383938623933303136346661353338333636383630663039
5618622afdb2285dfea6a26d058c1ce953402586898b930164fa538366860f09
f30578060153807091b12d544700f41475072005123611729700071075034501449715d014313c140d127010921f006750d4047037210770d67572160267603521911b400351611873154707463062911a112f109811774f541b657042701b1103005075770c01070471287007020700d104713d737d08d254702f504302f938d917041716
64303461653163336639333730333061323334656530616531356238383662343162613037613365336466653438323734613762666438313539363561366632
d04ae1c3f937030a234ee0ae15b886b41ba07a3e3dfe48274a7bfd815965a6f2
6636376466373337373164633766643764363362363533613966376235633737646464666637333030353432363035343031303034323630353431343031383530313030313031373235393030313934313031303034313431303031373232303137363131343431373132323033353033343535313434303130333934303036343035363130383032323131323035303830343734343831373362373735373734373364393737373737393337373966376237333737373737643733643738383130353132313531313132353037323631353334313137363030373030303130303039316665366162373966623737336666376362636666643762363537646664366636373933373737
63303062396534623839333233653165303536373233373962626136636138353431386531616133616165343237383530313331633332336433306538376165
c00b9e4b89323e1e05672379bba6ca85418e1aa3aae427850131c323d30e87ae
f67df73771dc7fd7d63b653a9f7b5c77dddff730054260540100426054140185010010172590019410100414100172201761144171220350345514401039400640561080221120508047448173b77577473d97777793779f7b7377777d73d788105121511125072615341176007000100091fe6ab79fb773ff7cbcffd7b657dfd6f6793777
63616633666264626332613033393636343830613632373834663262373062373161613636323065313631343533653165613436663634663135363361336564
caf3fbdbc2a03966480a62784f2b70b71aa6620e161453e1ea46f64f1563a3ed
6633303537386636303135333865373039316231366435343437306166343134373562373230303531373336313137323937303030373166373530333435623134343937313764303134333137633134306431333730313039326666303036373566643430343730373732313037376364363735373262363032363736633335323139316662343030333566363131383733643534373037343733303632393162613131326631363938313137373566353431623637373034323730646231313033306635303735373764633031303730363731323837306637303230373036643130343731376437333764303964323534373033663530343330376639333864393737303431373137
63383064626166323832613461626364666263353831613338336332326638313663386132353363343836336139613337393934616130316664633239333963
c80dbaf282a4abcdfbc581a383c22f816c8a253c4863a9a37994aa01fdc2939c
f30578f601538e7091b16d54470af41475b72005173611729700071f750345b1449717d014317c140d13701092ff00675fd404707721077cd67572b602676c352191fb40035f611873d5470747306291ba112f169811775f541b67704270db11030f507577dc010706712870f7020706d104717d737d09d254703f504307f938d977041717
36323765666137653132333031383232363535346266366234383937636332646531376630643935313539613666373835316535373135346561396362623766
627efa7e123018226554bf6b4897cc2de17f0d95159a6f7851e57154ea9cbb7f
6636376466373337373164633766643764363362363533613966376235633737646464666637333030353432363035343031303034323630353431343031383530313030313031373235393030313934313031303034313431303031373232303137363131343431373132323033353033343535313434303130333934303036343035363130383032323131323035303830343734343831373362373735373734373364393737373737393337373966376237333737373737643733643739393965353337373764333937356137333766373737373737366664373937356666666439373030323030323930303533323130333031303131313631303435313030343030333832323136
64373466323065633731353330356262346666363066666533323361353239373366353038633466333336616466386635623366346234653961363564663664
d74f20ec715305bb4ff60ffe323a52973f508c4f336adf8f5b3f4b4e9a65df6d
f67df73771dc7fd7d63b653a9f7b5c77dddff730054260540100426054140185010010172590019410100414100172201761144171220350345514401039400640561080221120508047448173b77577473d97777793779f7b7377777d73d7999e53777d3975a737f7777776fd7975fffd9700200290053210301011161045100400382216
35316138303166643433376133366136613435313530313036383561613938653661646561633739633966346638333838353330353634386363343465333138
51a801fd437a36a6a4515010685aa98e6adeac79c9f4f83885305648cc44e318
6633303537393036303135333930373039316239326435343437653066343134373530373230303533323336313137373937303030373730373530333437303134343937643564303134333333633134306439323730313039373166303036373530643430343761333732313037373064363735373331363032363737303335323139663162343030333731363131383737313534373037373633303632393731613131326637303938313137373466353431623635373034323766316231313033643035303735373730633031303739343731323837373037303230373530643130343766336437333764663864323534376632663530343364326639333864393137303431373736
34383163613730656563303838306636303633653061663938636633613766356262633134643062383032363861323163373739646636626632343063323739
481ca70eec0880f6063e0af98cf3a7f5bbc14d0b80268a21c779df6bf240c279
f30579060153907091b92d5447e0f414750720053236117797000770750347014497d5d014333c140d927010971f006750d4047a37210770d675731602677035219f1b400371611877154707763062971a112f709811774f541b6570427f1b1103d05075770c01079471287707020750d1047f3d737df8d2547f2f5043d2f938d917041776
34626434663235383634656237653763366162613435626534663862386132386563313733653731643365396564326462383732663939613637326635653731
4bd4f25864eb7e7c6aba45be4f8b8a28ec173e71d3e9ed2db872f99a672f5e71
6636376466373337373164633766643764363362363533613966376235633737646464666637333030353432363035343031303034323630353431343031383530313030313031373235393030313934313031303034313431303031373232303137363131343431373132323033353033343535313434303130333934303036343035363130383032323131323035303830343734343831373362373735373734373364393737373737393337373966376237333737373737643733643739393965353337373764333937356137333766373737373737366664373937356666666439376665366162373966623737336666376362636666643762363537646664366636373933373737
62353232613565386466633831313539366263353262336364323134643666623532373062363133636663356432333665366134306164366262303637663839
b522a5e8dfc811596bc52b3cd214d6fb5270b613cfc5d236e6a40ad6bb067f89
f67df73771dc7fd7d63b653a9f7b5c77dddff730054260540100426054140185010010172590019410100414100172201761144171220350345514401039400640561080221120508047448173b77577473d97777793779f7b7377777d73d7999e53777d3975a737f7777776fd7975fffd97fe6ab79fb773ff7cbcffd7b657dfd6f6793777
36666133613633306332366232373535323866363135346333653636376436613166663933353038643866313235663562316337336164336236393361646161
6fa3a630c26b275528f6154c3e667d6a1ff93508d8f125f5b1c73ad3b693adaa
6633303537396636303135333965373039316239366435343437656166343134373562373230303533373336313137373937303030373766373530333437623134343937643764303134333337633134306439333730313039376666303036373566643430343761373732313037376364363735373362363032363737633335323139666662343030333766363131383737643534373037373733303632393762613131326637363938313137373566353431623637373034323766646231313033646635303735373764633031303739363731323837376637303230373536643130343766376437333764663964323534376633663530343364376639333864393737303431373737
31376365383632613461613637333137623335373861326333393832356439616337363866653166646663353563356330343439363832336463353261613462
17ce862a4aa67317b3578a2c39825d9ac768fe1fdfc55c5c04496823dc52aa4b
f30579f601539e7091b96d5447eaf41475b72005373611779700077f750347b14497d7d014337c140d93701097ff00675fd4047a7721077cd67573b602677c35219ffb40037f611877d5470777306297ba112f769811775f541b6770427fdb1103df507577dc010796712877f7020756d1047f7d737df9d2547f3f5043d7f938d977041777
36366239653135393462663537396666633231623332393261643065366331366235373265323432376539373861663665376139663030633865356438396566
66b9e1594bf579ffc21b3292ad0e6c16b572e2427e978af6e7a9f00c8e5d89ef
6636376466373337373164633766643764363362363533613966376235633737646464666637333030353432363035343031303034323630353431343031383530313030313031373235393030313934313031303034313431303031373232303137363131343431373132323033353033343535623637393966333937376137366437373764393737373564373635623965353737373862363030343031373134363230383137353633383134313830343137303135333630303631303338383130353132313531313132353037323631353334313137363030373030303130303039313030323030323930303533323130333031303131313631303435313030343030333832323136
36643339363566303939616336336265393064663635623137393438306637613464643366623339643862363834633733356365316430396438356439653261
6d3965f099ac63be90df65b179480f7a4dd3fb39d8b684c735ce1d09d85d9e2a
f67df73771dc7fd7d63b653a9f7b5c77dddff7300542605401004260541401850100101725900194101004141001722017611441712203503455b6799f3977a76d777d97775d765b9e57778b600401714620817563814180417015360061038810512151112507261534117600700010009100200290053210301011161045100400382216
34663261666466356666363437386631313734373065376239353437323865313261653835333338376433613766626134363630363731646666343439336636
4f2afdf5ff6478f117470e7b954728e12ae853387d3a7fba4660671dff4493f6
6633303536383036303135303830373039623031326435343634303066343137303530373230393131323336313937323937303066313130373530333435303134343936313564303137323133633134373031323730316138323166303037313530643430363730333732316435373064363737363231363032373336303335323738313162343064313531363131393433313534373731343633303637383131613131373031303938313534373466353464313635373034373730316231313630303035303735313730633031623530343731323933303037303265363030643130353031336437333730303864323537363032663530373130326639333830393137303462333136
34373337633662353262366663323935633062363630333834313062653636343463626630323162626338356232376461633435666461636162373965623539
4737c6b52b6fc295c0b66038410be6644cbf021bbc85b27dac45fdacab79eb59
f3056806015080709b012d546400f41705072091123619729700f11075034501449615d017213c147012701a821f007150d406703721d570d67762160273603527811b40d151611943154771463067811a1170109815474f54d1657047701b1160005075170c01b5047129300702e600d105013d737008d257602f507102f938091704b316
61636364333834393631316263663765363433616664616561613363396638386361633261643634393834353432643731636438663161396633356237323431
accd3849611bcf7e643afdaeaa3c9f88cac2ad64984542d71cd8f1a9f35b7241
6636376466373337373164633766643764363362363533613966376235633737646464666637333030353432363035343031303034323630353431343031383530313030313031373235393030313934313031303034313431303031373232303137363131343431373132323033353033343535623637393966333937376137366437373764393737373564373635623965353737373862363030343031373134363230383137353633383134313830343137303135333630303631303338383130353132313531313132353037323631353334313137363030373030303130303039316665366162373966623737336666376362636666643762363537646664366636373933373737
31343863633365336637653235623733386366396262323665363066383566666537346531343263383537653235633438333537616462636534366335313065
148cc3e3f7e25b738cf9bb26e60f85ffe74e142c857e25c48357adbce46c510e
f67df73771dc7fd7d63b653a9f7b5c77dddff7300542605401004260541401850100101725900194101004141001722017611441712203503455b6799f3977a76d777d97775d765b9e57778b6004017146208175638141804170153600610388105121511125072615341176007000100091fe6ab79fb773ff7cbcffd7b657dfd6f6793777
32303664633465346138616337386231393235393836656431376238616566313333656463383631323537643538616165336337373061636132386333323637
206dc4e4a8ac78b1925986ed17b8aef133edc861257d58aae3c770aca28c3267
6633303536386636303135303865373039623031366435343634306166343137303562373230393131373336313937323937303066313166373530333435623134343936313764303137323137633134373031333730316138326666303037313566643430363730373732316435376364363737363262363032373336633335323738316662343064313566363131393433643534373731343733303637383162613131373031363938313534373566353464313637373034373730646231313630306635303735313764633031623530363731323933306637303265363036643130353031376437333730303964323537363033663530373130376639333830393737303462333137
37656535646136363237323663623235653464653737356539653164343437363163626536386162633032653135323936393963373764646236336264326533
7ee5da662726cb25e4de775e9e1d44761cbe68abc02e1529699c77ddb63bd2e3
f30568f601508e709b016d54640af41705b72091173619729700f11f750345b1449617d017217c147013701a82ff00715fd406707721d57cd67762b602736c352781fb40d15f611943d5477147306781ba1170169815475f54d167704770db11600f507517dc01b506712930f702e606d105017d737009d257603f507107f938097704b317
65316537316439343333313432653330616534633230643833373532633436653736363034336331393464663230396232623333616362656564636333613437
e1e71d9433142e30ae4c20d83752c46e766043c194df209b2b33acbeedcc3a47
6636376466373337373164633766643764363362363533613966376235633737646464666637333030353432363035343031303034323630353431343031383530313030313031373235393030313934313031303034313431303031373232303137363131343431373132323033353033343535623637393966333937376137366437373764393737373564373635623965353737373862363030343031373134363230383137353633383134313830343137303135333630303631303339393965353337373764333937356137333766373737373737366664373937356666666439373030323030323930303533323130333031303131313631303435313030343030333832323136
64353639383862316238613266363431616661323034323134376335373633623938343062623132346136363132316435633063623839646264376663383837
d56988b1b8a2f641afa2042147c5763b9840bb124a66121d5c0cb89dbd7fc887
f67df73771dc7fd7d63b653a9f7b5c77dddff7300542605401004260541401850100101725900194101004141001722017611441712203503455b6799f3977a76d777d97775d765b9e57778b60040171462081756381418041701536006103999e53777d3975a737f7777776fd7975fffd9700200290053210301011161045100400382216
39663035356634396234336638656236363536373436376133616662313962303938356532646435613138393334353262323364333138643036383564626434
9f055f49b43f8eb66567467a3afb19b0985e2dd5a1893452b23d318d0685dbd4
6633303536393036303135303930373039623039326435343634653066343137303530373230393133323336313937373937303066313730373530333437303134343936643564303137323333633134373039323730316138373166303037313530643430363761333732316435373064363737363331363032373337303335323738663162343064313731363131393437313534373731373633303637383731613131373037303938313534373466353464313635373034373766316231313630643035303735313730633031623539343731323933373037303265363530643130353066336437333730663864323537366632663530373164326639333830393137303462333736
61646463643835343238636332623938643933623064323037653965633831366238373639666535626663653937323866323361356365623134353339333338
addcd85428cc2b98d93b0d207e9ec816b8769fe5bfce9728f23a5ceb14539338
f3056906015090709b092d5464e0f41705072091323619779700f170750347014496d5d017233c147092701a871f007150d4067a3721d570d677631602737035278f1b40d171611947154771763067871a1170709815474f54d16570477f1b1160d05075170c01b5947129370702e650d1050f3d7370f8d2576f2f5071d2f938091704b376
39396165653566643038373833363239363431396231353136333465366462333461326136323533386263323530663634616462383563626661333232326532
99aee5fd087836296419b151634e6db34a2a62538bc250f64adb85cbfa3222e2
6636376466373337373164633766643764363362363533613966376235633737646464666637333030353432363035343031303034323630353431343031383530313030313031373235393030313934313031303034313431303031373232303137363131343431373132323033353033343535623637393966333937376137366437373764393737373564373635623965353737373862363030343031373134363230383137353633383134313830343137303135333630303631303339393965353337373764333937356137333766373737373737366664373937356666666439376665366162373966623737336666376362636666643762363537646664366636373933373737
66346163356665313964333032343066316164613435646464333436653134353633343334613964303437393135313763643766656166633730373365313362
f4ac5fe19d30240f1ada45ddd346e14563434a9d04791517cd7feafc7073e13b
f67df73771dc7fd7d63b653a9f7b5c77dddff7300542605401004260541401850100101725900194101004141001722017611441712203503455b6799f3977a76d777d97775d765b9e57778b60040171462081756381418041701536006103999e53777d3975a737f7777776fd7975fffd97fe6ab79fb773ff7cbcffd7b657dfd6f6793777
33393033376630333538383239383131633334633930343062653936626230323438666666643162383938656630613665373863383930623735343561336339
39037f0358829811c34c9040be96bb0248fffd1b898ef0a6e78c890b7545a3c9
6633303536396636303135303965373039623039366435343634656166343137303562373230393133373336313937373937303066313766373530333437623134343936643764303137323337633134373039333730316138376666303037313566643430363761373732316435376364363737363362363032373337633335323738666662343064313766363131393437643534373731373733303637383762613131373037363938313534373566353464313637373034373766646231313630646635303735313764633031623539363731323933376637303265363536643130353066376437333730663964323537366633663530373164376639333830393737303462333737
64386364626535353638333365626338346563346239363666666332323361653365633235356362646366393531656532316137663139356261366261353337
d8cdbe556833ebc84ec4b966ffc223ae3ec255cbdcf951ee21a7f195ba6ba537
f30569f601509e709b096d5464eaf41705b72091373619779700f17f750347b14496d7d017237c147093701a87ff00715fd4067a7721d57cd67763b602737c35278ffb40d17f611947d5477177306787ba1170769815475f54d16770477fdb1160df507517dc01b596712937f702e656d1050f7d7370f9d2576f3f5071d7f938097704b377
38313530326532393533623165346262356234663439393663643338383832366131626336373362356236393537366132616234623063373736663330646639
81502e2953b1e4bb5b4f4996cd388826a1bc673b5b69576a2ab4b0c776f30df9
6636376466373337373164633766643764363362363533613966376235633737646464666637333030353432363035343031303034323630353431343031383530313030313031373235393030313934313031303034313431303031373232303137363131343431373132323033353033343535623637393966333937376137366437373764393737373564373635623965353737373862373362373735373734373364393737373737393337373966376237333737373737643733643738383130353132313531313132353037323631353334313137363030373030303130303039313030323030323930303533323130333031303131313631303435313030343030333832323136
33356230646337613232393231616563323238383531343233326338323965636265356638346362343565343835663163366635653032663436333236656634
35b0dc7a22921aec2288514232c829ecbe5f84cb45e485f1c6f5e02f46326ef4
f67df73771dc7fd7d63b653a9f7b5c77dddff7300542605401004260541401850100101725900194101004141001722017611441712203503455b6799f3977a76d777d97775d765b9e57778b73b77577473d97777793779f7b7377777d73d78810512151112507261534117600700010009100200290053210301011161045100400382216
31656133646565376663386138386530353736633962323363646337356639333935623035396464353932346666633666666333653835373439313634383065
1ea3dee7fc8a88e0576c9b23cdc75f9395b059dd5924ffc6ffc3e8574916480e
6633303537383036303135333830373039626231326435343637303066343137373530373230393531323336313937323937303066373130373530333435303134343937313564303137333133633134376431323730316139323166303037373530643430363730333732316437373064363737373231363032373736303335323739313162343064333531363131393733313534373737343633303637393131613131376631303938313537373466353464623635373034373730316231313633303035303735373730633031623730343731323937303037303265373030643130353731336437333764303864323537373032663530373330326639333864393137303462373136
36613534633037653139663365653931353033616133336634303465386562376631643661373439393363313566616333346630623031313132373132623631
6a54c07e19f3ee91503aa33f404e8eb7f1d6a74993c15fac34f0b01112712b61
f3057806015380709bb12d546700f41775072095123619729700f71075034501449715d017313c147d12701a921f007750d406703721d770d67772160277603527911b40d351611973154777463067911a117f109815774f54db657047701b1163005075770c01b7047129700702e700d105713d737d08d257702f507302f938d91704b716
63663934393738616435303439316438653962633834376437356332663832646531323535653034373766363039626138666530656434613666656339313463
cf94978ad50491d8e9bc847d75c2f82de1255e0477f609ba8fe0ed4a6fec914c
6636376466373337373164633766643764363362363533613966376235633737646464666637333030353432363035343031303034323630353431343031383530313030313031373235393030313934313031303034313431303031373232303137363131343431373132323033353033343535623637393966333937376137366437373764393737373564373635623965353737373862373362373735373734373364393737373737393337373966376237333737373737643733643738383130353132313531313132353037323631353334313137363030373030303130303039316665366162373966623737336666376362636666643762363537646664366636373933373737
39653132376164363130633064633031316434653931633863346563333336633238353936656330643339663662363263646334656230356262346337623338
9e127ad610c0dc011d4e91c8c4ec336c28596ec0d39f6b62cdc4eb05bb4c7b38
f67df73771dc7fd7d63b653a9f7b5c77dddff7300542605401004260541401850100101725900194101004141001722017611441712203503455b6799f3977a76d777d97775d765b9e57778b73b77577473d97777793779f7b7377777d73d788105121511125072615341176007000100091fe6ab79fb773ff7cbcffd7b657dfd6f6793777
32363932346266346238323337343236653438623634666234346430626164383735333237306631663564323831353465616562316165333662613832663639
26924bf4b8237426e48b64fb44d0bad8753270f1f5d28154eaeb1ae36ba82f69
6633303537386636303135333865373039626231366435343637306166343137373562373230393531373336313937323937303066373166373530333435623134343937313764303137333137633134376431333730316139326666303037373566643430363730373732316437376364363737373262363032373736633335323739316662343064333566363131393733643534373737343733303637393162613131376631363938313537373566353464623637373034373730646231313633306635303735373764633031623730363731323937306637303265373036643130353731376437333764303964323537373033663530373330376639333864393737303462373137
33333138356630376161366261343465633236326261633439333435363964643539616436303761333132626232616635613234383864646132376630636663
33185f07aa6ba44ec262bac4934569dd59ad607a312bb2af5a2488dda27f0cfc
f30578f601538e709bb16d54670af41775b72095173619729700f71f750345b1449717d017317c147d13701a92ff00775fd406707721d77cd67772b602776c352791fb40d35f611973d5477747306791ba117f169815775f54db67704770db11630f507577dc01b706712970f702e706d105717d737d09d257703f507307f938d97704b717
33363630656463313532633132363332643532623932343132613064613762323262616233376366356361346565323662666137626464306332616534306163
3660edc152c12632d52b92412a0da7b22bab37cf5ca4ee26bfa7bdd0c2ae40ac
6636376466373337373164633766643764363362363533613966376235633737646464666637333030353432363035343031303034323630353431343031383530313030313031373235393030313934313031303034313431303031373232303137363131343431373132323033353033343535623637393966333937376137366437373764393737373564373635623965353737373862373362373735373734373364393737373737393337373966376237333737373737643733643739393965353337373764333937356137333766373737373737366664373937356666666439373030323030323930303533323130333031303131313631303435313030343030333832323136
35393737366637323661373562353761323432306333613036373062643165316338666532663439323537386331613461633331356236623763633730666530
59776f726a75b57a2420c3a0670bd1e1c8fe2f492578c1a4ac315b6b7cc70fe0
f67df73771dc7fd7d63b653a9f7b5c77dddff7300542605401004260541401850100101725900194101004141001722017611441712203503455b6799f3977a76d777d97775d765b9e57778b73b77577473d97777793779f7b7377777d73d7999e53777d3975a737f7777776fd7975fffd9700200290053210301011161045100400382216
61333461633535613766643034393361636237666261346533643736616464646230643233373831386566343762353036666335346431613536626462386530
a34ac55a7fd0493acb7fba4e3d76adddb0d237818ef47b506fc54d1a56bdb8e0
6633303537393036303135333930373039626239326435343637653066343137373530373230393533323336313937373937303066373730373530333437303134343937643564303137333333633134376439323730316139373166303037373530643430363761333732316437373064363737373331363032373737303335323739663162343064333731363131393737313534373737373633303637393731613131376637303938313537373466353464623635373034373766316231313633643035303735373730633031623739343731323937373037303265373530643130353766336437333764663864323537376632663530373364326639333864393137303462373736
32656436633238613237343661316366633161353732343565373764353537626239386637383738383337613361616432653936643037363435393862353865
2ed6c28a2746a1cfc1a57245e77d557bb98f7878837a3aad2e96d0764598b58e
f3057906015390709bb92d5467e0f41775072095323619779700f770750347014497d5d017333c147d92701a971f007750d4067a3721d770d677731602777035279f1b40d371611977154777763067971a117f709815774f54db6570477f1b1163d05075770c01b7947129770702e750d1057f3d737df8d2577f2f5073d2f938d91704b776
33346261643030313735613632356661383963306232623465366438386637303139613837373534346364663332663539336262643934353266336566356232
34bad00175a625fa89c0b2b4e6d88f7019a877544cdf32f593bbd9452f3ef5b2
6636376466373337373164633766643764363362363533613966376235633737646464666637333030353432363035343031303034323630353431343031383530313030313031373235393030313934313031303034313431303031373232303137363131343431373132323033353033343535623637393966333937376137366437373764393737373564373635623965353737373862373362373735373734373364393737373737393337373966376237333737373737643733643739393965353337373764333937356137333766373737373737366664373937356666666439376665366162373966623737336666376362636666643762363537646664366636373933373737
32383937383535356231663635633439343462333632346462636133643236623962353832316262323264336138633033366434313636643330376161303361
28978555b1f65c4944b3624dbca3d26b9b5821bb22d3a8c036d4166d307aa03a
f67df73771dc7fd7d63b653a9f7b5c77dddff7300542605401004260541401850100101725900194101004141001722017611441712203503455b6799f3977a76d777d97775d765b9e57778b73b77577473d97777793779f7b7377777d73d7999e53777d3975a737f7777776fd7975fffd97fe6ab79fb773ff7cbcffd7b657dfd6f6793777
34633139643832336539356639623632396332666432633432613866656238303136393834666461353362373961356138636162373839323537653836313837
4c19d823e95f9b629c2fd2c42a8feb8016984fda53b79a5a8cab789257e86187
6633303537396636303135333965373039626239366435343637656166343137373562373230393533373336313937373937303066373766373530333437623134343937643764303137333337633134376439333730316139376666303037373566643430363761373732316437376364363737373362363032373737633335323739666662343064333766363131393737643534373737373733303637393762613131376637363938313537373566353464623637373034373766646231313633646635303735373764633031623739363731323937376637303265373536643130353766376437333764663964323537376633663530373364376639333864393737303462373737
64633664663830636138646139303238393066376435386664623334386234646662373339623065383630663561316666626235326462306365313661306663
dc6df80ca8da902890f7d58fdb348b4dfb739b0e860f5a1ffbb52db0ce16a0fc
f30579f601539e709bb96d5467eaf41775b72095373619779700f77f750347b14497d7d017337c147d93701a97ff00775fd4067a7721d77cd67773b602777c35279ffb40d37f611977d5477777306797ba117f769815775f54db6770477fdb1163df507577dc01b796712977f702e756d1057f7d737df9d2577f3f5073d7f938d97704b777
30393532663231383664333739346138303639353436623361613539656664663938393237626466353735326338363135353230343463396530386635376361
0952f2186d3794a8069546b3aa59efdf98927bdf5752c861552044c9e08f57ca
6636376466373337373164633766643764363362363533613966376235633737646464666637333030353432363035343031303034323630353431343031383530313030313031373235393033353937353762663737373537643562373736643537366637373766373736333333376533353535313434303130333934303036343035363130383032323131323035303830343734343831363030343031373134363230383137353633383134313830343137303135333630303631303338383130353132313531313132353037323631353334313137363030373030303130303039313030323030323930303533323130333031303131313631303435313030343030333832323136
65313362306231353438386538663432373138383437353431313863383965663866623837343931653033653738653833393033353038396135613939383838
e13b0b15488e8f4271884754118c89ef8fb87491e03e78e839035089a5a99888
f67df73771dc7fd7d63b653a9f7b5c77dddff730054260540100426054140185010010172590359757bf77757d5b776d576f777f7763337e3555144010394006405610802211205080474481600401714620817563814180417015360061038810512151112507261534117600700010009100200290053210301011161045100400382216
31373866303838346261616466316334666465656131636663303930313365353335303964613133356539326561356266643462316234623736613062653638
178f0884baadf1c4fdeea1cfc09013e53509da135e92ea5bfd4b1b4b76a0be68
6633333536383036303535303830373039313031326435373434303066343534303530373237303131323336623137323937306630313130373537333435303134373936313564303734323133633135303031323730373038323166306436313530643435343730333732623035373064363735363231363037363336303335363138313162346430313531363135383433313534373031343633303632383131613166323031303938373134373466353731313635373037323730316231663030303035303735313730633037303530343731363833303037303330363030643133343031336437333730303864323734363032663565343130326639333830393137303531333136
34386130356538353366663732353439353962336134313334346334326261646135636137396239386136366438663435633939306535363235373636336335
48a05e853ff7254959b3a41344c42bada5ca79b98a66d8f45c990e56257663c5
f33568060550807091012d574400f454050727011236b172970f011075734501479615d074213c1500127070821f0d6150d45470372b0570d67562160763603561811b4d0151615843154701463062811a1f20109871474f5711657072701b1f00005075170c07050471683007030600d134013d737008d274602f5e4102f9380917051316
34333865396139333861346565316631343063343330363362616236653032663731633737653333663762396666643664633266376636663063363136386430
438e9a938a4ee1f140c43063bab6e02f71c77e33f7b9ffd6dc2f7f6f0c6168d0
6636376466373337373164633766643764363362363533613966376235633737646464666637333030353432363035343031303034323630353431343031383530313030313031373235393033353937353762663737373537643562373736643537366637373766373736333333376533353535313434303130333934303036343035363130383032323131323035303830343734343831363030343031373134363230383137353633383134313830343137303135333630303631303338383130353132313531313132353037323631353334313137363030373030303130303039316665366162373966623737336666376362636666643762363537646664366636373933373737
38653764303931373534366466326564376133636132333035396231616238333866306635646462626465393762396666393336613935663465313363306363
8e7d0917546df2ed7a3ca23059b1ab838f0f5ddbbde97b9ff936a95f4e13c0cc
f67df73771dc7fd7d63b653a9f7b5c77dddff730054260540100426054140185010010172590359757bf77757d5b776d576f777f7763337e35551440103940064056108022112050804744816004017146208175638141804170153600610388105121511125072615341176007000100091fe6ab79fb773ff7cbcffd7b657dfd6f6793777
33646637623232386537636563373362313835396231366533353666346533663338323861346163356431376131313564386438633661323233653030376337
3df7b228e7cec73b1859b16e356f4e3f3828a4ac5d17a115d8d8c6a223e007c7
6633333536386636303535303865373039313031366435373434306166343534303562373237303131373336623137323937306630313166373537333435623134373936313764303734323137633135303031333730373038326666306436313566643435343730373732623035376364363735363262363037363336633335363138316662346430313566363135383433643534373031343733303632383162613166323031363938373134373566353731313637373037323730646231663030306635303735313764633037303530363731363833306637303330363036643133343031376437333730303964323734363033663565343130376639333830393737303531333137
34363434343061346130363438636433656630303765313262393962363332656437646338376435636339316139333532346538353439656637303730313233
464440a4a0648cd3ef007e12b99b632ed7dc87d5cc91a93524e8549ef7070123
f33568f605508e7091016d57440af45405b727011736b172970f011f757345b1479617d074217c150013707082ff0d615fd45470772b057cd67562b607636c356181fb4d015f615843d5470147306281ba1f20169871475f571167707270db1f000f507517dc070506716830f7030606d134017d737009d274603f5e4107f9380977051317
62326135323663336232333936386338396166376666386666396534623266313832376563333761666335343935313438643530353631303939656639666563
b2a526c3b23968c89af7ff8ff9e4b2f1827ec37afc5495148d50561099ef9fec
6636376466373337373164633766643764363362363533613966376235633737646464666637333030353432363035343031303034323630353431343031383530313030313031373235393033353937353762663737373537643562373736643537366637373766373736333333376533353535313434303130333934303036343035363130383032323131323035303830343734343831363030343031373134363230383137353633383134313830343137303135333630303631303339393965353337373764333937356137333766373737373737366664373937356666666439373030323030323930303533323130333031303131313631303435313030343030333832323136
30353563336462396234333932623263363866373766303439356361666663323238346237326461633364643366333031663064393438393039326231383532
055c3db9b4392b2c68f77f0495caffc2284b72dac3dd3f301f0d9489092b1852
f67df73771dc7fd7d63b653a9f7b5c77dddff730054260540100426054140185010010172590359757bf77757d5b776d576f777f7763337e355514401039400640561080221120508047448160040171462081756381418041701536006103999e53777d3975a737f7777776fd7975fffd9700200290053210301011161045100400382216
38666563383133303533346463633231393161353333316337396361623862396665343165383237633835633063306134373738646437353063643936633761
8fec8130534dcc2191a5331c79cab8b9fe41e827c85c0c0a4778dd750cd96c7a
6633333536393036303535303930373039313039326435373434653066343534303530373237303133323336623137373937306630313730373537333437303134373936643564303734323333633135303039323730373038373166306436313530643435343761333732623035373064363735363331363037363337303335363138663162346430313731363135383437313534373031373633303632383731613166323037303938373134373466353731313635373037323766316231663030643035303735313730633037303539343731363833373037303330363530643133343066336437333730663864323734366632663565343164326639333830393137303531333736
65386536646133373635336535353136316433623837636536363332356263386334623263343233323836326530386435306265363838646166333936626237
e8e6da37653e55161d3b87ce66325bc8c4b2c4232862e08d50be688daf396bb7
f33569060550907091092d5744e0f454050727013236b177970f0170757347014796d5d074233c1500927070871f0d6150d4547a372b0570d675631607637035618f1b4d0171615847154701763062871a1f20709871474f57116570727f1b1f00d05075170c07059471683707030650d1340f3d7370f8d2746f2f5e41d2f9380917051376
61666165613032393164356237363564313032366637386534643631383832663238653162386630666632623636613466613634636539333739666633346234
afaea0291d5b765d1026f78e4d61882f28e1b8f0ff2b66a4fa64ce9379ff34b4
6636376466373337373164633766643764363362363533613966376235633737646464666637333030353432363035343031303034323630353431343031383530313030313031373235393033353937353762663737373537643562373736643537366637373766373736333333376533353535313434303130333934303036343035363130383032323131323035303830343734343831363030343031373134363230383137353633383134313830343137303135333630303631303339393965353337373764333937356137333766373737373737366664373937356666666439376665366162373966623737336666376362636666643762363537646664366636373933373737
37396136616264353365366365653730376533343564383665346166656330633331303731373765376161633763666137383734323638653465633536633339
79a6abd53e6cee707e345d86e4afec0c3107177e7aac7cfa7874268e4ec56c39
f67df73771dc7fd7d63b653a9f7b5c77dddff730054260540100426054140185010010172590359757bf77757d5b776d576f777f7763337e355514401039400640561080221120508047448160040171462081756381418041701536006103999e53777d3975a737f7777776fd7975fffd97fe6ab79fb773ff7cbcffd7b657dfd6f6793777
64636564363165383863636232323339323732303563633839323134643063366534343463643934373436353463623431306238613962313235646433336635
dced61e88ccb223927205cc89214d0c6e444cd9474654cb410b8a9b125dd33f5
6633333536396636303535303965373039313039366435373434656166343534303562373237303133373336623137373937306630313766373537333437623134373936643764303734323337633135303039333730373038376666306436313566643435343761373732623035376364363735363362363037363337633335363138666662346430313766363135383437643534373031373733303632383762613166323037363938373134373566353731313637373037323766646231663030646635303735313764633037303539363731363833376637303330363536643133343066376437333730663964323734366633663565343164376639333830393737303531333737
34636335666532623830356339343661353237633433663636316335336564323534326135363737366661363166616461393963663434383532623336383262
4cc5fe2b805c946a527c43f661c53ed2542a56776fa61fada99cf44852b3682b
f33569f605509e7091096d5744eaf45405b727013736b177970f017f757347b14796d7d074237c150093707087ff0d615fd4547a772b057cd67563b607637c35618ffb4d017f615847d5470177306287ba1f20769871475f57116770727fdb1f00df507517dc070596716837f7030656d1340f7d7370f9d2746f3f5e41d7f9380977051377
61313064353237393032653863626134363336366237333363323265303063376636383166343836343162396463613932626534313432633862343162663766
a10d527902e8cba46366b733c22e00c7f681f48641b9dca92be4142c8b41bf7f
6636376466373337373164633766643764363362363533613966376235633737646464666637333030353432363035343031303034323630353431343031383530313030313031373235393033353937353762663737373537643562373736643537366637373766373736333333376533353535313434303130333934303036343035363130383032323131323035303830343734343831373362373735373734373364393737373737393337373966376237333737373737643733643738383130353132313531313132353037323631353334313137363030373030303130303039313030323030323930303533323130333031303131313631303435313030343030333832323136
38373738343133623833393833306135393063326563333162326338373565666639663033383764633664353134636332633433383366303266306264323934
8778413b839830a590c2ec31b2c875eff9f0387dc6d514cc2c4383f02f0bd294
f67df73771dc7fd7d63b653a9f7b5c77dddff730054260540100426054140185010010172590359757bf77757d5b776d576f777f7763337e355514401039400640561080221120508047448173b77577473d97777793779f7b7377777d73d78810512151112507261534117600700010009100200290053210301011161045100400382216
36643030323566323638323330636235363465313332386430343932366664323738663538636265353165393337356466663737356639656463666361643932
6d0025f268230cb564e1328d04926fd278f58cbe51e9375dff775f9edcfcad92
6633333537383036303535333830373039316231326435373437303066343534373530373237303531323336623137323937306630373130373537333435303134373937313564303734333133633135306431323730373039323166306436373530643435343730333732623037373064363735373231363037363736303335363139313162346430333531363135383733313534373037343633303632393131613166326631303938373137373466353731623635373037323730316231663033303035303735373730633037303730343731363837303037303330373030643133343731336437333764303864323734373032663565343330326639333864393137303531373136
33333862613931663864633565636430663838333062333066393436613338643230333134313566656230613263303365623234383735633535326532653839
338ba91f8dc5ecd0f8830b30f946a38d2031415feb0a2c03eb24875c552e2e89
f33578060553807091b12d574700f454750727051236b172970f071075734501479715d074313c150d127070921f0d6750d45470372b0770d67572160767603561911b4d0351615873154707463062911a1f2f109871774f571b657072701b1f03005075770c07070471687007030700d134713d737d08d274702f5e4302f938d917051716
64636532373861343635386638653362323566356535346133653062303537643362323064643965316235663136373236356233333933346231373132366366
dce278a4658f8e3b25f5e54a3e0b057d3b20dd9e1b5f167265b33934b17126cf
6636376466373337373164633766643764363362363533613966376235633737646464666637333030353432363035343031303034323630353431343031383530313030313031373235393033353937353762663737373537643562373736643537366637373766373736333333376533353535313434303130333934303036343035363130383032323131323035303830343734343831373362373735373734373364393737373737393337373966376237333737373737643733643738383130353132313531313132353037323631353334313137363030373030303130303039316665366162373966623737336666376362636666643762363537646664366636373933373737
61343931613235396332323231626636393534376265626666613430633566666332333065316662336564623464643035363833303763353665626566653431
a491a259c2221bf69547bebffa40c5ffc230e1fb3edb4dd0568307c56ebefe41
f67df73771dc7fd7d63b653a9f7b5c77dddff730054260540100426054140185010010172590359757bf77757d5b776d576f777f7763337e355514401039400640561080221120508047448173b77577473d97777793779f7b7377777d73d788105121511125072615341176007000100091fe6ab79fb773ff7cbcffd7b657dfd6f6793777
36623166326234323532393137643434326437326363633832316138313337313036303737666661393766346366616563366533306237636562633034383966
6b1f2b4252917d442d72ccc821a8137106077ffa97f4cfaec6e30b7cebc0489f
6633333537386636303535333865373039316231366435373437306166343534373562373237303531373336623137323937306630373166373537333435623134373937313764303734333137633135306431333730373039326666306436373566643435343730373732623037376364363735373262363037363736633335363139316662346430333566363135383733643534373037343733303632393162613166326631363938373137373566353731623637373037323730646231663033306635303735373764633037303730363731363837306637303330373036643133343731376437333764303964323734373033663565343330376639333864393737303531373137
66623333663037663832333838656339346235393236336165333563633237323435373035623439633738646533373130646261643536623536393431626630
fb33f07f82388ec94b59263ae35cc27245705b49c78de3710dbad56b56941bf0
f33578f605538e7091b16d57470af45475b727051736b172970f071f757345b1479717d074317c150d13707092ff0d675fd45470772b077cd67572b607676c356191fb4d035f615873d5470747306291ba1f2f169871775f571b67707270db1f030f507577dc070706716870f7030706d134717d737d09d274703f5e4307f938d977051717
39626330323634613763646337663431393766383533643763346565336235666635373132373533623836613062666331366562346133613231316361366235
9bc0264a7cdc7f4197f853d7c4ee3b5ff5712753b86a0bfc16eb4a3a211ca6b5
6636376466373337373164633766643764363362363533613966376235633737646464666637333030353432363035343031303034323630353431343031383530313030313031373235393033353937353762663737373537643562373736643537366637373766373736333333376533353535313434303130333934303036343035363130383032323131323035303830343734343831373362373735373734373364393737373737393337373966376237333737373737643733643739393965353337373764333937356137333766373737373737366664373937356666666439373030323030323930303533323130333031303131313631303435313030343030333832323136
34646161663261373132653066333935366461366165363539353336363562636463343339663134323930373139336261636637393739336139323434663933
4daaf2a712e0f3956da6ae65953665bcdc439f142907193bacf79793a9244f93
f67df73771dc7fd7d63b653a9f7b5c77dddff730054260540100426054140185010010172590359757bf77757d5b776d576f777f7763337e355514401039400640561080221120508047448173b77577473d97777793779f7b7377777d73d7999e53777d3975a737f7777776fd7975fffd9700200290053210301011161045100400382216
37343738333739313339303565633536386331313237666537323930353432376639316230353261323639626239396336346666663533393064393530353635
747837913905ec568c1127fe72905427f91b052a269bb99c64fff5390d950565
6633333537393036303535333930373039316239326435373437653066343534373530373237303533323336623137373937306630373730373537333437303134373937643564303734333333633135306439323730373039373166306436373530643435343761333732623037373064363735373331363037363737303335363139663162346430333731363135383737313534373037373633303632393731613166326637303938373137373466353731623635373037323766316231663033643035303735373730633037303739343731363837373037303330373530643133343766336437333764663864323734376632663565343364326639333864393137303531373736
35353966373135336634623538336338666431633534623361363236633039633431333731613765313139343638666566373136646139663139646363373332
559f7153f4b583c8fd1c54b3a626c09c41371a7e119468fef716da9f19dcc732
f33579060553907091b92d5747e0f454750727053236b177970f0770757347014797d5d074333c150d927070971f0d6750d4547a372b0770d675731607677035619f1b4d0371615877154707763062971a1f2f709871774f571b6570727f1b1f03d05075770c07079471687707030750d1347f3d737df8d2747f2f5e43d2f938d917051776
63623664623538386463653564343834353230643031623335303336333665373236363736323764323933333936323761636232323831383664323066323034
cb6db588dce5d484520d01b3503636e72667627d29339627acb228186d20f204
6636376466373337373164633766643764363362363533613966376235633737646464666637333030353432363035343031303034323630353431343031383530313030313031373235393033353937353762663737373537643562373736643537366637373766373736333333376533353535313434303130333934303036343035363130383032323131323035303830343734343831373362373735373734373364393737373737393337373966376237333737373737643733643739393965353337373764333937356137333766373737373737366664373937356666666439376665366162373966623737336666376362636666643762363537646664366636373933373737
34383239663033646365346666393161656637326536333630626336326562636239636636363735313633656663633164636231386139623937356633626162
4829f03dce4ff91aef72e6360bc62ebcb9cf6675163efcc1dcb18a9b975f3bab
f67df73771dc7fd7d63b653a9f7b5c77dddff730054260540100426054140185010010172590359757bf77757d5b776d576f777f7763337e355514401039400640561080221120508047448173b77577473d97777793779f7b7377777d73d7999e53777d3975a737f7777776fd7975fffd97fe6ab79fb773ff7cbcffd7b657dfd6f6793777
61326162613163633761396332643539326633356636396136376262376165313261613033333735343136626636636631346261363531363935386163643735
a2aba1cc7a9c2d592f35f69a67bb7ae12aa03375416bf6cf14ba6516958acd75
6633333537396636303535333965373039316239366435373437656166343534373562373237303533373336623137373937306630373766373537333437623134373937643764303734333337633135306439333730373039376666306436373566643435343761373732623037376364363735373362363037363737633335363139666662346430333766363135383737643534373037373733303632393762613166326637363938373137373566353731623637373037323766646231663033646635303735373764633037303739363731363837376637303330373536643133343766376437333764663964323734376633663565343364376639333864393737303531373737
66346339343232313230333263666566646466616232353566303361313631613237323030663333663535643663663736353731383363643764343166353133
f4c942212032cfefddfab255f03a161a27200f33f55d6cf7657183cd7d41f513
f33579f605539e7091b96d5747eaf45475b727053736b177970f077f757347b14797d7d074337c150d93707097ff0d675fd4547a772b077cd67573b607677c35619ffb4d037f615877d5470777306297ba1f2f769871775f571b6770727fdb1f03df507577dc070796716877f7030756d1347f7d737df9d2747f3f5e43d7f938d977051777
32373735656339376330313565636465343931306439636139373465323464333337303962643062653762646139663866616137663263633033613034653831
2775ec97c015ecde4910d9ca974e24d33709bd0be7bda9f8faa7f2cc03a04e81
6636376466373337373164633766643764363362363533613966376235633737646464666637333030353432363035343031303034323630353431343031383530313030313031373235393033353937353762663737373537643562373736643537366637373766373736333333376533353535623637393966333937376137366437373764393737373564373635623965353737373862363030343031373134363230383137353633383134313830343137303135333630303631303338383130353132313531313132353037323631353334313137363030373030303130303039313030323030323930303533323130333031303131313631303435313030343030333832323136
63653838383134363333663434663461343063623462373462333335353363393530336262623833653435313637613934373535623332616663653864656264
ce88814633f44f4a40cb4b74b33553c9503bbb83e45167a94755b32afce8debd
f67df73771dc7fd7d63b653a9f7b5c77dddff730054260540100426054140185010010172590359757bf77757d5b776d576f777f7763337e3555b6799f3977a76d777d97775d765b9e57778b600401714620817563814180417015360061038810512151112507261534117600700010009100200290053210301011161045100400382216
64633561333434613333353838373066303031613562613265643839343030663561313566313630333132346664326233636663623465373263306630663464
dc5a344a3358870f001a5ba2ed89400f5a15f1603124fd2b3cfcb4e72c0f0f4d
6633333536383036303535303830373039623031326435373634303066343537303530373237393131323336623937323937306666313130373537333435303134373936313564303737323133633135373031323730376138323166306437313530643435363730333732626435373064363737363231363037373336303335363738313162346464313531363135393433313534373731343633303637383131613166373031303938373534373466353764313635373037373730316231663630303035303735313730633037623530343731363933303037303365363030643133353031336437333730303864323737363032663565373130326639333830393137303562333136
39653033623135613763346661383031343535393733383635666539613137316562663535366661373666653363613538646565376464656161373936303635
9e03b15a7c4fa801455973865fe9a171ebf556fa76fe3ca58dee7ddeaa796065
f3356806055080709b012d576400f457050727911236b972970ff11075734501479615d077213c157012707a821f0d7150d45670372bd570d67762160773603567811b4dd151615943154771463067811a1f70109875474f57d1657077701b1f60005075170c07b5047169300703e600d135013d737008d277602f5e7102f938091705b316
34336435666535376331393262353762323461653537353438373663636630323134356663663465663333646635353038326463363232626637616239336537
43d5fe57c192b57b24ae5754876ccf02145fcf4ef33df55082dc622bf7ab93e7
6636376466373337373164633766643764363362363533613966376235633737646464666637333030353432363035343031303034323630353431343031383530313030313031373235393033353937353762663737373537643562373736643537366637373766373736333333376533353535623637393966333937376137366437373764393737373564373635623965353737373862363030343031373134363230383137353633383134313830343137303135333630303631303338383130353132313531313132353037323631353334313137363030373030303130303039316665366162373966623737336666376362636666643762363537646664366636373933373737
30656361633065353836313134626637623862396162613162373736663166633834386130326433643731396636663564303338303137343761656665613162
0ecac0e586114bf7b8b9aba1b776f1fc848a02d3d719f6f5d03801747aefea1b
f67df73771dc7fd7d63b653a9f7b5c77dddff730054260540100426054140185010010172590359757bf77757d5b776d576f777f7763337e3555b6799f3977a76d777d97775d765b9e57778b6004017146208175638141804170153600610388105121511125072615341176007000100091fe6ab79fb773ff7cbcffd7b657dfd6f6793777
61343236323234656339663164383962343938613161363065366466383937636663663037633731313065636465646265313439633530343538626538626334
a426224ec9f1d89b498a1a60e6df897cfcf07c7110ecdedbe149c50458be8bc4
6633333536386636303535303865373039623031366435373634306166343537303562373237393131373336623937323937306666313166373537333435623134373936313764303737323137633135373031333730376138326666306437313566643435363730373732626435376364363737363262363037373336633335363738316662346464313566363135393433643534373731343733303637383162613166373031363938373534373566353764313637373037373730646231663630306635303735313764633037623530363731363933306637303365363036643133353031376437333730303964323737363033663565373130376639333830393737303562333137
63653633313930323863313435633061346231633364653162306436656337373933666331646631643563366635366464383337313561383132656532623861
ce6319028c145c0a4b1c3de1b0d6ec7793fc1df1d5c6f56dd83715a812ee2b8a
f33568f605508e709b016d57640af45705b727911736b972970ff11f757345b1479617d077217c157013707a82ff0d715fd45670772bd57cd67762b607736c356781fb4dd15f615943d5477147306781ba1f70169875475f57d167707770db1f600f507517dc07b506716930f703e606d135017d737009d277603f5e7107f938097705b317
66306539353434663133333161323462613663333163336535363432353733393235356365313962303335366461386438316636363063633532333732663939
f0e9544f1331a24ba6c31c3e56425739255ce19b0356da8d81f660cc52372f99
6636376466373337373164633766643764363362363533613966376235633737646464666637333030353432363035343031303034323630353431343031383530313030313031373235393033353937353762663737373537643562373736643537366637373766373736333333376533353535623637393966333937376137366437373764393737373564373635623965353737373862363030343031373134363230383137353633383134313830343137303135333630303631303339393965353337373764333937356137333766373737373737366664373937356666666439373030323030323930303533323130333031303131313631303435313030343030333832323136
31356362643738346433366664323532393765663162613533643563343237313337656263636130386634653062663736376662396662663830646264343166
15cbd784d36fd25297ef1ba53d5c427137ebcca08f4e0bf767fb9fbf80dbd41f
f67df73771dc7fd7d63b653a9f7b5c77dddff730054260540100426054140185010010172590359757bf77757d5b776d576f777f7763337e3555b6799f3977a76d777d97775d765b9e57778b60040171462081756381418041701536006103999e53777d3975a737f7777776fd7975fffd9700200290053210301011161045100400382216
37356135326132646634613435653631663030376431303838353236646437306332303932366566336538633839323332366238376236646534316336626139
75a52a2df4a45e61f007d1088526dd70c20926ef3e8c892326b87b6de41c6ba9
6633333536393036303535303930373039623039326435373634653066343537303530373237393133323336623937373937306666313730373537333437303134373936643564303737323333633135373039323730376138373166306437313530643435363761333732626435373064363737363331363037373337303335363738663162346464313731363135393437313534373731373633303637383731613166373037303938373534373466353764313635373037373766316231663630643035303735313730633037623539343731363933373037303365363530643133353066336437333730663864323737366632663565373164326639333830393137303562333736
39633336376439313539653130326439326639356131613165333464336239393064323231653833393363643338346131633164376161326636343930306366
9c367d9159e102d92f95a1a1e34d3b990d221e8393cd384a1c1d7aa2f64900cf
f3356906055090709b092d5764e0f457050727913236b977970ff170757347014796d5d077233c157092707a871f0d7150d4567a372bd570d677631607737035678f1b4dd171615947154771763067871a1f70709875474f57d16570777f1b1f60d05075170c07b5947169370703e650d1350f3d7370f8d2776f2f5e71d2f938091705b376
38363262363662653936616130326637663335616466653431306565646162323762336136643034623738346638663765346338386132356566336461646566
862b66be96aa02f7f35adfe410eedab27b3a6d04b784f8f7e4c88a25ef3dadef
6636376466373337373164633766643764363362363533613966376235633737646464666637333030353432363035343031303034323630353431343031383530313030313031373235393033353937353762663737373537643562373736643537366637373766373736333333376533353535623637393966333937376137366437373764393737373564373635623965353737373862363030343031373134363230383137353633383134313830343137303135333630303631303339393965353337373764333937356137333766373737373737366664373937356666666439376665366162373966623737336666376362636666643762363537646664366636373933373737
62643464643637333339386634633539636435323537623032653238656630346366646538633934356135386261623931383437343436393637363536613530
bd4dd673398f4c59cd5257b02e28ef04cfde8c945a58bab91847446967656a50
f67df73771dc7fd7d63b653a9f7b5c77dddff730054260540100426054140185010010172590359757bf77757d5b776d576f777f7763337e3555b6799f3977a76d777d97775d765b9e57778b60040171462081756381418041701536006103999e53777d3975a737f7777776fd7975fffd97fe6ab79fb773ff7cbcffd7b657dfd6f6793777
32326334656263356234333563363362313032663839653764323262623635383434646538393766316330313933386131333638303139363765363239356334
22c4ebc5b435c63b102f89e7d22bb65844de897f1c01938a136801967e6295c4
6633333536396636303535303965373039623039366435373634656166343537303562373237393133373336623937373937306666313766373537333437623134373936643764303737323337633135373039333730376138376666306437313566643435363761373732626435376364363737363362363037373337633335363738666662346464313766363135393437643534373731373733303637383762613166373037363938373534373566353764313637373037373766646231663630646635303735313764633037623539363731363933376637303365363536643133353066376437333730663964323737366633663565373164376639333830393737303562333737
36313461366136336133623137396363616666626630633463646163386364336463363838333936306534316537323961333265343265386433643331396539
614a6a63a3b179ccaffbf0c4cdac8cd3dc6883960e41e729a32e42e8d3d319e9
f33569f605509e709b096d5764eaf45705b727913736b977970ff17f757347b14796d7d077237c157093707a87ff0d715fd4567a772bd57cd67763b607737c35678ffb4dd17f615947d5477177306787ba1f70769875475f57d16770777fdb1f60df507517dc07b596716937f703e656d1350f7d7370f9d2776f3f5e71d7f938097705b377
64663234303734623335343438346431373361303161386230303733613132613939623461353032376631633262313739643463373164396432343433636235
df24074b354484d173a01a8b0073a12a99b4a5027f1c2b179d4c71d9d2443cb5
6636376466373337373164633766643764363362363533613966376235633737646464666637333030353432363035343031303034323630353431343031383530313030313031373235393033353937353762663737373537643562373736643537366637373766373736333333376533353535623637393966333937376137366437373764393737373564373635623965353737373862373362373735373734373364393737373737393337373966376237333737373737643733643738383130353132313531313132353037323631353334313137363030373030303130303039313030323030323930303533323130333031303131313631303435313030343030333832323136
39346465396432616339643830643436666661333461393231366335626165313434333836393563353832613237336437653935666562343963656631376433
94de9d2ac9d80d46ffa34a9216c5bae14438695c582a273d7e95feb49cef17d3
f67df73771dc7fd7d63b653a9f7b5c77dddff730054260540100426054140185010010172590359757bf77757d5b776d576f777f7763337e3555b6799f3977a76d777d97775d765b9e57778b73b77577473d97777793779f7b7377777d73d78810512151112507261534117600700010009100200290053210301011161045100400382216
38663334396636313137316332643932313530616439313461316437626639336238396436383936373665303839353837393363383063346234353933373536
8f349f61171c2d92150ad914a1d7bf93b89d689676e08958793c80c4b4593756
6633333537383036303535333830373039626231326435373637303066343537373530373237393531323336623937323937306666373130373537333435303134373937313564303737333133633135376431323730376139323166306437373530643435363730333732626437373064363737373231363037373736303335363739313162346464333531363135393733313534373737343633303637393131613166376631303938373537373466353764623635373037373730316231663633303035303735373730633037623730343731363937303037303365373030643133353731336437333764303864323737373032663565373330326639333864393137303562373136
38643032643931303166613464393264356137643330666565656530396538323161393730653964636639633961656637633266656636623861333037383564
8d02d9101fa4d92d5a7d30feeee09e821a970e9dcf9c9aef7c2fef6b8a30785d
f3357806055380709bb12d576700f457750727951236b972970ff71075734501479715d077313c157d12707a921f0d7750d45670372bd770d67772160777603567911b4dd351615973154777463067911a1f7f109875774f57db657077701b1f63005075770c07b7047169700703e700d135713d737d08d277702f5e7302f938d91705b716
38343931396664336135643339343931626236353164613733613030376130303463366539663663623831303534363061353439373836373333336132363464
84919fd3a5d39491bb651da73a007a004c6e9f6cb8105460a5497867333a264d
6636376466373337373164633766643764363362363533613966376235633737646464666637333030353432363035343031303034323630353431343031383530313030313031373235393033353937353762663737373537643562373736643537366637373766373736333333376533353535623637393966333937376137366437373764393737373564373635623965353737373862373362373735373734373364393737373737393337373966376237333737373737643733643738383130353132313531313132353037323631353334313137363030373030303130303039316665366162373966623737336666376362636666643762363537646664366636373933373737
34336663346663303664363562386136366638633366393563663462303164303061396563333833346332313632303339663936616131643938313032353363
43fc4fc06d65b8a66f8c3f95cf4b01d00a9ec3834c2162039f96aa1d9810253c
f67df73771dc7fd7d63b653a9f7b5c77dddff730054260540100426054140185010010172590359757bf77757d5b776d576f777f7763337e3555b6799f3977a76d777d97775d765b9e57778b73b77577473d97777793779f7b7377777d73d788105121511125072615341176007000100091fe6ab79fb773ff7cbcffd7b657dfd6f6793777
37383938336466346231643962633738656339343833336562336233613132393663623038656336323837353939636162623833356530386337303537373165
78983df4b1d9bc78ec94833eb3b3a1296cb08ec6287599cabb835e08c705771e
6633333537386636303535333865373039626231366435373637306166343537373562373237393531373336623937323937306666373166373537333435623134373937313764303737333137633135376431333730376139326666306437373566643435363730373732626437376364363737373262363037373736633335363739316662346464333566363135393733643534373737343733303637393162613166376631363938373537373566353764623637373037373730646231663633306635303735373764633037623730363731363937306637303365373036643133353731376437333764303964323737373033663565373330376639333864393737303562373137
31373536343565613435633830316632636233653031336233303434623834643365336334366162646235643331323633376437666231316337656133366130
175645ea45c801f2cb3e013b3044b84d3e3c46abdb5d312637d7fb11c7ea36a0
f33578f605538e709bb16d57670af45775b727951736b972970ff71f757345b1479717d077317c157d13707a92ff0d775fd45670772bd77cd67772b607776c356791fb4dd35f615973d5477747306791ba1f7f169875775f57db67707770db1f630f507577dc07b706716970f703e706d135717d737d09d277703f5e7307f938d97705b717
64313265656639663834346234663130346465383137636261306636353739656262653965306232656564666338616262326337366232313535383165386431
d12eef9f844b4f104de817cba0f6579ebbe9e0b2eedfc8abb2c76b215581e8d1
6636376466373337373164633766643764363362363533613966376235633737646464666637333030353432363035343031303034323630353431343031383530313030313031373235393033353937353762663737373537643562373736643537366637373766373736333333376533353535623637393966333937376137366437373764393737373564373635623965353737373862373362373735373734373364393737373737393337373966376237333737373737643733643739393965353337373764333937356137333766373737373737366664373937356666666439373030323030323930303533323130333031303131313631303435313030343030333832323136
62663636316330346134366163346338376432643463383337646362323132623566333030306535396562376536666430653737353864396330343361373336
bf661c04a46ac4c87d2d4c837dcb212b5f3000e59eb7e6fd0e7758d9c043a736
f67df73771dc7fd7d63b653a9f7b5c77dddff730054260540100426054140185010010172590359757bf77757d5b776d576f777f7763337e3555b6799f3977a76d777d97775d765b9e57778b73b77577473d97777793779f7b7377777d73d7999e53777d3975a737f7777776fd7975fffd9700200290053210301011161045100400382216
63303235623632356139343432313334646536366530653061376563346235393034313636373337303861363233633863366463366161626364373631663466
c025b625a9442134de66e0e0a7ec4b590416673708a623c8c6dc6aabcd761f4f
6633333537393036303535333930373039626239326435373637653066343537373530373237393533323336623937373937306666373730373537333437303134373937643564303737333333633135376439323730376139373166306437373530643435363761333732626437373064363737373331363037373737303335363739663162346464333731363135393737313534373737373633303637393731613166376637303938373537373466353764623635373037373766316231663633643035303735373730633037623739343731363937373037303365373530643133353766336437333764663864323737376632663565373364326639333864393137303562373736
62376430333836373534353663666463306133613865656633616139353931393662343330646637353233653263393337303037643531646433376336313331
b7d038675456cfdc0a3a8eef3aa959196b430df7523e2c937007d51dd37c6131
f3357906055390709bb92d5767e0f457750727953236b977970ff770757347014797d5d077333c157d92707a971f0d7750d4567a372bd770d677731607777035679f1b4dd371615977154777763067971a1f7f709875774f57db6570777f1b1f63d05075770c07b7947169770703e750d1357f3d737df8d2777f2f5e73d2f938d91705b776
63333430643333386438613936353135336432306165383337333836326663346262336464383166653735303361386464386534356630363362663564643764
c340d338d8a965153d20ae8373862fc4bb3dd81fe7503a8dd8e45f063bf5dd7d
6636376466373337373164633766643764363362363533613966376235633737646464666637333030353432363035343031303034323630353431343031383530313030313031373235393033353937353762663737373537643562373736643537366637373766373736333333376533353535623637393966333937376137366437373764393737373564373635623965353737373862373362373735373734373364393737373737393337373966376237333737373737643733643739393965353337373764333937356137333766373737373737366664373937356666666439376665366162373966623737336666376362636666643762363537646664366636373933373737
61376365663630653965306162653763306430366238333361643536643231383161353333386664383330636130376135373030366133366264653732343064
a7cef60e9e0abe7c0d06b833ad56d2181a5338fd830ca07a57006a36bde7240d
f67df73771dc7fd7d63b653a9f7b5c77dddff730054260540100426054140185010010172590359757bf77757d5b776d576f777f7763337e3555b6799f3977a76d777d97775d765b9e57778b73b77577473d97777793779f7b7377777d73d7999e53777d3975a737f7777776fd7975fffd97fe6ab79fb773ff7cbcffd7b657dfd6f6793777
63623833336663316365313133636566343234666562396234626566343438653734363163303765313730303163306564663064623437613735333835623864
cb833fc1ce113cef424feb9b4bef448e7461c07e17001c0edf0db47a75385b8d
6633333537396636303535333965373039626239366435373637656166343537373562373237393533373336623937373937306666373766373537333437623134373937643764303737333337633135376439333730376139376666306437373566643435363761373732626437376364363737373362363037373737633335363739666662346464333766363135393737643534373737373733303637393762613166376637363938373537373566353764623637373037373766646231663633646635303735373764633037623739363731363937376637303365373536643133353766376437333764663964323737376633663565373364376639333864393737303562373737
30323835356637313962636434313935386138323066346539616335666333663136356430636135643232393135356338366336356334623531316664643432
02855f719bcd41958a820f4e9ac5fc3f165d0ca5d229155c86c65c4b511fdd42
f33579f605539e709bb96d5767eaf45775b727953736b977970ff77f757347b14797d7d077337c157d93707a97ff0d775fd4567a772bd77cd67773b607777c35679ffb4dd37f615977d5477777306797ba1f7f769875775f57db6770777fdb1f63df507577dc07b796716977f703e756d1357f7d737df9d2777f3f5e73d7f938d97705b777
39666664396637643965333166643565333763366633323863343435653266306235666566343065613561356666396532363030613936326138633563623961
9ffd9f7d9e31fd5e37c6f328c445e2f0b5fef40ea5a5ff9e2600a962a8c5cb9a
6636376466373337373164633766643764363362363533613966376235633737646464666637376166373536373637376239663337333763373737353966393765313962376639373335396630313934313031303034313431303031373232303137363131343431373132323033353033343535313434303130333934303036343035363130383032323131323035303830343734343831363030343031373134363230383137353633383134313830343137303135333630303631303338383130353132313531313132353037323631353334313137363030373030303130303039313030323030323930303533323130333031303131313631303435313030343030333832323136
36616338353838393438393564353732646465623833636133313365323131303832376238373235643464306136303863393836323833336666383363396365
6ac858894895d572ddeb83ca313e2110827b8725d4d0a608c9862833ff83c9ce
f67df73771dc7fd7d63b653a9f7b5c77dddff77af7567677b9f3737c77759f97e19b7f97359f0194101004141001722017611441712203503455144010394006405610802211205080474481600401714620817563814180417015360061038810512151112507261534117600700010009100200290053210301011161045100400382216
62653332643331386664353162336233656134336438383863313135373732623539393063386666626337656363616137396361663236343636326337643938
be32d318fd51b3b3ea43d888c115772b5990c8ffbc7eccaa79caf264662c7d98
6637303536383036613135303830376639313031326437343434303066353134303530373630303131323337313137323937363030313130373730333435303137343936313564623134323133633934303031323766313038323166333036313530643730343730333733313035373064373735363231366332363336303337323138313162373030313531363731383433313535373031343633393632383131616631323031303939313134373466373431313635376534323730316231313030303035393735313730636231303530343737323833303037663230363030643930343031336437333730303864333534363032663530343130326639333830393137663431333136
38333061623263333466326130393734356534353531383065653165313338333337376534613536313363653633373331663262386664353735316561343733
830ab2c34f2a09745e455180ee1e1383377e4a5613ce63731f2b8fd5751ea473
f7056806a150807f91012d744400f51405076001123711729760011077034501749615db14213c9400127f10821f306150d7047037310570d7756216c263603721811b700151671843155701463962811af120109911474f7411657e42701b1100005975170cb1050477283007f20600d904013d737008d354602f504102f9380917f41316
31363462633966623736346332303631623135326233663531646238393566393761646539663737333433373239613662393661636434643535313335306430
164bc9fb764c2061b152b3f51db895f97ade9f77343729a6b96acd4d551350d0
6636376466373337373164633766643764363362363533613966376235633737646464666637376166373536373637376239663337333763373737353966393765313962376639373335396630313934313031303034313431303031373232303137363131343431373132323033353033343535313434303130333934303036343035363130383032323131323035303830343734343831363030343031373134363230383137353633383134313830343137303135333630303631303338383130353132313531313132353037323631353334313137363030373030303130303039316665366162373966623737336666376362636666643762363537646664366636373933373737
36633263663263316435373031623533666331373961633536336237343535373066376533396365323932313161343230613431663663666532636437366136
6c2cf2c1d5701b53fc179ac563b745570f7e39ce29211a420a41f6cfe2cd76a6
f67df73771dc7fd7d63b653a9f7b5c77dddff77af7567677b9f3737c77759f97e19b7f97359f01941010041410017220176114417122035034551440103940064056108022112050804744816004017146208175638141804170153600610388105121511125072615341176007000100091fe6ab79fb773ff7cbcffd7b657dfd6f6793777
38376562353732396634383466353531306661343665623939626438386663373930333533613537653839376139303439343632633466656462356161643831
87eb5729f484f5510fa46eb99bd88fc790353a57e897a9049462c4fedb5aad81
6637303536386636613135303865376639313031366437343434306166353134303562373630303131373337313137323937363030313166373730333435623137343936313764623134323137633934303031333766313038326666333036313566643730343730373733313035376364373735363262366332363336633337323138316662373030313566363731383433643535373031343733393632383162616631323031363939313134373566373431313637376534323730646231313030306635393735313764636231303530363737323833306637663230363036643930343031376437333730303964333534363033663530343130376639333830393737663431333137
34383863616634383331353134336533626663323230666631393965643836633932306165633531663164313736383565306363393830363033316162323631
488caf48315143e3bfc220ff199ed86c920aec51f1d17685e0cc9806031ab261
f70568f6a1508e7f91016d74440af51405b76001173711729760011f770345b1749617db14217c9400137f1082ff30615fd704707731057cd77562b6c2636c372181fb70015f671843d5570147396281baf120169911475f7411677e4270db11000f597517dcb10506772830f7f20606d904017d737009d354603f504107f9380977f41317
38656462663039646430613566623433366635386538363664386138663162343230383764343438386132373863653131376165373465313933306162323633
8edbf09dd0a5fb436f58e866d8a8f1b42087d4488a278ce117ae74e1930ab263
6636376466373337373164633766643764363362363533613966376235633737646464666637376166373536373637376239663337333763373737353966393765313962376639373335396630313934313031303034313431303031373232303137363131343431373132323033353033343535313434303130333934303036343035363130383032323131323035303830343734343831363030343031373134363230383137353633383134313830343137303135333630303631303339393965353337373764333937356137333766373737373737366664373937356666666439373030323030323930303533323130333031303131313631303435313030343030333832323136
35333064633839313864376265663038313239306436393364636238666632653538306162643865666666653630323736326631633766646231633133393233
530dc8918d7bef081290d693dcb8ff2e580abd8efffe602762f1c7fdb1c13923
f67df73771dc7fd7d63b653a9f7b5c77dddff77af7567677b9f3737c77759f97e19b7f97359f019410100414100172201761144171220350345514401039400640561080221120508047448160040171462081756381418041701536006103999e53777d3975a737f7777776fd7975fffd9700200290053210301011161045100400382216
66666131373766656562663631336231626436356330623639623235343239356361353031333732363733626335626336303563643864396631356466656336
ffa177feebf613b1bd65c0b69b254295ca501372673bc5bc605cd8d9f15dfec6
6637303536393036613135303930376639313039326437343434653066353134303530373630303133323337313137373937363030313730373730333437303137343936643564623134323333633934303039323766313038373166333036313530643730343761333733313035373064373735363331366332363337303337323138663162373030313731363731383437313535373031373633393632383731616631323037303939313134373466373431313635376534323766316231313030643035393735313730636231303539343737323833373037663230363530643930343066336437333730663864333534366632663530343164326639333830393137663431333736
30383964346364303364343537313037393166386630326230363065333266396361646439623463376231393537306430343130383261626133363534643035
089d4cd03d45710791f8f02b060e32f9cadd9b4c7b19570d041082aba3654d05
f7056906a150907f91092d7444e0f514050760013237117797600170770347017496d5db14233c9400927f10871f306150d7047a37310570d7756316c2637037218f1b700171671847155701763962871af120709911474f7411657e427f1b1100d05975170cb1059477283707f20650d9040f3d7370f8d3546f2f5041d2f9380917f41376
62353635353361383566383466646239616630306433613130353135643033346430303265623030343664366137373266303534663861363231356563373832
b56553a85f84fdb9af00d3a10515d034d002eb0046d6a772f054f8a6215ec782
6636376466373337373164633766643764363362363533613966376235633737646464666637376166373536373637376239663337333763373737353966393765313962376639373335396630313934313031303034313431303031373232303137363131343431373132323033353033343535313434303130333934303036343035363130383032323131323035303830343734343831363030343031373134363230383137353633383134313830343137303135333630303631303339393965353337373764333937356137333766373737373737366664373937356666666439376665366162373966623737336666376362636666643762363537646664366636373933373737
30623730333432623931653532383863316537653130653362626536306363653062393634636235613433346339623764323966636366353637626236366631
0b70342b91e5288c1e7e10e3bbe60cce0b964cb5a434c9b7d29fccf567bb66f1
f67df73771dc7fd7d63b653a9f7b5c77dddff77af7567677b9f3737c77759f97e19b7f97359f019410100414100172201761144171220350345514401039400640561080221120508047448160040171462081756381418041701536006103999e53777d3975a737f7777776fd7975fffd97fe6ab79fb773ff7cbcffd7b657dfd6f6793777
66343933616630336163313165383235326432383463386531323436383032623235336263363735303730353334623237336633326432393262356239643965
f493af03ac11e8252d284c8e1246802b253bc675070534b273f32d292b5b9d9e
6637303536396636613135303965376639313039366437343434656166353134303562373630303133373337313137373937363030313766373730333437623137343936643764623134323337633934303039333766313038376666333036313566643730343761373733313035376364373735363362366332363337633337323138666662373030313766363731383437643535373031373733393632383762616631323037363939313134373566373431313637376534323766646231313030646635393735313764636231303539363737323833376637663230363536643930343066376437333730663964333534366633663530343164376639333830393737663431333737
35646461653636393230653464633766373335316434656439656362616662626563386263386139333964353063376230323532323234333733613732373665
5ddae66920e4dc7f7351d4ed9ecbafbbec8bc8a939d50c7b0252224373a7276e
f70569f6a1509e7f91096d7444eaf51405b76001373711779760017f770347b17496d7db14237c9400937f1087ff30615fd7047a7731057cd77563b6c2637c37218ffb70017f671847d5570177396287baf120769911475f7411677e427fdb1100df597517dcb10596772837f7f20656d9040f7d7370f9d3546f3f5041d7f9380977f41377
38396531383937373736393862316662386339636433396138346463633562666362386165333437656130613930313465313435373064613865666565623634
89e189777698b1fb8c9cd39a84dcc5bfcb8ae347ea0a9014e14570da8efeeb64
6636376466373337373164633766643764363362363533613966376235633737646464666637376166373536373637376239663337333763373737353966393765313962376639373335396630313934313031303034313431303031373232303137363131343431373132323033353033343535313434303130333934303036343035363130383032323131323035303830343734343831373362373735373734373364393737373737393337373966376237333737373737643733643738383130353132313531313132353037323631353334313137363030373030303130303039313030323030323930303533323130333031303131313631303435313030343030333832323136
36663665313535343763343433346131643865393961353134356130303539333833643933633631366236333866303739343133393437376665353930633132
6f6e15547c4434a1d8e99a5145a0059383d93c616b638f0794139477fe590c12
f67df73771dc7fd7d63b653a9f7b5c77dddff77af7567677b9f3737c77759f97e19b7f97359f019410100414100172201761144171220350345514401039400640561080221120508047448173b77577473d97777793779f7b7377777d73d78810512151112507261534117600700010009100200290053210301011161045100400382216
36333438663839363635343132613636396564303262353033396532323664356237636634353865393863653266393533383134333034303332366163616463
6348f89665412a669ed02b5039e226d5b7cf458e98ce2f9538143040326acadc
6637303537383036613135333830376639316231326437343437303066353134373530373630303531323337313137323937363030373130373730333435303137343937313564623134333133633934306431323766313039323166333036373530643730343730333733313037373064373735373231366332363736303337323139313162373030333531363731383733313535373037343633393632393131616631326631303939313137373466373431623635376534323730316231313033303035393735373730636231303730343737323837303037663230373030643930343731336437333764303864333534373032663530343330326639333864393137663431373136
61303336383662396233313438303963376263356566386330346438316236623165386630396334356337386163623031323334616237643038363831633662
a03686b9b314809c7bc5ef8c04d81b6b1e8f09c45c78acb01234ab7d08681c6b
f7057806a153807f91b12d744700f51475076005123711729760071077034501749715db14313c940d127f10921f306750d7047037310770d7757216c267603721911b700351671873155707463962911af12f109911774f741b657e42701b1103005975770cb1070477287007f20700d904713d737d08d354702f504302f938d917f41716
33353535396538346333633866353133306337313165643639626339376662313536613631373131633266636361333038316561396437383639353438306539
35559e84c3c8f5130c711ed69bc97fb156a61711c2fcca3081ea9d78695480e9
6636376466373337373164633766643764363362363533613966376235633737646464666637376166373536373637376239663337333763373737353966393765313962376639373335396630313934313031303034313431303031373232303137363131343431373132323033353033343535313434303130333934303036343035363130383032323131323035303830343734343831373362373735373734373364393737373737393337373966376237333737373737643733643738383130353132313531313132353037323631353334313137363030373030303130303039316665366162373966623737336666376362636666643762363537646664366636373933373737
39656263343936626633316535626233326234366630363137653937663236333333613834303861656230633964376239656462393331356331323666323530
9ebc496bf31e5bb32b46f0617e97f26333a8408aeb0c9d7b9edb9315c126f250
f67df73771dc7fd7d63b653a9f7b5c77dddff77af7567677b9f3737c77759f97e19b7f97359f019410100414100172201761144171220350345514401039400640561080221120508047448173b77577473d97777793779f7b7377777d73d788105121511125072615341176007000100091fe6ab79fb773ff7cbcffd7b657dfd6f6793777
36636566653061653635613338306464373361346331633737343966313237636335396434643863623338623631666562373161663436653432626463396461
6cefe0ae65a380dd73a4c1c7749f127cc59d4d8cb38b61feb71af46e42bdc9da
6637303537386636613135333865376639316231366437343437306166353134373562373630303531373337313137323937363030373166373730333435623137343937313764623134333137633934306431333766313039326666333036373566643730343730373733313037376364373735373262366332363736633337323139316662373030333566363731383733643535373037343733393632393162616631326631363939313137373566373431623637376534323730646231313033306635393735373764636231303730363737323837306637663230373036643930343731376437333764303964333534373033663530343330376639333864393737663431373137
63653636333931313365393134323836653266616332303566343335303535363963366362656332633733363763333736343835373637663761646134383961
ce6639113e914286e2fac205f43505569c6cbec2c7367c376485767f7ada489a
f70578f6a1538e7f91b16d74470af51475b76005173711729760071f770345b1749717db14317c940d137f1092ff30675fd704707731077cd77572b6c2676c372191fb70035f671873d5570747396291baf12f169911775f741b677e4270db11030f597577dcb10706772870f7f20706d904717d737d09d354703f504307f938d977f41717
62313934316162346230653963396235356165353434363365646139623232663833323561353436306262316637386137663362363433316265343164623362
b1941ab4b0e9c9b55ae54463eda9b22f8325a5460bb1f78a7f3b6431be41db3b
6636376466373337373164633766643764363362363533613966376235633737646464666637376166373536373637376239663337333763373737353966393765313962376639373335396630313934313031303034313431303031373232303137363131343431373132323033353033343535313434303130333934303036343035363130383032323131323035303830343734343831373362373735373734373364393737373737393337373966376237333737373737643733643739393965353337373764333937356137333766373737373737366664373937356666666439373030323030323930303533323130333031303131313631303435313030343030333832323136
34373461326334646530393763616632383039376137396633373438373461313838383233613737336234626136396334306263393337616531616234376261
474a2c4de097caf28097a79f374874a188823a773b4ba69c40bc937ae1ab47ba
f67df73771dc7fd7d63b653a9f7b5c77dddff77af7567677b9f3737c77759f97e19b7f97359f019410100414100172201761144171220350345514401039400640561080221120508047448173b77577473d97777793779f7b7377777d73d7999e53777d3975a737f7777776fd7975fffd9700200290053210301011161045100400382216
64323430656161666564396364623637323866646662626464366239633635626464633633343734653035313934636534303362383339326238346431613163
d240eaafed9cdb6728fdfbbdd6b9c65bddc63474e05194ce403b8392b84d1a1c
6637303537393036613135333930376639316239326437343437653066353134373530373630303533323337313137373937363030373730373730333437303137343937643564623134333333633934306439323766313039373166333036373530643730343761333733313037373064373735373331366332363737303337323139663162373030333731363731383737313535373037373633393632393731616631326637303939313137373466373431623635376534323766316231313033643035393735373730636231303739343737323837373037663230373530643930343766336437333764663864333534376632663530343364326639333864393137663431373736
32353730363035623764323338383532666230623936623937353437666335386162366133323566656166393533663061343436323436313962653539363666
2570605b7d238852fb0b96b97547fc58ab6a325feaf953f0a44624619be5966f
f7057906a153907f91b92d7447e0f514750760053237117797600770770347017497d5db14333c940d927f10971f306750d7047a37310770d7757316c2677037219f1b700371671877155707763962971af12f709911774f741b657e427f1b1103d05975770cb1079477287707f20750d9047f3d737df8d3547f2f5043d2f938d917f41776
30643963393937613532663335376335646261326232343464613264383863653631376333393337386165383636626638306530333961666238313535346537
0d9c997a52f357c5dba2b244da2d88ce617c39378ae866bf80e039afb81554e7
6636376466373337373164633766643764363362363533613966376235633737646464666637376166373536373637376239663337333763373737353966393765313962376639373335396630313934313031303034313431303031373232303137363131343431373132323033353033343535313434303130333934303036343035363130383032323131323035303830343734343831373362373735373734373364393737373737393337373966376237333737373737643733643739393965353337373764333937356137333766373737373737366664373937356666666439376665366162373966623737336666376362636666643762363537646664366636373933373737
63666637303966656532346563393234353639613833363336613235326436373965323437633232653630643134356366346233356435366539346135333836
cff709fee24ec924569a83636a252d679e247c22e60d145cf4b35d56e94a5386
f67df73771dc7fd7d63b653a9f7b5c77dddff77af7567677b9f3737c77759f97e19b7f97359f019410100414100172201761144171220350345514401039400640561080221120508047448173b77577473d97777793779f7b7377777d73d7999e53777d3975a737f7777776fd7975fffd97fe6ab79fb773ff7cbcffd7b657dfd6f6793777
65663664376531656436633432396339636663343238336332653337633336616163643834616630633365373034393833636238373662663236386436613939
ef6d7e1ed6c429c9cfc4283c2e37c36aacd84af0c3e704983cb876bf268d6a99
6637303537396636613135333965376639316239366437343437656166353134373562373630303533373337313137373937363030373766373730333437623137343937643764623134333337633934306439333766313039376666333036373566643730343761373733313037376364373735373362366332363737633337323139666662373030333766363731383737643535373037373733393632393762616631326637363939313137373566373431623637376534323766646231313033646635393735373764636231303739363737323837376637663230373536643930343766376437333764663964333534376633663530343364376639333864393737663431373737
33333736363332666365366531626662353834366137633537663861666463633930373932373830303334636435316364333563626364313239666661636339
3376632fce6e1bfb5846a7c57f8afdcc90792780034cd51cd35cbcd129ffacc9
f70579f6a1539e7f91b96d7447eaf51475b76005373711779760077f770347b17497d7db14337c940d937f1097ff30675fd7047a7731077cd77573b6c2677c37219ffb70037f671877d5570777396297baf12f769911775f741b677e427fdb1103df597577dcb10796772877f7f20756d9047f7d737df9d3547f3f5043d7f938d977f41777
36636636376431643937633066653062343463386334376563313163643066333563393666613038643539663036343764656565356165643661616532613039
6cf67d1d97c0fe0b44c8c47ec11cd0f35c96fa08d59f0647deee5aed6aae2a09
6636376466373337373164633766643764363362363533613966376235633737646464666637376166373536373637376239663337333763373737353966393765313962376639373335396630313934313031303034313431303031373232303137363131343431373132323033353033343535623637393966333937376137366437373764393737373564373635623965353737373862363030343031373134363230383137353633383134313830343137303135333630303631303338383130353132313531313132353037323631353334313137363030373030303130303039313030323030323930303533323130333031303131313631303435313030343030333832323136
37393433663931653464613535613432646432643931356665356236373839313832343664353137626631366538626437623864623665643666336262393134
7943f91e4da55a42dd2d915fe5b678918246d517bf16e8bd7b8db6ed6f3bb914
f67df73771dc7fd7d63b653a9f7b5c77dddff77af7567677b9f3737c77759f97e19b7f97359f0194101004141001722017611441712203503455b6799f3977a76d777d97775d765b9e57778b600401714620817563814180417015360061038810512151112507261534117600700010009100200290053210301011161045100400382216
63373363386437663133646432373061393962356563343564323431383034383764663839383161636465653666396538316237393534386133303661623663
c73c8d7f13dd270a99b5ec45d24180487df8981acdee6f9e81b79548a306ab6c
6637303536383036613135303830376639623031326437343634303066353137303530373630393131323337313937323937363066313130373730333435303137343936313564623137323133633934373031323766316138323166333037313530643730363730333733316435373064373737363231366332373336303337323738313162373064313531363731393433313535373731343633393637383131616631373031303939313534373466373464313635376534373730316231313630303035393735313730636231623530343737323933303037663265363030643930353031336437333730303864333537363032663530373130326639333830393137663462333136
33306464393061346266653236386633393732356233376339613336366465306636333232636330323932613638363662653932373063383837663836336266
30dd90a4bfe268f39725b37c9a366de0f6322cc0292a6866be9270c887f863bf
f7056806a150807f9b012d746400f51705076091123719729760f11077034501749615db17213c9470127f1a821f307150d706703731d570d7776216c273603727811b70d151671943155771463967811af170109915474f74d1657e47701b1160005975170cb1b50477293007f2e600d905013d737008d357602f507102f9380917f4b316
31643564363463653633366139326234366565366537323434343036623036346232626166383531613965663038356239346361326263323861343662363364
1d5d64ce636a92b46ee6e7244406b064b2baf851a9ef085b94ca2bc28a46b63d
6636376466373337373164633766643764363362363533613966376235633737646464666637376166373536373637376239663337333763373737353966393765313962376639373335396630313934313031303034313431303031373232303137363131343431373132323033353033343535623637393966333937376137366437373764393737373564373635623965353737373862363030343031373134363230383137353633383134313830343137303135333630303631303338383130353132313531313132353037323631353334313137363030373030303130303039316665366162373966623737336666376362636666643762363537646664366636373933373737
34623263643537356565613831376161326437383830323939353964396434316634396434353165343832346631376339643233386164306634383438653239
4b2cd575eea817aa2d788029959d9d41f49d451e4824f17c9d238ad0f4848e29
f67df73771dc7fd7d63b653a9f7b5c77dddff77af7567677b9f3737c77759f97e19b7f97359f0194101004141001722017611441712203503455b6799f3977a76d777d97775d765b9e57778b6004017146208175638141804170153600610388105121511125072615341176007000100091fe6ab79fb773ff7cbcffd7b657dfd6f6793777
31356136313236383734306331626235626464633963333930633332666230323465336432666564376363303539303462323432343833613361323431386439
15a61268740c1bb5bddc9c390c32fb024e3d2fed7cc05904b242483a3a2418d9
6637303536386636613135303865376639623031366437343634306166353137303562373630393131373337313937323937363066313166373730333435623137343936313764623137323137633934373031333766316138326666333037313566643730363730373733316435376364373737363262366332373336633337323738316662373064313566363731393433643535373731343733393637383162616631373031363939313534373566373464313637376534373730646231313630306635393735313764636231623530363737323933306637663265363036643930353031376437333730303964333537363033663530373130376639333830393737663462333137
66383264383831393766363961313866323065386530663834653231626662323934313930346166653065336138386234656636666565336566343637353062
f82d88197f69a18f20e8e0f84e21bfb2941904afe0e3a88b4ef6fee3ef46750b
f70568f6a1508e7f9b016d74640af51705b76091173719729760f11f770345b1749617db17217c9470137f1a82ff30715fd706707731d57cd77762b6c2736c372781fb70d15f671943d5577147396781baf170169915475f74d1677e4770db11600f597517dcb1b506772930f7f2e606d905017d737009d357603f507107f9380977f4b317
62386563666166666162666666633462333032643863666232363137366535633131303635326166383936353038336336643364383833643534646333643338
b8ecfaffabfffc4b302d8cfb26176e5c110652af8965083c6d3d883d54dc3d38
6636376466373337373164633766643764363362363533613966376235633737646464666637376166373536373637376239663337333763373737353966393765313962376639373335396630313934313031303034313431303031373232303137363131343431373132323033353033343535623637393966333937376137366437373764393737373564373635623965353737373862363030343031373134363230383137353633383134313830343137303135333630303631303339393965353337373764333937356137333766373737373737366664373937356666666439373030323030323930303533323130333031303131313631303435313030343030333832323136
34393439333039666662373262656366356565356334643735356563333763663461313564323362353032373662663336356135363532346566633265653562
4949309ffb72becf5ee5c4d755ec37cf4a15d23b50276bf365a56524efc2ee5b
f67df73771dc7fd7d63b653a9f7b5c77dddff77af7567677b9f3737c77759f97e19b7f97359f0194101004141001722017611441712203503455b6799f3977a76d777d97775d765b9e57778b60040171462081756381418041701536006103999e53777d3975a737f7777776fd7975fffd9700200290053210301011161045100400382216
30613465343064333862663630356463613066333461303633306230356439333631303566336632393864366537663064623734323363663431653765643631
0a4e40d38bf605dca0f34a0630b05d936105f3f298d6e7f0db7423cf41e7ed61
6637303536393036613135303930376639623039326437343634653066353137303530373630393133323337313937373937363066313730373730333437303137343936643564623137323333633934373039323766316138373166333037313530643730363761333733316435373064373737363331366332373337303337323738663162373064313731363731393437313535373731373633393637383731616631373037303939313534373466373464313635376534373766316231313630643035393735313730636231623539343737323933373037663265363530643930353066336437333730663864333537366632663530373164326639333830393137663462333736
61613731626536653135313866346663373631313166363161333839393437396537343736396432666566666437653031313366613664306630356130306131
aa71be6e1518f4fc76111f61a3899479e74769d2feffd7e0113fa6d0f05a00a1
f7056906a150907f9b092d7464e0f51705076091323719779760f170770347017496d5db17233c9470927f1a871f307150d7067a3731d570d7776316c2737037278f1b70d171671947155771763967871af170709915474f74d1657e477f1b1160d05975170cb1b59477293707f2e650d9050f3d7370f8d3576f2f5071d2f9380917f4b376
37323435326636373466616636313239353565653863626366616562393538323335623637376239353534616236336463613066376564373966666432323137
72452f674faf612955ee8cbcfaeb958235b677b9554ab63dca0f7ed79ffd2217
6636376466373337373164633766643764363362363533613966376235633737646464666637376166373536373637376239663337333763373737353966393765313962376639373335396630313934313031303034313431303031373232303137363131343431373132323033353033343535623637393966333937376137366437373764393737373564373635623965353737373862363030343031373134363230383137353633383134313830343137303135333630303631303339393965353337373764333937356137333766373737373737366664373937356666666439376665366162373966623737336666376362636666643762363537646664366636373933373737
36666362353465363939393361346437373336613361343238353766376139353438613234353265353961323536633765643930303766336561376137306263
6fcb54e69993a4d7736a3a42857f7a9548a2452e59a256c7ed9007f3ea7a70bc
f67df73771dc7fd7d63b653a9f7b5c77dddff77af7567677b9f3737c77759f97e19b7f97359f0194101004141001722017611441712203503455b6799f3977a76d777d97775d765b9e57778b60040171462081756381418041701536006103999e53777d3975a737f7777776fd7975fffd97fe6ab79fb773ff7cbcffd7b657dfd6f6793777
64336234363561306663363832653734656130323266366331373566333935376161363762373966353130636238323134303666363363376564653334646536
d3b465a0fc682e74ea022f6c175f3957aa67b79f510cb821406f63c7ede34de6
6637303536396636613135303965376639623039366437343634656166353137303562373630393133373337313937373937363066313766373730333437623137343936643764623137323337633934373039333766316138376666333037313566643730363761373733316435376364373737363362366332373337633337323738666662373064313766363731393437643535373731373733393637383762616631373037363939313534373566373464313637376534373766646231313630646635393735313764636231623539363737323933376637663265363536643930353066376437333730663964333537366633663530373164376639333830393737663462333737
66306530666333616439353533653665613561636562633033613034336134363166336634396136646332343461626437613163616561323431383933653539
f0e0fc3ad9553e6ea5acebc03a043a461f3f49a6dc244abd7a1caea241893e59
f70569f6a1509e7f9b096d7464eaf51705b76091373719779760f17f770347b17496d7db17237c9470937f1a87ff30715fd7067a7731d57cd77763b6c2737c37278ffb70d17f671947d5577177396787baf170769915475f74d1677e477fdb1160df597517dcb1b596772937f7f2e656d9050f7d7370f9d3576f3f5071d7f9380977f4b377
34343236646532353737303036646538636565366630626438616138363737373530396337393731303365663430663431393339333864666665666666663734
4426de2577006de8cee6f0bd8aa86777509c797103ef40f4193938dffeffff74
6636376466373337373164633766643764363362363533613966376235633737646464666637376166373536373637376239663337333763373737353966393765313962376639373335396630313934313031303034313431303031373232303137363131343431373132323033353033343535623637393966333937376137366437373764393737373564373635623965353737373862373362373735373734373364393737373737393337373966376237333737373737643733643738383130353132313531313132353037323631353334313137363030373030303130303039313030323030323930303533323130333031303131313631303435313030343030333832323136
63643436636663343363616231386139643965643665653764626539316634646666363136323962386133363134626238616430376133626336356231313639
cd46cfc43cab18a9d9ed6ee7dbe91f4dff61629b8a3614bb8ad07a3bc65b1169
f67df73771dc7fd7d63b653a9f7b5c77dddff77af7567677b9f3737c77759f97e19b7f97359f0194101004141001722017611441712203503455b6799f3977a76d777d97775d765b9e57778b73b77577473d97777793779f7b7377777d73d78810512151112507261534117600700010009100200290053210301011161045100400382216
63356537616663316333306536343938313237636633323165313731643835613231396632633533343966653961613163376661303332643231613162363865
c5e7afc1c30e6498127cf321e171d85a219f2c5349fe9aa1c7fa032d21a1b68e
6637303537383036613135333830376639626231326437343637303066353137373530373630393531323337313937323937363066373130373730333435303137343937313564623137333133633934376431323766316139323166333037373530643730363730333733316437373064373737373231366332373736303337323739313162373064333531363731393733313535373737343633393637393131616631376631303939313537373466373464623635376534373730316231313633303035393735373730636231623730343737323937303037663265373030643930353731336437333764303864333537373032663530373330326639333864393137663462373136
39363465363233346134363034366639343066326135616231336438666264346639323534393330306337386431636538383833336635383664376462373439
964e6234a46046f940f2a5ab13d8fbd4f92549300c78d1ce88833f586d7db749
f7057806a153807f9bb12d746700f51775076095123719729760f71077034501749715db17313c947d127f1a921f307750d706703731d770d7777216c277603727911b70d351671973155777463967911af17f109915774f74db657e47701b1163005975770cb1b70477297007f2e700d905713d737d08d357702f507302f938d917f4b716
37656635636666383065376137323731326262323433343763356162396166393761663066623862363438363436346637643933366138646662663830616666
7ef5cff80e7a72712bb24347c5ab9af97af0fb8b6486464f7d936a8dfbf80aff
6636376466373337373164633766643764363362363533613966376235633737646464666637376166373536373637376239663337333763373737353966393765313962376639373335396630313934313031303034313431303031373232303137363131343431373132323033353033343535623637393966333937376137366437373764393737373564373635623965353737373862373362373735373734373364393737373737393337373966376237333737373737643733643738383130353132313531313132353037323631353334313137363030373030303130303039316665366162373966623737336666376362636666643762363537646664366636373933373737
61663138633739376636333861666536313132353032663036393639623039343166316364636631623262323566653031333765333932386362326435363231
af18c797f638afe6112502f06969b0941f1cdcf1b2b25fe0137e3928cb2d5621
f67df73771dc7fd7d63b653a9f7b5c77dddff77af7567677b9f3737c77759f97e19b7f97359f0194101004141001722017611441712203503455b6799f3977a76d777d97775d765b9e57778b73b77577473d97777793779f7b7377777d73d788105121511125072615341176007000100091fe6ab79fb773ff7cbcffd7b657dfd6f6793777
63656138633434303138626136623435326135643639633531353633306464346465353930333461333031333134393139623732336532343663376235666437
cea8c44018ba6b452a5d69c515630dd4de59034a301314919b723e246c7b5fd7
6637303537386636613135333865376639626231366437343637306166353137373562373630393531373337313937323937363066373166373730333435623137343937313764623137333137633934376431333766316139326666333037373566643730363730373733316437376364373737373262366332373736633337323739316662373064333566363731393733643535373737343733393637393162616631376631363939313537373566373464623637376534373730646231313633306635393735373764636231623730363737323937306637663265373036643930353731376437333764303964333537373033663530373330376639333864393737663462373137
38656561336538633665656132343433613134343434323032373430303661366539396530373737323539316137356464343135343336633234666131376430
8eea3e8c6eea2443a1444420274006a6e99e07772591a75dd415436c24fa17d0
f70578f6a1538e7f9bb16d74670af51775b76095173719729760f71f770345b1749717db17317c947d137f1a92ff30775fd706707731d77cd77772b6c2776c372791fb70d35f671973d5577747396791baf17f169915775f74db677e4770db11630f597577dcb1b706772970f7f2e706d905717d737d09d357703f507307f938d977f4b717
62346338656562656161323166653664386630633563386334663866646234316562636666396162393738333562336434323631663731353934323734373533
b4c8eebeaa21fe6d8f0c5c8c4f8fdb41ebcff9ab97835b3d4261f71594274753
6636376466373337373164633766643764363362363533613966376235633737646464666637376166373536373637376239663337333763373737353966393765313962376639373335396630313934313031303034313431303031373232303137363131343431373132323033353033343535623637393966333937376137366437373764393737373564373635623965353737373862373362373735373734373364393737373737393337373966376237333737373737643733643739393965353337373764333937356137333766373737373737366664373937356666666439373030323030323930303533323130333031303131313631303435313030343030333832323136
35373638643332633333333035353265303363323566366464323162383935663863363564663034373263623562353634626463666136326336333239383735
5768d32c3330552e03c25f6dd21b895f8c65df0472cb5b564bdcfa62c6329875
f67df73771dc7fd7d63b653a9f7b5c77dddff77af7567677b9f3737c77759f97e19b7f97359f0194101004141001722017611441712203503455b6799f3977a76d777d97775d765b9e57778b73b77577473d97777793779f7b7377777d73d7999e53777d3975a737f7777776fd7975fffd9700200290053210301011161045100400382216
39656134623466343161666563393931663563656235306439663533356531623964653338626562613734363633616230343665616138613939323030353361
9ea4b4f41afec991f5ceb50d9f535e1b9de38beba74663ab046eaa8a9920053a
6637303537393036613135333930376639626239326437343637653066353137373530373630393533323337313937373937363066373730373730333437303137343937643564623137333333633934376439323766316139373166333037373530643730363761333733316437373064373737373331366332373737303337323739663162373064333731363731393737313535373737373633393637393731616631376637303939313537373466373464623635376534373766316231313633643035393735373730636231623739343737323937373037663265373530643930353766336437333764663864333537376632663530373364326639333864393137663462373736
65613965333535363132386465343432333562623761666563643030333466366464376432356536643230393564376631323538633563373436313632643931
ea9e3556128de44235bb7afecd0034f6dd7d25e6d2095d7f1258c5c746162d91
f7057906a153907f9bb92d7467e0f51775076095323719779760f770770347017497d5db17333c947d927f1a971f307750d7067a3731d770d7777316c2777037279f1b70d371671977155777763967971af17f709915774f74db657e477f1b1163d05975770cb1b79477297707f2e750d9057f3d737df8d3577f2f5073d2f938d917f4b776
66643533663562313436373035323834356466653630636265616462616535316665336361366331366637306664346462363036353638643736613731303066
fd53f5b1467052845dfe60cbeadbae51fe3ca6c16f70fd4db606568d76a7100f
6636376466373337373164633766643764363362363533613966376235633737646464666637376166373536373637376239663337333763373737353966393765313962376639373335396630313934313031303034313431303031373232303137363131343431373132323033353033343535623637393966333937376137366437373764393737373564373635623965353737373862373362373735373734373364393737373737393337373966376237333737373737643733643739393965353337373764333937356137333766373737373737366664373937356666666439376665366162373966623737336666376362636666643762363537646664366636373933373737
31663533353462323739643732666533386239323037303036346436643934623838346166653565353032343766383264306434333561386534633038663134
1f5354b279d72fe38b92070064d6d94b884afe5e50247f82d0d435a8e4c08f14
f67df73771dc7fd7d63b653a9f7b5c77dddff77af7567677b9f3737c77759f97e19b7f97359f0194101004141001722017611441712203503455b6799f3977a76d777d97775d765b9e57778b73b77577473d97777793779f7b7377777d73d7999e53777d3975a737f7777776fd7975fffd97fe6ab79fb773ff7cbcffd7b657dfd6f6793777
35336232633164663365653338393937343162633965656533323135373963613833363135636238383265356232326266343534663666383665616162343466
53b2c1df3ee3899741bc9eee321579ca83615cb882e5b22bf454f6f86eaab44f
6637303537396636613135333965376639626239366437343637656166353137373562373630393533373337313937373937363066373766373730333437623137343937643764623137333337633934376439333766316139376666333037373566643730363761373733316437376364373737373362366332373737633337323739666662373064333766363731393737643535373737373733393637393762616631376637363939313537373566373464623637376534373766646231313633646635393735373764636231623739363737323937376637663265373536643930353766376437333764663964333537376633663530373364376639333864393737663462373737
38663734326534396465323332663465383237643231366634623731616266646135393133353864383165653831626236316535333039303638666638363530
8f742e49de232f4e827d216f4b71abfda591358d81ee81bb61e5309068ff8650
f70579f6a1539e7f9bb96d7467eaf51775b76095373719779760f77f770347b17497d7db17337c947d937f1a97ff30775fd7067a7731d77cd77773b6c2777c37279ffb70d37f671977d5577777396797baf17f769915775f74db677e477fdb1163df597577dcb1b796772977f7f2e756d9057f7d737df9d3577f3f5073d7f938d977f4b777
33363832623636396132353861393164626161323462666137316532356434306132663730333366363939373334366337623634616238306336386437653537
3682b669a258a91dbaa24bfa71e25d40a2f7033f6997346c7b64ab80c68d7e57
6636376466373337373164633766643764363362363533613966376235633737646464666637376166373536373637376239663337333763373737353966393765313962376639373335396633353937353762663737373537643562373736643537366637373766373736333333376533353535313434303130333934303036343035363130383032323131323035303830343734343831363030343031373134363230383137353633383134313830343137303135333630303631303338383130353132313531313132353037323631353334313137363030373030303130303039313030323030323930303533323130333031303131313631303435313030343030333832323136
63303833643364316461383362666131373830633466313935303630646232636665353037313064643465663431303034393932626436303434303738306536
c083d3d1da83bfa1780c4f195060db2cfe50710dd4ef41004992bd60440780e6
f67df73771dc7fd7d63b653a9f7b5c77dddff77af7567677b9f3737c77759f97e19b7f97359f359757bf77757d5b776d576f777f7763337e3555144010394006405610802211205080474481600401714620817563814180417015360061038810512151112507261534117600700010009100200290053210301011161045100400382216
64386365626433646134326466386534313633613834643539363131393665353064306530313533383439666161643762623032316663646533303866383332
d8cebd3da42df8e4163a84d5961196e50d0e0153849faad7bb021fcde308f832
6637333536383036613535303830376639313031326437373434303066353534303530373637303131323337623137323937366630313130373737333435303137373936313564623734323133633935303031323766373038323166336436313530643735343730333733623035373064373735363231366337363336303337363138313162376430313531363735383433313535373031343633393632383131616666323031303939373134373466373731313635376537323730316231663030303035393735313730636237303530343737363833303037663330363030643933343031336437333730303864333734363032663565343130326639333830393137663531333136
33393633383263363732613734643161666435626532366664303537616261313630623330363962336537363964306638303031326235346662313437643230
396382c672a74d1afd5be26fd057aba160b3069b3e769d0f80012b54fb147d20
f7356806a550807f91012d774400f554050767011237b172976f011077734501779615db74213c9500127f70821f3d6150d75470373b0570d7756216c763603761811b7d0151675843155701463962811aff20109971474f7711657e72701b1f00005975170cb7050477683007f30600d934013d737008d374602f5e4102f9380917f51316
38373761356266303466626337633237313030373633393731303037633936353739323836313732343237316330383533356162653536326462623462373337
877a5bf04fbc7c27100763971007c965792861724271c08535abe562dbb4b737
6636376466373337373164633766643764363362363533613966376235633737646464666637376166373536373637376239663337333763373737353966393765313962376639373335396633353937353762663737373537643562373736643537366637373766373736333333376533353535313434303130333934303036343035363130383032323131323035303830343734343831363030343031373134363230383137353633383134313830343137303135333630303631303338383130353132313531313132353037323631353334313137363030373030303130303039316665366162373966623737336666376362636666643762363537646664366636373933373737
37313435616238646137656563363532646565346231383631623864373132346662336338363032373537353965396135316363653031613238313030633563
7145ab8da7eec652dee4b1861b8d7124fb3c860275759e9a51cce01a28100c5c
f67df73771dc7fd7d63b653a9f7b5c77dddff77af7567677b9f3737c77759f97e19b7f97359f359757bf77757d5b776d576f777f7763337e35551440103940064056108022112050804744816004017146208175638141804170153600610388105121511125072615341176007000100091fe6ab79fb773ff7cbcffd7b657dfd6f6793777
36646166333230353733653661333734653732366163626461313632346330323065613539656165326163383030626531643837396166643263393331363362
6daf320573e6a374e726acbda1624c020ea59eae2ac800be1d879afd2c93163b
6637333536386636613535303865376639313031366437373434306166353534303562373637303131373337623137323937366630313166373737333435623137373936313764623734323137633935303031333766373038326666336436313566643735343730373733623035376364373735363262366337363336633337363138316662376430313566363735383433643535373031343733393632383162616666323031363939373134373566373731313637376537323730646231663030306635393735313764636237303530363737363833306637663330363036643933343031376437333730303964333734363033663565343130376639333830393737663531333137
36343230643737633063356130323763313864343639326638313334333936313130303634356236393532376266386534326265313136636262373632356237
6420d77c0c5a027c18d4692f81343961100645b69527bf8e42be116cbb7625b7
f73568f6a5508e7f91016d77440af55405b767011737b172976f011f777345b1779617db74217c9500137f7082ff3d615fd75470773b057cd77562b6c7636c376181fb7d015f675843d5570147396281baff20169971475f7711677e7270db1f000f597517dcb70506776830f7f30606d934017d737009d374603f5e4107f9380977f51317
34383439356237326162343539613661656336396233373966653161653365633439396563613666343435356334623138366338323566363565613333663063
48495b72ab459a6aec69b379fe1ae3ec499eca6f4455c4b186c825f65ea33f0c
6636376466373337373164633766643764363362363533613966376235633737646464666637376166373536373637376239663337333763373737353966393765313962376639373335396633353937353762663737373537643562373736643537366637373766373736333333376533353535313434303130333934303036343035363130383032323131323035303830343734343831363030343031373134363230383137353633383134313830343137303135333630303631303339393965353337373764333937356137333766373737373737366664373937356666666439373030323030323930303533323130333031303131313631303435313030343030333832323136
39646134333139303531663232653738303266336437383631353639333537306531316666343839313830336233356339343730386636336265393932633034
9da4319051f22e7802f3d78615693570e11ff4891803b35c94708f63be992c04
f67df73771dc7fd7d63b653a9f7b5c77dddff77af7567677b9f3737c77759f97e19b7f97359f359757bf77757d5b776d576f777f7763337e355514401039400640561080221120508047448160040171462081756381418041701536006103999e53777d3975a737f7777776fd7975fffd9700200290053210301011161045100400382216
35303534323834356132343835333965363431623238616262646633393132386366626430663236306366643939363037393065653836366265353433393538
50542845a248539e641b28abbdf39128cfbd0f260cfd9960790ee866be543958
6637333536393036613535303930376639313039326437373434653066353534303530373637303133323337623137373937366630313730373737333437303137373936643564623734323333633935303039323766373038373166336436313530643735343761333733623035373064373735363331366337363337303337363138663162376430313731363735383437313535373031373633393632383731616666323037303939373134373466373731313635376537323766316231663030643035393735313730636237303539343737363833373037663330363530643933343066336437333730663864333734366632663565343164326639333830393137663531333736
35666135613539613334373132623265343762316361663562343239656533383266643135663366633865376265343232316661383738303032643937363039
5fa5a59a34712b2e47b1caf5b429ee382fd15f3fc8e7be4221fa878002d97609
f7356906a550907f91092d7744e0f554050767013237b177976f0170777347017796d5db74233c9500927f70871f3d6150d7547a373b0570d7756316c7637037618f1b7d0171675847155701763962871aff20709971474f7711657e727f1b1f00d05975170cb7059477683707f30650d9340f3d7370f8d3746f2f5e41d2f9380917f51376
31333538373762646362313665383866303664323234306237313635303831613965646133666530323233326664393163333866393038383837393965626632
135877bdcb16e88f06d2240b7165081a9eda3fe02232fd91c38f90888799ebf2
6636376466373337373164633766643764363362363533613966376235633737646464666637376166373536373637376239663337333763373737353966393765313962376639373335396633353937353762663737373537643562373736643537366637373766373736333333376533353535313434303130333934303036343035363130383032323131323035303830343734343831363030343031373134363230383137353633383134313830343137303135333630303631303339393965353337373764333937356137333766373737373737366664373937356666666439376665366162373966623737336666376362636666643762363537646664366636373933373737
65346232623234636262653536386666303666666432366632316665366138333635646337666439356236316630376234666366633039326130306336633330
e4b2b24cbbe568ff06ffd26f21fe6a8365dc7fd95b61f07b4fcfc092a00c6c30
f67df73771dc7fd7d63b653a9f7b5c77dddff77af7567677b9f3737c77759f97e19b7f97359f359757bf77757d5b776d576f777f7763337e355514401039400640561080221120508047448160040171462081756381418041701536006103999e53777d3975a737f7777776fd7975fffd97fe6ab79fb773ff7cbcffd7b657dfd6f6793777
38333735333261373761383465616132653764383766303332666438653163343463313131636335623633363434376535633337303731646362316236613839
837532a77a84eaa2e7d87f032fd8e1c44c111cc5b636447e5c37071dcb1b6a89
6637333536396636613535303965376639313039366437373434656166353534303562373637303133373337623137373937366630313766373737333437623137373936643764623734323337633935303039333766373038376666336436313566643735343761373733623035376364373735363362366337363337633337363138666662376430313766363735383437643535373031373733393632383762616666323037363939373134373566373731313637376537323766646231663030646635393735313764636237303539363737363833376637663330363536643933343066376437333730663964333734366633663565343164376639333830393737663531333737
37666636366661303932613235353061636333303835336438663730343766643462346336313630303132376162666561653365353065623037613137316130
7ff66fa092a2550acc30853d8f7047fd4b4c61600127abfeae3e50eb07a171a0
f73569f6a5509e7f91096d7744eaf55405b767013737b177976f017f777347b17796d7db74237c9500937f7087ff3d615fd7547a773b057cd77563b6c7637c37618ffb7d017f675847d5570177396287baff20769971475f7711677e727fdb1f00df597517dcb70596776837f7f30656d9340f7d7370f9d3746f3f5e41d7f9380977f51377
33373765613830646562393362366564343565656133363561363861666633316162336235666535633039613136343066323337333934373138396335643037
377ea80deb93b6ed45eea365a68aff31ab3b5fe5c09a1640f2373947189c5d07
6636376466373337373164633766643764363362363533613966376235633737646464666637376166373536373637376239663337333763373737353966393765313962376639373335396633353937353762663737373537643562373736643537366637373766373736333333376533353535313434303130333934303036343035363130383032323131323035303830343734343831373362373735373734373364393737373737393337373966376237333737373737643733643738383130353132313531313132353037323631353334313137363030373030303130303039313030323030323930303533323130333031303131313631303435313030343030333832323136
61653662616163383532373832383965353837656631326332666238363431353436313832393634653461396634396336626437636236323737396535393364
ae6baac85278289e587ef12c2fb8641546182964e4a9f49c6bd7cb62779e593d
f67df73771dc7fd7d63b653a9f7b5c77dddff77af7567677b9f3737c77759f97e19b7f97359f359757bf77757d5b776d576f777f7763337e355514401039400640561080221120508047448173b77577473d97777793779f7b7377777d73d78810512151112507261534117600700010009100200290053210301011161045100400382216
38623831353439346637373964313862393438653262393763616162623939356539333261366638666163653838306535356337613138383632363038343536
8b815494f779d18b948e2b97caabb995e932a6f8face880e55c7a18862608456
6637333537383036613535333830376639316231326437373437303066353534373530373637303531323337623137323937366630373130373737333435303137373937313564623734333133633935306431323766373039323166336436373530643735343730333733623037373064373735373231366337363736303337363139313162376430333531363735383733313535373037343633393632393131616666326631303939373137373466373731623635376537323730316231663033303035393735373730636237303730343737363837303037663330373030643933343731336437333764303864333734373032663565343330326639333864393137663531373136
32626439663738343138363432393065333462666562306466386636636136646266306637626265343130613965313139646131656366343836656562643366
2bd9f7841864290e34bfeb0df8f6ca6dbf0f7bbe410a9e119da1ecf486eebd3f
f7357806a553807f91b12d774700f554750767051237b172976f071077734501779715db74313c950d127f70921f3d6750d75470373b0770d7757216c767603761911b7d0351675873155707463962911aff2f109971774f771b657e72701b1f03005975770cb7070477687007f30700d934713d737d08d374702f5e4302f938d917f51716
65663637383064353161643733306232393464363235653632373238663861663064643266396634366430383036366161313264303233643932366539656466
ef6780d51ad730b294d625e62728f8af0dd2f9f46d08066aa12d023d926e9edf
6636376466373337373164633766643764363362363533613966376235633737646464666637376166373536373637376239663337333763373737353966393765313962376639373335396633353937353762663737373537643562373736643537366637373766373736333333376533353535313434303130333934303036343035363130383032323131323035303830343734343831373362373735373734373364393737373737393337373966376237333737373737643733643738383130353132313531313132353037323631353334313137363030373030303130303039316665366162373966623737336666376362636666643762363537646664366636373933373737
34393831656562666533626437306239633134626630616665393532343334663039646633636231333433346234383261373766376463363362626235396131
4981eebfe3bd70b9c14bf0afe952434f09df3cb13434b482a77f7dc63bbb59a1
f67df73771dc7fd7d63b653a9f7b5c77dddff77af7567677b9f3737c77759f97e19b7f97359f359757bf77757d5b776d576f777f7763337e355514401039400640561080221120508047448173b77577473d97777793779f7b7377777d73d788105121511125072615341176007000100091fe6ab79fb773ff7cbcffd7b657dfd6f6793777
34306630363262383335383931646533323434636263636135656636653066363332373838373531346364373539303863346332346533333134626631386266
40f062b835891de3244cbcca5ef6e0f6327887514cd75908c4c24e3314bf18bf
6637333537386636613535333865376639316231366437373437306166353534373562373637303531373337623137323937366630373166373737333435623137373937313764623734333137633935306431333766373039326666336436373566643735343730373733623037376364373735373262366337363736633337363139316662376430333566363735383733643535373037343733393632393162616666326631363939373137373566373731623637376537323730646231663033306635393735373764636237303730363737363837306637663330373036643933343731376437333764303964333734373033663565343330376639333864393737663531373137
34636562323165336536353761393964393432383664343436633038306366373536343063373835336136363265633262636134643439633263363462326531
4ceb21e3e657a99d94286d446c080cf75640c7853a662ec2bca4d49c2c64b2e1
f73578f6a5538e7f91b16d77470af55475b767051737b172976f071f777345b1779717db74317c950d137f7092ff3d675fd75470773b077cd77572b6c7676c376191fb7d035f675873d5570747396291baff2f169971775f771b677e7270db1f030f597577dcb70706776870f7f30706d934717d737d09d374703f5e4307f938d977f51717
64613531376439333236653433666233383537616166396561323466386130366335323637643437346137613932323838623530306665303864346530313639
da517d9326e43fb3857aaf9ea24f8a06c5267d474a7a92288b500fe08d4e0169
6636376466373337373164633766643764363362363533613966376235633737646464666637376166373536373637376239663337333763373737353966393765313962376639373335396633353937353762663737373537643562373736643537366637373766373736333333376533353535313434303130333934303036343035363130383032323131323035303830343734343831373362373735373734373364393737373737393337373966376237333737373737643733643739393965353337373764333937356137333766373737373737366664373937356666666439373030323030323930303533323130333031303131313631303435313030343030333832323136
35326230323230316263356561663864626237343939396665326262633838623233393363363465343136323033616235316537353165346566323437323034
52b02201bc5eaf8dbb74999fe2bbc88b2393c64e416203ab51e751e4ef247204
f67df73771dc7fd7d63b653a9f7b5c77dddff77af7567677b9f3737c77759f97e19b7f97359f359757bf77757d5b776d576f777f7763337e355514401039400640561080221120508047448173b77577473d97777793779f7b7377777d73d7999e53777d3975a737f7777776fd7975fffd9700200290053210301011161045100400382216
30373565353035383834343831376465363633393831336432323034363736643561323537386235363738323531663037393436646364333661643965393663
075e5058844817de6639813d2204676d5a2578b5678251f07946dcd36ad9e96c
6637333537393036613535333930376639316239326437373437653066353534373530373637303533323337623137373937366630373730373737333437303137373937643564623734333333633935306439323766373039373166336436373530643735343761333733623037373064373735373331366337363737303337363139663162376430333731363735383737313535373037373633393632393731616666326637303939373137373466373731623635376537323766316231663033643035393735373730636237303739343737363837373037663330373530643933343766336437333764663864333734376632663565343364326639333864393137663531373736
65303064303936663564333334623065653535366563636637393136623037623631663665633464323831313932366661626333613530306636383632316336
e00d096f5d334b0ee556eccf7916b07b61f6ec4d2811926fabc3a500f68621c6
f7357906a553907f91b92d7747e0f554750767053237b177976f0770777347017797d5db74333c950d927f70971f3d6750d7547a373b0770d7757316c7677037619f1b7d0371675877155707763962971aff2f709971774f771b657e727f1b1f03d05975770cb7079477687707f30750d9347f3d737df8d3747f2f5e43d2f938d917f51776
30616437636139653962626661643131313361383663366163646431646564356661666265316430356430386165633463623761623435613665383538333764
0ad7ca9e9bbfad1113a86c6acdd1ded5fafbe1d05d08aec4cb7ab45a6e85837d
6636376466373337373164633766643764363362363533613966376235633737646464666637376166373536373637376239663337333763373737353966393765313962376639373335396633353937353762663737373537643562373736643537366637373766373736333333376533353535313434303130333934303036343035363130383032323131323035303830343734343831373362373735373734373364393737373737393337373966376237333737373737643733643739393965353337373764333937356137333766373737373737366664373937356666666439376665366162373966623737336666376362636666643762363537646664366636373933373737
66383733316231363661316531346134383838396534633537396430653436326533646630356466386261666336303939303233623937666163353137336334
f8731b166a1e14a48889e4c579d0e462e3df05df8bafc6099023b97fac5173c4
f67df73771dc7fd7d63b653a9f7b5c77dddff77af7567677b9f3737c77759f97e19b7f97359f359757bf77757d5b776d576f777f7763337e355514401039400640561080221120508047448173b77577473d97777793779f7b7377777d73d7999e53777d3975a737f7777776fd7975fffd97fe6ab79fb773ff7cbcffd7b657dfd6f6793777
33333063393563356439613265346533326561653861623630313366663533613061643561663339623363303730383538353237366533336364643032356134
330c95c5d9a2e4e32eae8ab6013ff53a0ad5af39b3c0708585276e33cdd025a4
6637333537396636613535333965376639316239366437373437656166353534373562373637303533373337623137373937366630373766373737333437623137373937643764623734333337633935306439333766373039376666336436373566643735343761373733623037376364373735373362366337363737633337363139666662376430333766363735383737643535373037373733393632393762616666326637363939373137373566373731623637376537323766646231663033646635393735373764636237303739363737363837376637663330373536643933343766376437333764663964333734376633663565343364376639333864393737663531373737
36373533313830386435396537663035343964303136623461636265623838386265326533663465386635633834646361626338363434303737666533323432
67531808d59e7f0549d016b4acbeb888be2e3f4e8f5c84dcabc8644077fe3242
f73579f6a5539e7f91b96d7747eaf55475b767053737b177976f077f777347b17797d7db74337c950d937f7097ff3d675fd7547a773b077cd77573b6c7677c37619ffb7d037f675877d5570777396297baff2f769971775f771b677e727fdb1f03df597577dcb70796776877f7f30756d9347f7d737df9d3747f3f5e43d7f938d977f51777
39636465643664613965393066353536663239383833393131373339643132663534396630656130363962393831623765623266346563643066356163343263
9cded6da9e90f556f29883911739d12f549f0ea069b981b7eb2f4ecd0f5ac42c
6636376466373337373164633766643764363362363533613966376235633737646464666637376166373536373637376239663337333763373737353966393765313962376639373335396633353937353762663737373537643562373736643537366637373766373736333333376533353535623637393966333937376137366437373764393737373564373635623965353737373862363030343031373134363230383137353633383134313830343137303135333630303631303338383130353132313531313132353037323631353334313137363030373030303130303039313030323030323930303533323130333031303131313631303435313030343030333832323136
64383166363432626430383332303566646539383164316430623637343934393031636236646235613430663233636336313662326563363736343763636264
d81f642bd083205fde981d1d0b67494901cb6db5a40f23cc616b2ec67647ccbd
f67df73771dc7fd7d63b653a9f7b5c77dddff77af7567677b9f3737c77759f97e19b7f97359f359757bf77757d5b776d576f777f7763337e3555b6799f3977a76d777d97775d765b9e57778b600401714620817563814180417015360061038810512151112507261534117600700010009100200290053210301011161045100400382216
61393466303032363439333231613532373664373165376665396530633331623635336664643661326534363334316465333236613136383631656366303437
a94f002649321a5276d71e7fe9e0c31b653fdd6a2e46341de326a16861ecf047
6637333536383036613535303830376639623031326437373634303066353537303530373637393131323337623937323937366666313130373737333435303137373936313564623737323133633935373031323766376138323166336437313530643735363730333733626435373064373737363231366337373336303337363738313162376464313531363735393433313535373731343633393637383131616666373031303939373534373466373764313635376537373730316231663630303035393735313730636237623530343737363933303037663365363030643933353031336437333730303864333737363032663565373130326639333830393137663562333136
35633064643431383761396332323834623464366530343739323864643062393431653264623030373362343738386563663039396339376665613833333934
5c0dd4187a9c2284b4d6e047928dd0b941e2db0073b4788ecf099c97fea83394
f7356806a550807f9b012d776400f557050767911237b972976ff11077734501779615db77213c9570127f7a821f3d7150d75670373bd570d7776216c773603767811b7dd151675943155771463967811aff70109975474f77d1657e77701b1f60005975170cb7b50477693007f3e600d935013d737008d377602f5e7102f9380917f5b316
39616137386266303965323965363437653233633561316262623134653739373239346130333734313238323134636565643134303865323866393265306264
9aa78bf09e29e647e23c5a1bbb14e797294a0374128214ceed1408e28f92e0bd
6636376466373337373164633766643764363362363533613966376235633737646464666637376166373536373637376239663337333763373737353966393765313962376639373335396633353937353762663737373537643562373736643537366637373766373736333333376533353535623637393966333937376137366437373764393737373564373635623965353737373862363030343031373134363230383137353633383134313830343137303135333630303631303338383130353132313531313132353037323631353334313137363030373030303130303039316665366162373966623737336666376362636666643762363537646664366636373933373737
62386630386431366262313662666634633661623032636462323832393461363462613736613966353438643561313364633365396337313164333038336239
b8f08d16bb16bff4c6ab02cdb28294a64ba76a9f548d5a13dc3e9c711d3083b9
f67df73771dc7fd7d63b653a9f7b5c77dddff77af7567677b9f3737c77759f97e19b7f97359f359757bf77757d5b776d576f777f7763337e3555b6799f3977a76d777d97775d765b9e57778b6004017146208175638141804170153600610388105121511125072615341176007000100091fe6ab79fb773ff7cbcffd7b657dfd6f6793777
32383436363961396365303632356330353966633862376138643962333063623031313963303834363736393234353936383732313661383539313939323835
284669a9ce0625c059fc8b7a8d9b30cb0119c08467692459687216a859199285
6637333536386636613535303865376639623031366437373634306166353537303562373637393131373337623937323937366666313166373737333435623137373936313764623737323137633935373031333766376138326666336437313566643735363730373733626435376364373737363262366337373336633337363738316662376464313566363735393433643535373731343733393637383162616666373031363939373534373566373764313637376537373730646231663630306635393735313764636237623530363737363933306637663365363036643933353031376437333730303964333737363033663565373130376639333830393737663562333137
61303439646539383132383863393538333266326662646363633432633061393539316461323965616130386437663563383838646266643831373135393034
a049de981288c95832f2fbdccc42c0a9591da29eaa08d7f5c888dbfd81715904
f73568f6a5508e7f9b016d77640af55705b767911737b972976ff11f777345b1779617db77217c9570137f7a82ff3d715fd75670773bd57cd77762b6c7736c376781fb7dd15f675943d5577147396781baff70169975475f77d1677e7770db1f600f597517dcb7b506776930f7f3e606d935017d737009d377603f5e7107f9380977f5b317
64666566383335616538666639363037646638656134316439383234303131656331616632336330373830376232663636613061383334363766336366326138
dfef835ae8ff9607df8ea41d9824011ec1af23c07807b2f66a0a83467f3cf2a8
6636376466373337373164633766643764363362363533613966376235633737646464666637376166373536373637376239663337333763373737353966393765313962376639373335396633353937353762663737373537643562373736643537366637373766373736333333376533353535623637393966333937376137366437373764393737373564373635623965353737373862363030343031373134363230383137353633383134313830343137303135333630303631303339393965353337373764333937356137333766373737373737366664373937356666666439373030323030323930303533323130333031303131313631303435313030343030333832323136
39303162346234376166633462633831616266663735656333636234623164396263343763353161626262356435303062386439386630343433313936313166
901b4b47afc4bc81abff75ec3cb4b1d9bc47c51abbb5d500b8d98f044319611f
f67df73771dc7fd7d63b653a9f7b5c77dddff77af7567677b9f3737c77759f97e19b7f97359f359757bf77757d5b776d576f777f7763337e3555b6799f3977a76d777d97775d765b9e57778b60040171462081756381418041701536006103999e53777d3975a737f7777776fd7975fffd9700200290053210301011161045100400382216
39623837613831643063383335393764663862393537313438336261313763313438396464376564353737373462376532373165653965386164643862666562
9b87a81d0c83597df8b9571483ba17c1489dd7ed57774b7e271ee9e8add8bfeb
6637333536393036613535303930376639623039326437373634653066353537303530373637393133323337623937373937366666313730373737333437303137373936643564623737323333633935373039323766376138373166336437313530643735363761333733626435373064373737363331366337373337303337363738663162376464313731363735393437313535373731373633393637383731616666373037303939373534373466373764313635376537373766316231663630643035393735313730636237623539343737363933373037663365363530643933353066336437333730663864333737366632663565373164326639333830393137663562333736
35303033616131333438366639373633353938316632343833336435613433346366336166323438313733343634356334336561323763333332393832313437
5003aa13486f97635981f24833d5a434cf3af2481734645c43ea27c332982147
f7356906a550907f9b092d7764e0f557050767913237b977976ff170777347017796d5db77233c9570927f7a871f3d7150d7567a373bd570d7776316c7737037678f1b7dd171675947155771763967871aff70709975474f77d1657e777f1b1f60d05975170cb7b59477693707f3e650d9350f3d7370f8d3776f2f5e71d2f9380917f5b376
33393962373538323434336365636366393237383835316638326237323262616232666463326538643030626365303034653235633466616532363935366262
399b7582443ceccf9278851f82b722bab2fdc2e8d00bce004e25c4fae26956bb
6636376466373337373164633766643764363362363533613966376235633737646464666637376166373536373637376239663337333763373737353966393765313962376639373335396633353937353762663737373537643562373736643537366637373766373736333333376533353535623637393966333937376137366437373764393737373564373635623965353737373862363030343031373134363230383137353633383134313830343137303135333630303631303339393965353337373764333937356137333766373737373737366664373937356666666439376665366162373966623737336666376362636666643762363537646664366636373933373737
64333330323963626635336166396433623362643836316162363864363033623063323230326635633434353031633635376163356230333932633363663739
d33029cbf53af9d3b3bd861ab68d603b0c2202f5c44501c657ac5b0392c3cf79
f67df73771dc7fd7d63b653a9f7b5c77dddff77af7567677b9f3737c77759f97e19b7f97359f359757bf77757d5b776d576f777f7763337e3555b6799f3977a76d777d97775d765b9e57778b60040171462081756381418041701536006103999e53777d3975a737f7777776fd7975fffd97fe6ab79fb773ff7cbcffd7b657dfd6f6793777
39376133656463346635613662613661393064636239393633656665623839396231663531346365356338336361366536333361343062323738373035653366
97a3edc4f5a6ba6a90dcb9963efeb899b1f514ce5c83ca6e633a40b278705e3f
6637333536396636613535303965376639623039366437373634656166353537303562373637393133373337623937373937366666313766373737333437623137373936643764623737323337633935373039333766376138376666336437313566643735363761373733626435376364373737363362366337373337633337363738666662376464313766363735393437643535373731373733393637383762616666373037363939373534373566373764313637376537373766646231663630646635393735313764636237623539363737363933376637663365363536643933353066376437333730663964333737366633663565373164376639333830393737663562333737
31316139313134316238373934653665396166643166303561666563656332353132366337643836313662353465663037646335393338653766376333666364
11a91141b8794e6e9afd1f05afecec25126c7d8616b54ef07dc5938e7f7c3fcd
f73569f6a5509e7f9b096d7764eaf55705b767913737b977976ff17f777347b17796d7db77237c9570937f7a87ff3d715fd7567a773bd57cd77763b6c7737c37678ffb7dd17f675947d5577177396787baff70769975475f77d1677e777fdb1f60df597517dcb7b596776937f7f3e656d9350f7d7370f9d3776f3f5e71d7f9380977f5b377
38626631613230383866653564326533396162396661626665646665663462383131343834386161663963346232656164313831656635623937616363396265
8bf1a2088fe5d2e39ab9fabfedfef4b8114848aaf9c4b2ead181ef5b97acc9be
6636376466373337373164633766643764363362363533613966376235633737646464666637376166373536373637376239663337333763373737353966393765313962376639373335396633353937353762663737373537643562373736643537366637373766373736333333376533353535623637393966333937376137366437373764393737373564373635623965353737373862373362373735373734373364393737373737393337373966376237333737373737643733643738383130353132313531313132353037323631353334313137363030373030303130303039313030323030323930303533323130333031303131313631303435313030343030333832323136
37336366303266356136396362663232326236356531623334313265343463613435613265636662666435653731386237383364666261326432366565323132
73cf02f5a69cbf222b65e1b3412e44ca45a2ecfbfd5e718b783dfba2d26ee212
f67df73771dc7fd7d63b653a9f7b5c77dddff77af7567677b9f3737c77759f97e19b7f97359f359757bf77757d5b776d576f777f7763337e3555b6799f3977a76d777d97775d765b9e57778b73b77577473d97777793779f7b7377777d73d78810512151112507261534117600700010009100200290053210301011161045100400382216
36333033386562616461633861396238623563383531336633346535303032363262356264656435306437353636366530653537343035326531363963353536
63038ebadac8a9b8b5c8513f34e500262b5bded50d75666e0e574052e169c556
6637333537383036613535333830376639626231326437373637303066353537373530373637393531323337623937323937366666373130373737333435303137373937313564623737333133633935376431323766376139323166336437373530643735363730333733626437373064373737373231366337373736303337363739313162376464333531363735393733313535373737343633393637393131616666376631303939373537373466373764623635376537373730316231663633303035393735373730636237623730343737363937303037663365373030643933353731336437333764303864333737373032663565373330326639333864393137663562373136
35336138323265353162326438636137373438383862386662373766613236343230633934633362363361623062623134366464383765613264346363366263
53a822e51b2d8ca774888b8fb77fa26420c94c3b63ab0bb146dd87ea2d4cc6bc
f7357806a553807f9bb12d776700f557750767951237b972976ff71077734501779715db77313c957d127f7a921f3d7750d75670373bd770d7777216c777603767911b7dd351675973155777463967911aff7f109975774f77db657e77701b1f63005975770cb7b70477697007f3e700d935713d737d08d377702f5e7302f938d917f5b716
31393235346630376564653532663732323738313230353931666132303161316436343132626564303536663934366265333466643262663333333038393530
19254f07ede52f72278120591fa201a1d6412bed056f946be34fd2bf33308950
6636376466373337373164633766643764363362363533613966376235633737646464666637376166373536373637376239663337333763373737353966393765313962376639373335396633353937353762663737373537643562373736643537366637373766373736333333376533353535623637393966333937376137366437373764393737373564373635623965353737373862373362373735373734373364393737373737393337373966376237333737373737643733643738383130353132313531313132353037323631353334313137363030373030303130303039316665366162373966623737336666376362636666643762363537646664366636373933373737
30393839653134383363633062363435303033346562366233323866356432386338366231616134376536653765353231373633303931316265646536353035
0989e1483cc0b6450034eb6b328f5d28c86b1aa47e6e7e5217630911bede6505
f67df73771dc7fd7d63b653a9f7b5c77dddff77af7567677b9f3737c77759f97e19b7f97359f359757bf77757d5b776d576f777f7763337e3555b6799f3977a76d777d97775d765b9e57778b73b77577473d97777793779f7b7377777d73d788105121511125072615341176007000100091fe6ab79fb773ff7cbcffd7b657dfd6f6793777
34636630343862656239303936316165363834653231366133353766383236333930613333626131643736333034353766623761353861353061613835313636
4cf048beb90961ae684e216a357f826390a33ba1d7630457fb7a58a50aa85166
6637333537386636613535333865376639626231366437373637306166353537373562373637393531373337623937323937366666373166373737333435623137373937313764623737333137633935376431333766376139326666336437373566643735363730373733626437376364373737373262366337373736633337363739316662376464333566363735393733643535373737343733393637393162616666376631363939373537373566373764623637376537373730646231663633306635393735373764636237623730363737363937306637663365373036643933353731376437333764303964333737373033663565373330376639333864393737663562373137
61396365393830633262346564636463663736623831373832383562363431366366316232323631373564633462343366643036346237356431653134306362
a9ce980c2b4edcdcf76b8178285b6416cf1b226175dc4b43fd064b75d1e140cb
f73578f6a5538e7f9bb16d77670af55775b767951737b972976ff71f777345b1779717db77317c957d137f7a92ff3d775fd75670773bd77cd77772b6c7776c376791fb7dd35f675973d5577747396791baff7f169975775f77db677e7770db1f630f597577dcb7b706776970f7f3e706d935717d737d09d377703f5e7307f938d977f5b717
61646461623231333230363436343438643534643334313666633135306263333532626132626462326137306263616662343434663462383635343461356338
addab21320646448d54d3416fc150bc352ba2bdb2a70bcafb444f4b86544a5c8
6636376466373337373164633766643764363362363533613966376235633737646464666637376166373536373637376239663337333763373737353966393765313962376639373335396633353937353762663737373537643562373736643537366637373766373736333333376533353535623637393966333937376137366437373764393737373564373635623965353737373862373362373735373734373364393737373737393337373966376237333737373737643733643739393965353337373764333937356137333766373737373737366664373937356666666439373030323030323930303533323130333031303131313631303435313030343030333832323136
34326463393265336565646166653836346130376230346230386336626266663537613165343464356237366130653939316663666432383939613964323365
42dc92e3eedafe864a07b04b08c6bbff57a1e44d5b76a0e991fcfd2899a9d23e
f67df73771dc7fd7d63b653a9f7b5c77dddff77af7567677b9f3737c77759f97e19b7f97359f359757bf77757d5b776d576f777f7763337e3555b6799f3977a76d777d97775d765b9e57778b73b77577473d97777793779f7b7377777d73d7999e53777d3975a737f7777776fd7975fffd9700200290053210301011161045100400382216
38303333626131376162656262313462356261346265646331623061333835623435336330313938613266326433373337653634393231653430663261633438
8033ba17abebb14b5ba4bedc1b0a385b453c0198a2f2d3737e64921e40f2ac48
6637333537393036613535333930376639626239326437373637653066353537373530373637393533323337623937373937366666373730373737333437303137373937643564623737333333633935376439323766376139373166336437373530643735363761333733626437373064373737373331366337373737303337363739663162376464333731363735393737313535373737373633393637393731616666376637303939373537373466373764623635376537373766316231663633643035393735373730636237623739343737363937373037663365373530643933353766336437333764663864333737376632663565373364326639333864393137663562373736
36396434363861333961313735636665363166343137363462303837633861313466613264643066643436346361323736353435393565383364356461323031
69d468a39a175cfe61f41764b087c8a14fa2dd0fd464ca27654595e83d5da201
f7357906a553907f9bb92d7767e0f557750767953237b977976ff770777347017797d5db77333c957d927f7a971f3d7750d7567a373bd770d7777316c7777037679f1b7dd371675977155777763967971aff7f709975774f77db657e777f1b1f63d05975770cb7b79477697707f3e750d9357f3d737df8d3777f2f5e73d2f938d917f5b776
61323034643565303133623232376465386139633135356239303938396562653962333738633266383338643965656334363335636436623333333735323730
a204d5e013b227de8a9c155b90989ebe9b378c2f838d9eec4635cd6b33375270
6636376466373337373164633766643764363362363533613966376235633737646464666637376166373536373637376239663337333763373737353966393765313962376639373335396633353937353762663737373537643562373736643537366637373766373736333333376533353535623637393966333937376137366437373764393737373564373635623965353737373862373362373735373734373364393737373737393337373966376237333737373737643733643739393965353337373764333937356137333766373737373737366664373937356666666439376665366162373966623737336666376362636666643762363537646664366636373933373737
37326165653066623639393334343033393433376439386561336137613632383530313265653138643235383739613736303735386132316631343262326536
72aee0fb699344039437d98ea3a7a6285012ee18d25879a760758a21f142b2e6
f67df73771dc7fd7d63b653a9f7b5c77dddff77af7567677b9f3737c77759f97e19b7f97359f359757bf77757d5b776d576f777f7763337e3555b6799f3977a76d777d97775d765b9e57778b73b77577473d97777793779f7b7377777d73d7999e53777d3975a737f7777776fd7975fffd97fe6ab79fb773ff7cbcffd7b657dfd6f6793777
39393265653264376662303062653032323238643732653166643066326136303739326335386136386365643733396561306235633735663631616631626235
992ee2d7fb00be02228d72e1fd0f2a60792c58a68ced739ea0b5c75f61af1bb5
6637333537396636613535333965376639626239366437373637656166353537373562373637393533373337623937373937366666373766373737333437623137373937643764623737333337633935376439333766376139376666336437373566643735363761373733626437376364373737373362366337373737633337363739666662376464333766363735393737643535373737373733393637393762616666376637363939373537373566373764623637376537373766646231663633646635393735373764636237623739363737363937376637663365373536643933353766376437333764663964333737376633663565373364376639333864393737663562373737
37643235303431653362623938383334393238323033333938656533373832363563373736396164636337323234376338643034303338336132313063386236
7d25041e3bb98834928203398ee378265c7769adcc72247c8d040383a210c8b6
f73579f6a5539e7f9bb96d7767eaf55775b767953737b977976ff77f777347b17797d7db77337c957d937f7a97ff3d775fd7567a773bd77cd77773b6c7777c37679ffb7dd37f675977d5577777396797baff7f769975775f77db677e777fdb1f63df597577dcb7b796776977f7f3e756d9357f7d737df9d3777f3f5e73d7f938d977f5b777
30653236613562326633386365386430656164353734366466633866636161373630346461303833663065353338353831393363316438326364633231333239
0e26a5b2f38ce8d0ead5746dfc8fcaa7604da083f0e53858193c1d82cdc21329
3132303030303232323232323031303230323230323232323230303032323232323030303432
31616436373234653061363533373339656230366561613666363232333034326262376166646463646437316338333539373334303837313939393661313538
1ad6724e0a653739eb06eaa6f6223042bb7afddcdd71c835973408719996a158
12000022222201020220222220002222200042
35356531356164303431613965333639346334633466313566623735393134653636323064643166636462353761393836636161376539343835666562653361
55e15ad041a9e3694c4c4f15fb75914e6620dd1fcdb57a986caa7e9485febe3a
6436623762623232363232326264373237363237323232323262623732323636323737623732
38373936306531373037333230613466306165303835373133663035626336393336396331636564663336386464646430346631373761316539663865373732
87960e1707320a4f0ae085713f05bc69369c1cedf368dddd04f177a1e9f8e772
d6b7bb226222bd72762722222bb72266277b72
30303764663562336533393935613433653830333237303332333633363664373036626434323465333665363835393561333234366132303037643066653962
007df5b3e3995a43e8032703236366d706bd424e36e68595a3246a2007d0fe9b
3032343032323032303030303432323230323030323232313030323232303030303932323534
39336434336139656366363266643564633239356630323737633334656235373933313063613264353763393833336363626530656234396263393663373863
93d43a9ecf62fd5dc295f0277c34eb579310ca2d57c9833ccbe0eb49bc96c78c
02402202000042220200222100222000092254
30363964623236353539643562303664363062333331393530663737623336663666396435363133666336393964366234383438653332363465386162353564
069db26559d5b06d60b331950f77b36f6f9d5613fc699d6b4848e3264e8ab55d
6232376232366632626237373732363266326262323232643762363232376262373932323537
62313864663134356263373263336630323030643837356635666464396635346261333064613465666137383633313834343032396531343231366439353164
b18df145bc72c3f0200d875f5fdd9f54ba30da4efa78631844029e14216d951d
b27b26f2bb777262f2bb222d7b6227bb792257
37373434613031373032346633363161396135613065396162303135353730613132346233383534366432616363323736666462643737636664376131306235
7744a017024f361a9a5a0e9ab015570a124b38546d2acc276fdbd77cfd7a10b5
3232353232323034323030323032323039303232323936313032323139303232323230323232
33666564313036363537663331386164343932623231663361623730323839613032356134313239613438396363656666333931646361623832303361353530
3fed106657f318ad492b21f3ab70289a025a4129a489cceff391dcab8203a550
22522204200202209022296102219022220222
62343938366634646237323634646638313131633636376334323136323262313863636564656234346139373864663566386138353864616561366263653033
b4986f4db7264df8111c667c421622b18ccedeb44a978df5f8a858daea6bce03
3232353632323737366262326232323739623632323936646236366439623632323262363232
61656135386236613933393462373865666166663532626636666134666262666438383039386634626264633137643534383038353861353265623934363438
aea58b6a9394b78efaff52bf6fa4fbbfd88098f4bbdc17d5480858a52eb94648
225622776bb2b2279b62296db66d9b6222b622
64323334353663383262383137633330643165623935343036326638633464333762666265656330356339663630353030613231356337666439303565353636
d23456c82b817c30d1eb954062f8c4d37bfbeec05c9f60500a215c7fd905e566
3232303232323034323530323230323230303032303230303230303232303032323932303230
36643365633266343366666363373763396637626635383262383636333736363164613862636562333266343036396266386237356533376433343434393361
6d3ec2f43ffcc77c9f7bf582b86637661da8bceb32f4069bf8b75e37d344493a
22022204250220220002020020022002292020
39343239313262666565303730653761623765306163396230666561613334396130363161623134336462396638646534646265353134613366353534616635
942912bfee070e7ab7e0ac9b0feaa349a061ab143db9f8de4dbe514a3f554af5
3232373636323737323562363266363262666232373262623237623232373736323936623237
37373633376531633230343737346166666539366638393663386635653130366331636265653366666366353861323435653537616132373535393563623061
77637e1c204774affe96f896c8f5e106c1cbee3ffcf58a245e57aa275595cb0a
2276627725b62f62bfb272bb27b22776296b27
30623161363933373736343733633332376230386561323936393963396564303334306530333335626135663030663065656438663435396435643938636138
0b1a693776473c327b08ea29699c9ed0340e0335ba5f00f0eed8f459d5d98ca8
3032323232323930323032303030393030303032303030343030393230303030323030323030
35623431626332656636343636353835353939366466323366616631633766313966373863316537326362616433396363383934336538303365623633333464
5b41bc2ef64665855996df23faf1c7f19f78c1e72cbad39cc8943e803eb6334d
02222290202000900002000400920000200200
32643539366530333132653839393065333539333363636362626533333333346363386337616632376361633066623637316361333533616639636239663765
2d596e0312e8990e35933cccbbe33334cc8c7af27cac0fb671ca353af9cb9f7e
6632323632323962326632373762396266623732626237376237393262626266323766323762
39636637643637316463323963336461613531396339313638386330663634643562333663383633336236363834343765366432623732393633613035656562
9cf7d671dc29c3daa519c91688c0f64d5b36c8633b668447e6d2b72963a05eeb
f226229b2f277b9bfb72bb77b792bbbf27f27b
66653866303065396662383132383362383830346439363636363338333638376335656639333430656630613835393537306335656333306239373061396366
fe8f00e9fb81283b8804d96666383687c5ef9340ef0a859570c5ec30b970a9cf
3030303232323032303032303232323932303130303032303936303239323232313034303532
62366465386432626339303365633136653035306463663765623861663134636266306330666333663165663066303966343765326262336531626538343361
b6de8d2bc903ec16e050dcf7eb8af14cbf0c0fc3f1ef0f09f47e2bb3e1be843a
00022202002022292010002096029222104052
64666535653162346436366363373632396532386362366361346335363364336266383235316363353732633639396530383231613135353261633437356337
dfe5e1b4d66cc7629e28cb6ca4c563d3bf8251cc572c699e0821a1552ac475c7
3737373632326232623732373632323932666462626232623936623239323232646237373532
64643332313539363566633135646666326331383737333438623135653231393339613534666264646539653438623762633130346462353638356333666433
dd3215965fc15dff2c1877348b15e21939a54fbdde9e48b7bc104db5685c3fd3
777622b2b72762292fdbbb2b96b29222db7752
34353630386130306663643264323663306630363363303562616666383566363235663933383265616466343061376433646161343230346566636261613134
45608a00fcd2d26c0f063c05baff85f625f9382eadf40a7d3daa4204efcbaa14
3032323232303534323030323134303230323131303030323230303032323432303032303030
34343532343261373134383838336131653239363563343164353363373337666561353738313637386332396336356461306363376231616337383032336565
445242a7148883a1e2965c41d53c737fea5781678c29c65da0cc7b1ac78023ee
02222054200214020211000220002242002000
35363238356632343362616436326633363165616538653736666566313463636538333062356630643663396331306630346266333266323463303139316537
56285f243bad62f361eae8e76fef14cce830b5f0d6c9c10f04bf32f24c0191e7
6236363232623537326262326437623237326464376637323262376232363732623732626266
39313934303465383431646432633137373530646430333433626331353239666465353039386530326334613033366462373465633638323331336661626536
919404e841dd2c17750dd0343bc1529fde5098e02c4a036db74ec682313fabe6
b6622b572bb2d7b272dd7f722b7b2672b72bbf
32333530643339626237313934303961316364643834356164303834393937373333303030656232613036373238316531383762346132353634363266313036
2350d39bb719409a1cdd845ad084997733000eb2a067281e187b4a256462f106
3132303030303232323232323031303230323230323232323230303032323232323030303432303234303232303230303030343232323032303032323231303032323230303030393232353432323532323230343230303230323230393032323239363130323231393032323232303232323232303232323034323530323230323230303032303230303230303232303032323932303230303232323232393032303230303039303030303230303034303039323030303032303032303030303032323230323030323032323239323031303030323039363032393232323130343035323032323232303534323030323134303230323131303030323230303032323432303032303030
34656533313438656564626465333361376637353865663135343461636461386131373562613537633536356538383266376664313135333031356639396535
4ee3148eedbde33a7f758ef1544acda8a175ba57c565e882f7fd1153015f99e5
12000022222201020220222220002222200042024022020000422202002221002220000922542252220420020220902229610221902222022222022204250220220002020020022002292020022222902020009000020004009200002002000002220200202229201000209602922210405202222054200214020211000220002242002000
38663635313861303232313266383137653166336564326233316536336638623535323637326238663837613134363330636334643131333161376565333630
8f6518a02212f817e1f3ed2b31e63f8b552672b8f87a14630cc4d1131a7ee360
3130323230303032323232323032303435303230323030323232323230323232323232303232323232303230303039303532323434303234323032323230323230303530303032303030323230323032323030323034303230323131323230303234303232323932303232303230393230303930303230323230303030323230323030313130303232323031323232303030303232393230303032323630303230323131303430323230303230393230303230303630303232303930303032313232323032323932303932323030303032323230323030323432303232303232323032323231303039323930303030323032303432303232303230303435323230353032343230303230
66313030376463353230363536343435316336316333316131623439333864666232393238653233666630393834353261353637353165353434623835663163
f1007dc5206564451c61c31a1b4938dfb2928e23ff098452a56751e544b85f1c
10220002222202045020200222220222222022222020009052244024202220220050002000220202200204020211220024022292022020920090020220000220200110022201222000022920002260020211040220020920020060022090002122202292092200002220200242022022202221009290000202042022020045220502420020
64383665616338626539396432303062363534363239663431313031643263366638636538323035656634336134613065326139373866386561326466323832
d86eac8be99d200b654629f41101d2c6f8ce8205ef43a4a0e2a978f8ea2df282
3132303030303232323232323031303230323230323232323230303032323232323030303432303234303232303230303030343232323032303032323231303032323230303030393232353432323532323230343230303230323230393032323239363130323231393032323232303232323232303232323034323530323230323230303032303230303230303232303032323932303230303232323232393032303230303039303030303230303034303039323030303032303032303030303032323230323030323032323239323031303030323039363032393232323130343035326236363232623537326262326437623237326464376637323262376232363732623732626266
62353730373261376533376430306664373762323135653135303064363234303536386332383439366230393263393962636561323365346137303630366361
b57072a7e37d00fd77b215e1500d6240568c28496b092c99bcea23e4a70606ca
120000222222010202202222200022222000420240220200004222020022210022200009225422522204200202209022296102219022220222220222042502202200020200200220022920200222229020200090000200040092000020020000022202002022292010002096029222104052b6622b572bb2d7b272dd7f722b7b2672b72bbf
38633463643337626133393939653232623166643831646139663735393661626666616234636139333937626663636633656565386264643634363038376336
8c4cd37ba3999e22b1fd81da9f7596abffab4ca9397bfccf3eee8bdd646087c6
3130323230306232323232323036303435303230363030323232323230323232323232303232323232623230303039303532323434303237323032323230323230303530306232303030323262323032323030323034303230326431323230303237303232323932623232303230393230303930303237323230303030323230323030316430303232323064323232303030373232393230306632323630303237323131303430323230303230393230303230303662303232303930373032313232326232323932303932323030303032363230323030323732303232303232323032323231623039323930303730323032303432303232303230623435323230356232343230303266
35333661383762353461623139343331353833323039306364623134653263313638306566313066336135353236613538623664646233326336616637323662
536a87b54ab194315832090cdb14e2c1680ef10f3a5526a58b6ddb32c6af726b
102200b2222206045020600222220222222022222b200090522440272022202200500b200022b2022002040202d1220027022292b220209200900272200002202001d002220d2220007229200f226002721104022002092002006b0220907021222b2292092200002620200272022022202221b09290070202042022020b452205b242002f
35313738646133393837313664626462383632636462323938303039646261333566643335633561363766353531383161646334376363323363303935373639
5178da398716dbdb862cdb298009dba35fd35c5a67f55181adc47cc23c095769
3132303030303232323232323031303230323230323232323230303032323232323030303432303234303232303230303030343232323032303032323231303032323230303030393232353432323532323230343230303230323230393032323239363130323231393032323232303232323232303232323034323530323230323230303032303230303230303232303032323932303230303232323232393032303230303039303030303230303034303039323030303032303032303037373736323262326237323736323239326664626262326239366232393232326462373735323032323232303534323030323134303230323131303030323230303032323432303032303030
36613361356463643932303332323937643938663935653432333864326436383863346462363761366239353538633436313865633136636330643063343638
6a3a5dcd92032297d98f95e4238d2d688c4db67a6b9558c4618ec16cc0d0c468
1200002222220102022022222000222220004202402202000042220200222100222000092254225222042002022090222961022190222202222202220425022022000202002002200229202002222290202000900002000400920000200200777622b2b72762292fdbbb2b96b29222db775202222054200214020211000220002242002000
31343833346233346235656131666663663966616633643037373261633939363465383130656161383934633035343132313834323633326233656539376163
14834b34b5ea1ffcf9faf3d0772ac9964e810eaa894c054121842632b3ee97ac
3130323230373032323232323732303435303237323030323232363230323232323232303232323232303230303039623532323434303234323032323262323230303530373032303030323230323032323037323034303230363131323230303234303232323932303232303230393230303930303230323230303066323230323030643130303232326231323232303062303232393230623032323630303230323131303462323230303230393230303230303630303232303962303032313232323032323932303932323030303032323230323030323432303232303232323032323264303039323930623030323032303732303232303237303435323230353032343230303230
65636266396339393631623033653239313535666261366662633863313136326664306635333663636661616630306638386339623937306561663265613732
ecbf9c9961b03e29155fba6fbc8c1162fd0f536ccfaaf00f88c9b970eaf2ea72
10220702222272045027200222620222222022222020009b5224402420222b22005070200022020220720402061122002402229202202092009002022000f220200d100222b122200b022920b0226002021104b22002092002006002209b00212220229209220000222020024202202220222d009290b00202072022027045220502420020
39623730366138386133666635366163343739623837303465326262383061613635666466626264386561343136323264393366653231643730613733303861
9b706a88a3ff56ac479b8704e2bb80aa65fdfbbd8ea41622d93fe21d70a7308a
3132303030303232323232323031303230323230323232323230303032323232323030303432303234303232303230303030343232323032303032323231303032323230303030393232353432323532323230343230303230323230393032323239363130323231393032323232303232323232303232323034323530323230323230303032303230303230303232303032323932303230303232323232393032303230303039303030303230303034303039323030303032303032303037373736323262326237323736323239326664626262326239366232393232326462373735326236363232623537326262326437623237326464376637323262376232363732623732626266
33346262653466376530393132623261393137383135626339363162373964346439393937653762326130653934623432633163323930336533626161383236
34bbe4f7e0912b2a917815bc961b79d4d9997e7b2a0e94b42c1c2903e3baa826
1200002222220102022022222000222220004202402202000042220200222100222000092254225222042002022090222961022190222202222202220425022022000202002002200229202002222290202000900002000400920000200200777622b2b72762292fdbbb2b96b29222db7752b6622b572bb2d7b272dd7f722b7b2672b72bbf
62373336373932363231613861616363656237663363396563316438643961326464616133366538643364656134333463313635373837366433346465396438
b736792621a8aacceb7f3c9ec1d8d9a2ddaa36e8d3dea434c1657876d34de9d8
3130323230376232323232323736303435303237363030323232363230323232323232303232323232623230303039623532323434303237323032323262323230303530376232303030323262323032323037323034303230366431323230303237303232323932623232303230393230303930303237323230303066323230323030646430303232326264323232303062373232393230626632323630303237323131303462323230303230393230303230303662303232303962373032313232326232323932303932323030303032363230323030323732303232303232323032323264623039323930623730323032303732303232303237623435323230356232343230303266
61313437663062363539363161373031653032653863623338303436396637343530653830653530376234363638333437366434363962356166653137303965
a147f0b65961a701e02e8cb380469f7450e80e507b46683476d469b5afe1709e
102207b2222276045027600222620222222022222b20009b5224402720222b2200507b200022b2022072040206d1220027022292b2202092009002722000f220200dd00222bd22200b722920bf226002721104b22002092002006b02209b7021222b229209220000262020027202202220222db09290b70202072022027b452205b242002f
30333734316432346138643433353432346338353334313163663233626132373232343134353562323263366466326639323066306665646364383738613033
03741d24a8d435424c853411cf23ba272241455b22c6df2f920f0fedcd878a03
3132303030303232323232323031303230323230323232323230303032323232323030303432303234303232303230303030343232323032303032323231303032323230303030393232353432323532323230343230303230323230393032323239363130323231393032323232303232323232303232323034323530323230323230303032303230303230303232303032323932303230663232363232396232663237376239626662373262623737623739326262626632376632376230303032323230323030323032323239323031303030323039363032393232323130343035323032323232303534323030323134303230323131303030323230303032323432303032303030
62383765313430636132353330633531626432643331323830636338383565343065626135363335633031346666383630363037313164663631363739326435
b87e140ca2530c51bd2d31280cc885e40eba5635c014ff86060711df616792d5
12000022222201020220222220002222200042024022020000422202002221002220000922542252220420020220902229610221902222022222022204250220220002020020022002292020f226229b2f277b9bfb72bb77b792bbbf27f27b0002220200202229201000209602922210405202222054200214020211000220002242002000
35326131626463313863323230313037366364323163386465643663363565646533353634626235666139643262663961346530643761343934646534363230
52a1bdc18c2201076cd21c8ded6c65ede3564bb5fa9d2bf9a4e0d7a494de4620
3130323266303032323232323032303435303230323030323236323230323232323232303232323232303230303039303532323434623234323032323230323230303566303032303030323230323032323730323034303237323131323230623234303232323932303232303262393230303930663230323230306230323230323037313130303232323031323232306230303232393262303032323630373230323131303730323230303262393230303230373630303232303930303032313232323032323932623932323030306232323230323062323432303232663232323032323231303039323937303030323032663432303232303230303435323237353032343230623230
31396665373434343137393639343361366430626464633837346564326337303739393834626162366665643764363738663363336165643633643536636565
19fe74441796943a6d0bddc874ed2c7079984bab6fed7d678f3c3aed63d56cee
1022f002222202045020200226220222222022222020009052244b2420222022005f002000220202270204027211220b2402229202202b920090f202200b02202071100222012220b002292b00226072021107022002b920020760022090002122202292b922000b222020b242022f22202221009297000202f42022020045227502420b20
30396139366332373138636161656238383333343737333433376662623161633231306663623263313434663762353237333263656234633232653233616532
09a96c2718caaeb88334773437fbb1ac210fcb2c144f7b52732ceb4c22e23ae2
3132303030303232323232323031303230323230323232323230303032323232323030303432303234303232303230303030343232323032303032323231303032323230303030393232353432323532323230343230303230323230393032323239363130323231393032323232303232323232303232323034323530323230323230303032303230303230303232303032323932303230663232363232396232663237376239626662373262623737623739326262626632376632376230303032323230323030323032323239323031303030323039363032393232323130343035326236363232623537326262326437623237326464376637323262376232363732623732626266
66303665623765333032633832303235623732633837346162343965376561623661353333313238616536626130623833363838376434663833616136613066
f06eb7e302c82025b72c874ab49e7eab6a533128ae6ba0b836887d4f83aa6a0f
12000022222201020220222220002222200042024022020000422202002221002220000922542252220420020220902229610221902222022222022204250220220002020020022002292020f226229b2f277b9bfb72bb77b792bbbf27f27b00022202002022292010002096029222104052b6622b572bb2d7b272dd7f722b7b2672b72bbf
32393935303532636432333561363936343239313662393165333831323630393662626432343964346638363866303132643763616266323731393830616564
2995052cd235a69642916b91e38126096bbd249d4f868f012d7cabf271980aed
3130323266306232323232323036303435303230363030323236323230323232323232303232323232623230303039303532323434623237323032323230323230303566306232303030323262323032323730323034303237326431323230623237303232323932623232303262393230303930663237323230306230323230323037316430303232323064323232306230373232393262306632323630373237323131303730323230303262393230303230373662303232303930373032313232326232323932623932323030306232363230323062323732303232663232323032323231623039323937303730323032663432303232303230623435323237356232343230623266
32653234373264373530313637623834336463316332316434363931663937636665306161393835393034313531643733363337336633653066666465323432
2e2472d750167b843dc1c21d4691f97cfe0aa985904151d736373f3e0ffde242
1022f0b2222206045020600226220222222022222b20009052244b2720222022005f0b200022b2022702040272d1220b27022292b2202b920090f272200b02202071d002220d2220b072292b0f226072721107022002b92002076b0220907021222b2292b922000b262020b272022f22202221b09297070202f42022020b452275b2420b2f
30353534626261363639313165663734656564396235313861373166303363626236346630623165363962386336613665343965313663633362333263396139
0554bba66911ef74eed9b518a71f03cbb64f0b1e69b8c6a6e49e16cc3b32c9a9
3132303030303232323232323031303230323230323232323230303032323232323030303432303234303232303230303030343232323032303032323231303032323230303030393232353432323532323230343230303230323230393032323239363130323231393032323232303232323232303232323034323530323230323230303032303230303230303232303032323932303230663232363232396232663237376239626662373262623737623739326262626632376632376237373736323262326237323736323239326664626262326239366232393232326462373735323032323232303534323030323134303230323131303030323230303032323432303032303030
33316565313637323630643333353530623232656433386431643563356263316265383738356435643562353166613532666633646466643635353437333531
31ee167260d33550b22ed38d1d5c5bc1be8785d5d5b51fa52ff3ddfd65547351
12000022222201020220222220002222200042024022020000422202002221002220000922542252220420020220902229610221902222022222022204250220220002020020022002292020f226229b2f277b9bfb72bb77b792bbbf27f27b777622b2b72762292fdbbb2b96b29222db775202222054200214020211000220002242002000
63653564333536326432663463613532336465363138303638663231633666616261653966386331666230366661306235306665303930623365386563656264
ce5d3562d2f4ca523de618068f21c6fabae9f8c1fb06fa0b50fe090b3e8ecebd
3130323266373032323232323732303435303237323030323236363230323232323232303232323232303230303039623532323434623234323032323262323230303566373032303030323230323032323737323034303237363131323230623234303232323932303232303262393230303930663230323230306266323230323037643130303232326231323232306262303232393262623032323630373230323131303762323230303262393230303230373630303232303962303032313232323032323932623932323030306232323230323062323432303232663232323032323264303039323937623030323032663732303232303237303435323237353032343230623230
30643966633166356334373932616365376638316639373361393261306439316539646533633335383739326632343037313730323162373362656131663261
0d9fc1f5c4792ace7f81f973a92a0d91e9de3c358792f240717021b73bea1f2a
1022f702222272045027200226620222222022222020009b52244b2420222b22005f702000220202277204027611220b2402229202202b920090f202200bf220207d100222b12220bb02292bb0226072021107b22002b92002076002209b002122202292b922000b222020b242022f2220222d009297b00202f72022027045227502420b20
30323632653364393433626666363264346366346165623335373439353965353731346432623536356231623935323438373437353935396138376234343662
0262e3d943bff62d4cf4aeb3574959e5714d2b565b1b952487475959a87b446b
3132303030303232323232323031303230323230323232323230303032323232323030303432303234303232303230303030343232323032303032323231303032323230303030393232353432323532323230343230303230323230393032323239363130323231393032323232303232323232303232323034323530323230323230303032303230303230303232303032323932303230663232363232396232663237376239626662373262623737623739326262626632376632376237373736323262326237323736323239326664626262326239366232393232326462373735326236363232623537326262326437623237326464376637323262376232363732623732626266
63363061656438326633383766353732626262623766613962383934313631326364313965393036363338336266616535353461343562313336313638646635
c60aed82f387f572bbbb7fa9b8941612cd19e9066383bfae554a45b136168df5
12000022222201020220222220002222200042024022020000422202002221002220000922542252220420020220902229610221902222022222022204250220220002020020022002292020f226229b2f277b9bfb72bb77b792bbbf27f27b777622b2b72762292fdbbb2b96b29222db7752b6622b572bb2d7b272dd7f722b7b2672b72bbf
35663465353937613866313561366239633361633561613333383638613065363435346461653266316565313637633135363732646532306438343063336236
5f4e597a8f15a6b9c3ac5aa33868a0e6454dae2f1ee167c15672de20d840c3b6
3130323266376232323232323736303435303237363030323236363230323232323232303232323232623230303039623532323434623237323032323262323230303566376232303030323262323032323737323034303237366431323230623237303232323932623232303262393230303930663237323230306266323230323037646430303232326264323232306262373232393262626632323630373237323131303762323230303262393230303230373662303232303962373032313232326232323932623932323030306232363230323062323732303232663232323032323264623039323937623730323032663732303232303237623435323237356232343230623266
64396434636634646138393966623232656235323032396134656134393861313766343435303931616361353235323338623366663363613463633130343663
d9d4cf4da899fb22eb52029a4ea498a17f445091aca525238b3ff3ca4cc1046c
1022f7b2222276045027600226620222222022222b20009b52244b2720222b22005f7b200022b2022772040276d1220b27022292b2202b920090f272200bf220207dd00222bd2220bb72292bbf226072721107b22002b92002076b02209b7021222b2292b922000b262020b272022f2220222db09297b70202f72022027b452275b2420b2f
61326134383537306663343164303933393066643662613364373435363064646562656632313134633338653730323961303839386131646135656331366337
a2a48570fc41d09390fd6ba3d74560ddebef2114c38e7029a0898a1da5ec16c7
3132303030303232323232323031303230323230323232323230303032323232323030303432303234303232303230303030343232323032303032323231303032323230303030393232353432323532323230343230303230323230393032323239363130323231393032323232303232323232373636323737323562363266363262666232373262623237623232373736323936623237303232323232393032303230303039303030303230303034303039323030303032303032303030303032323230323030323032323239323031303030323039363032393232323130343035323032323232303534323030323134303230323131303030323230303032323432303032303030
30663633623230383835383830343238643139353131653733316433306462353532346334613861343462653130313365303137386633313063326362383466
0f63b20885880428d19511e731d30db5524c4a8a44be1013e0178f310c2cb84f
1200002222220102022022222000222220004202402202000042220200222100222000092254225222042002022090222961022190222202222276627725b62f62bfb272bb27b22776296b27022222902020009000020004009200002002000002220200202229201000209602922210405202222054200214020211000220002242002000
32623661663932663731373239653965383764353264373439636565336137366466346134343235656336616137633733623835393165373637373037656462
2b6af92f71729e9e87d52d749cee3a76df4a4425ec6aa7c73b8591e767707edb
3130323230303032323232323032303435373230323030323632323230323236323232303232323232303230303739303532323437303234323032323230323230303530303032303062323230323032363030323034303230323131323266303234303232363932303232303230393230303962303230323230663030323230326230313130303232323031323232373030303232393230303032323662303230323131623430323230303230393230303237303630303232623930303032313232323032323932303932323030373032323230323730323432303236303232323032323231303039323930303030323036303432303232623230303435323230353032343237303230
30396666343239313331313764646435656136373865643135346436366162373664373736323038646537653964663534343062363532393633643333353032
09ff42913117ddd5ea678ed154d66ab76d776208de7e9df5440b652963d33502
1022000222220204572020026222022622202222202007905224702420222022005000200b22020260020402021122f02402269202202092009b020220f002202b011002220122270002292000226b020211b40220020920027060022b90002122202292092200702220270242026022202221009290000206042022b20045220502427020
39346664346663666132366633373735386237323165396535633161643832353065623735373161643131396537616135643438343938353934383637663432
94fd4fcfa26f37758b721e9e5c1ad8250eb7571ad119e7aa5d48498594867f42
3132303030303232323232323031303230323230323232323230303032323232323030303432303234303232303230303030343232323032303032323231303032323230303030393232353432323532323230343230303230323230393032323239363130323231393032323232303232323232373636323737323562363266363262666232373262623237623232373736323936623237303232323232393032303230303039303030303230303034303039323030303032303032303030303032323230323030323032323239323031303030323039363032393232323130343035326236363232623537326262326437623237326464376637323262376232363732623732626266
39636263383432303235636665376533663336303764363566626636346339323532346665623565363032623464633538646164633463323731613766323532
9cbc842025cfe7e3f3607d65fbf64c92524feb5e602b4dc58dadc4c271a7f252
1200002222220102022022222000222220004202402202000042220200222100222000092254225222042002022090222961022190222202222276627725b62f62bfb272bb27b22776296b270222229020200090000200040092000020020000022202002022292010002096029222104052b6622b572bb2d7b272dd7f722b7b2672b72bbf
38616165666166346636623933373231623431326336663362346235383562333562356435386532623435613830333134653732373937303961656534356631
8aaefaf4f6b93721b412c6f3b4b585b35b5d58e2b45a80314e7279709aee45f1
3130323230306232323232323036303435373230363030323632323230323236323232303232323232623230303739303532323437303237323032323230323230303530306232303062323262323032363030323034303230326431323266303237303232363932623232303230393230303962303237323230663030323230326230316430303232323064323232373030373232393230306632323662303237323131623430323230303230393230303237303662303232623930373032313232326232323932303932323030373032363230323730323732303236303232323032323231623039323930303730323036303432303232623230623435323230356232343237303266
30353732333031663334353634643638353563633066313435663736333766373662356230626333393633306331376365336461303739333962396562663237
0572301f34564d6855cc0f145f7637f76b5b0bc39630c17ce3da07939b9ebf27
102200b2222206045720600262220226222022222b200790522470272022202200500b200b22b2026002040202d122f027022692b2202092009b027220f002202b01d002220d2227007229200f226b027211b4022002092002706b022b907021222b2292092200702620270272026022202221b09290070206042022b20b452205b242702f
65326631316338343664323461633638626330353462613163396137613839356433643365643632393166326635363133653331613632353439376435656230
e2f11c846d24ac68bc054ba1c9a7a895d3d3ed6291f2f5613e31a625497d5eb0
3132303030303232323232323031303230323230323232323230303032323232323030303432303234303232303230303030343232323032303032323231303032323230303030393232353432323532323230343230303230323230393032323239363130323231393032323232303232323232373636323737323562363266363262666232373262623237623232373736323936623237303232323232393032303230303039303030303230303034303039323030303032303032303037373736323262326237323736323239326664626262326239366232393232326462373735323032323232303534323030323134303230323131303030323230303032323432303032303030
33626162316539393637313863383165376335633533663165646364353435613066666133356261383236386264353563363237313935626430663930663133
3bab1e996718c81e7c5c53f1edcd545a0ffa35ba8268bd55c627195bd0f90f13
1200002222220102022022222000222220004202402202000042220200222100222000092254225222042002022090222961022190222202222276627725b62f62bfb272bb27b22776296b2702222290202000900002000400920000200200777622b2b72762292fdbbb2b96b29222db775202222054200214020211000220002242002000
63316266366461303638393336623737343330313636363763343735353839333364616163333439393338396135343366336335363037316632323734396337
c1bf6da068936b7743016667c47558933daac3499389a543f3c56071f22749c7
3130323230373032323232323732303435373237323030323632363230323236323232303232323232303230303739623532323437303234323032323262323230303530373032303062323230323032363037323034303230363131323266303234303232363932303232303230393230303962303230323230663066323230326230643130303232326231323232373062303232393230623032323662303230323131623462323230303230393230303237303630303232623962303032313232323032323932303932323030373032323230323730323432303236303232323032323264303039323930623030323036303732303232623237303435323230353032343237303230
63326535346434313966663666383839363334333736393936333038623932346639346135366466636261633362386661326562363664356361626135353264
c2e54d419ff6f889634376996308b924f94a56dfcbac3b8fa2eb66d5caba552d
10220702222272045727200262620226222022222020079b5224702420222b22005070200b22020260720402061122f02402269202202092009b020220f0f2202b0d100222b122270b022920b0226b020211b4b220020920027060022b9b00212220229209220070222027024202602220222d009290b00206072022b27045220502427020
34373262613030636636626336393935313263363535363531636331313232356639323930616461653861646531333636326266373761343337373963383032
472ba00cf6bc699512c655651cc11225f9290adae8ade13662bf77a43779c802
3132303030303232323232323031303230323230323232323230303032323232323030303432303234303232303230303030343232323032303032323231303032323230303030393232353432323532323230343230303230323230393032323239363130323231393032323232303232323232373636323737323562363266363262666232373262623237623232373736323936623237303232323232393032303230303039303030303230303034303039323030303032303032303037373736323262326237323736323239326664626262326239366232393232326462373735326236363232623537326262326437623237326464376637323262376232363732623732626266
35663331336461616232316564366365636165333237653661396461313339376538336339316366356632336139353662306231663439653230616536613533
5f313daab21ed6cecae327e6a9da1397e83c91cf5f23a956b0b1f49e20ae6a53
1200002222220102022022222000222220004202402202000042220200222100222000092254225222042002022090222961022190222202222276627725b62f62bfb272bb27b22776296b2702222290202000900002000400920000200200777622b2b72762292fdbbb2b96b29222db7752b6622b572bb2d7b272dd7f722b7b2672b72bbf
37363565356134646165386437333737323465376366656564336433363939333330626562303439393436326439613631363735323231306462303565353836
765e5a4dae8d737724e7cfeed3d3699330beb0499462d9a616752210db05e586
3130323230376232323232323736303435373237363030323632363230323236323232303232323232623230303739623532323437303237323032323262323230303530376232303062323262323032363037323034303230366431323266303237303232363932623232303230393230303962303237323230663066323230326230646430303232326264323232373062373232393230626632323662303237323131623462323230303230393230303237303662303232623962373032313232326232323932303932323030373032363230323730323732303236303232323032323264623039323930623730323036303732303232623237623435323230356232343237303266
61343562303533643336363937613965313039646364643062306634623430613539363131303362376333396132313732666530633739363031633630313132
a45b053d36697a9e109dcdd0b0f4b40a5961103b7c39a2172fe0c79601c60112
102207b2222276045727600262620226222022222b20079b5224702720222b2200507b200b22b2026072040206d122f027022692b2202092009b027220f0f2202b0dd00222bd22270b722920bf226b027211b4b22002092002706b022b9b7021222b229209220070262027027202602220222db09290b70206072022b27b452205b242702f
65333239643038306230636364376530353739383964613931363135616235353465333032343138353235386239346665363463366362316561383236663034
e329d080b0ccd7e057989da91615ab554e3024185258b94fe64c6cb1ea826f04
3132303030303232323232323031303230323230323232323230303032323232323030303432303234303232303230303030343232323032303032323231303032323230303030393232353432323532323230343230303230323230393032323239363130323231393032323232303232323232373636323737323562363266363262666232373262623237623232373736323936623237663232363232396232663237376239626662373262623737623739326262626632376632376230303032323230323030323032323239323031303030323039363032393232323130343035323032323232303534323030323134303230323131303030323230303032323432303032303030
35633231343838656162643734336266633836373861356434386166316432633437626438353039663730653263646366336161623166326435306230303362
5c21488eabd743bfc8678a5d48af1d2c47bd8509f70e2cdcf3aab1f2d50b003b
1200002222220102022022222000222220004202402202000042220200222100222000092254225222042002022090222961022190222202222276627725b62f62bfb272bb27b22776296b27f226229b2f277b9bfb72bb77b792bbbf27f27b0002220200202229201000209602922210405202222054200214020211000220002242002000
39343734343631333431313838343337373833366631656238356465643735656464613536633865616166393935313732373734363038643061376361363061
94744613411884377836f1eb85ded75edda56c8eaaf995172774608d0a7ca60a
3130323266303032323232323032303435373230323030323636323230323236323232303232323232303230303739303532323437623234323032323230323230303566303032303062323230323032363730323034303237323131323266623234303232363932303232303262393230303962663230323230666230323230326237313130303232323031323232376230303232393262303032323662373230323131623730323230303262393230303237373630303232623930303032313232323032323932623932323030376232323230323762323432303236663232323032323231303039323937303030323036663432303232623230303435323237353032343237623230
39393335323761666265363737333230313432353934336561636231353133376337626263313264643836616630303066333434353434376636316437616461
993527afbe6773201425943eacb15137c7bbc12dd86af000f3445447f61d7ada
1022f002222202045720200266220226222022222020079052247b2420222022005f00200b22020267020402721122fb2402269202202b92009bf20220fb02202b71100222012227b002292b00226b720211b7022002b920027760022b90002122202292b922007b222027b242026f22202221009297000206f42022b20045227502427b20
36383666626563373263343735363935636163333635373262333437326532383262366633633032616161303139636461356366653135343134303630326538
686fbec72c475695cac36572b3472e282b6f3c02aaa019cda5cfe154140602e8
3132303030303232323232323031303230323230323232323230303032323232323030303432303234303232303230303030343232323032303032323231303032323230303030393232353432323532323230343230303230323230393032323239363130323231393032323232303232323232373636323737323562363266363262666232373262623237623232373736323936623237663232363232396232663237376239626662373262623737623739326262626632376632376230303032323230323030323032323239323031303030323039363032393232323130343035326236363232623537326262326437623237326464376637323262376232363732623732626266
66666333633831636636346531346361666639613438323361383839393639643032306263363232356361306132356333393463636434356164636232316266
ffc3c81cf64e14caff9a4823a889969d020bc6225ca0a25c394ccd45adcb21bf
1200002222220102022022222000222220004202402202000042220200222100222000092254225222042002022090222961022190222202222276627725b62f62bfb272bb27b22776296b27f226229b2f277b9bfb72bb77b792bbbf27f27b00022202002022292010002096029222104052b6622b572bb2d7b272dd7f722b7b2672b72bbf
64323138363534323265353931366639646638363964363961386534376638333931376366333662646332636139373535663436643037373462383034303839
d21865422e5916f9df869d69a8e47f83917cf36bdc2ca9755f46d0774b804089
3130323266306232323232323036303435373230363030323636323230323236323232303232323232623230303739303532323437623237323032323230323230303566306232303062323262323032363730323034303237326431323266623237303232363932623232303262393230303962663237323230666230323230326237316430303232323064323232376230373232393262306632323662373237323131623730323230303262393230303237373662303232623930373032313232326232323932623932323030376232363230323762323732303236663232323032323231623039323937303730323036663432303232623230623435323237356232343237623266
34653839633263313838616531373837396461643937326130633936366439356637643762303633623063343036656133396661656331323834353462653932
4e89c2c188ae17879dad972a0c966d95f7d7b063b0c406ea39faec128454be92
1022f0b2222206045720600266220226222022222b20079052247b2720222022005f0b200b22b2026702040272d122fb27022692b2202b92009bf27220fb02202b71d002220d2227b072292b0f226b727211b7022002b92002776b022b907021222b2292b922007b262027b272026f22202221b09297070206f42022b20b452275b2427b2f
64343866396535386534663663353731303931363061616466363531353837653931363232636666616139373834623866353562663465646230306234343462
d48f9e58e4f6c57109160aadf651587e91622cffaa9784b8f55bf4edb00b444b
3132303030303232323232323031303230323230323232323230303032323232323030303432303234303232303230303030343232323032303032323231303032323230303030393232353432323532323230343230303230323230393032323239363130323231393032323232303232323232373636323737323562363266363262666232373262623237623232373736323936623237663232363232396232663237376239626662373262623737623739326262626632376632376237373736323262326237323736323239326664626262326239366232393232326462373735323032323232303534323030323134303230323131303030323230303032323432303032303030
32653733666263393735613937323534636163646239616565653738386432373039393138613933366330316262363363373861396330306165643237386162
2e73fbc975a97254cacdb9aeee788d2709918a936c01bb63c78a9c00aed278ab
1200002222220102022022222000222220004202402202000042220200222100222000092254225222042002022090222961022190222202222276627725b62f62bfb272bb27b22776296b27f226229b2f277b9bfb72bb77b792bbbf27f27b777622b2b72762292fdbbb2b96b29222db775202222054200214020211000220002242002000
65613031383863666261336334613433396531666538396562633562303038373535626166626663663237623562383265646134363463363832343831646331
ea0188cfba3c4a439e1fe89ebc5b008755bafbfcf27b5b82eda464c682481dc1
3130323266373032323232323732303435373237323030323636363230323236323232303232323232303230303739623532323437623234323032323262323230303566373032303062323230323032363737323034303237363131323266623234303232363932303232303262393230303962663230323230666266323230326237643130303232326231323232376262303232393262623032323662373230323131623762323230303262393230303237373630303232623962303032313232323032323932623932323030376232323230323762323432303236663232323032323264303039323937623030323036663732303232623237303435323237353032343237623230
61653561363665363137323566373333616466346439656333363836306164383330623738656162623536393734396665383835303038303737626636306464
ae5a66e61725f733adf4d9ec36860ad830b78eabb569749fe885008077bf60dd
1022f702222272045727200266620226222022222020079b52247b2420222b22005f70200b22020267720402761122fb2402269202202b92009bf20220fbf2202b7d100222b12227bb02292bb0226b720211b7b22002b920027760022b9b002122202292b922007b222027b242026f2220222d009297b00206f72022b27045227502427b20
34303135623761363664316132333636656166363238626365666530633531303465383165623630666464656233343065323033613735316461393465623637
4015b7a66d1a2366eaf628bcefe0c5104e81eb60fddeb340e203a751da94eb67
3132303030303232323232323031303230323230323232323230303032323232323030303432303234303232303230303030343232323032303032323231303032323230303030393232353432323532323230343230303230323230393032323239363130323231393032323232303232323232373636323737323562363266363262666232373262623237623232373736323936623237663232363232396232663237376239626662373262623737623739326262626632376632376237373736323262326237323736323239326664626262326239366232393232326462373735326236363232623537326262326437623237326464376637323262376232363732623732626266
32373331316661653738656662633761356564313836656663323333633632303035323934383638343933613163656163306637643932623539343962306265
27311fae78efbc7a5ed186efc233c62005294868493a1ceac0f7d92b5949b0be
1200002222220102022022222000222220004202402202000042220200222100222000092254225222042002022090222961022190222202222276627725b62f62bfb272bb27b22776296b27f226229b2f277b9bfb72bb77b792bbbf27f27b777622b2b72762292fdbbb2b96b29222db7752b6622b572bb2d7b272dd7f722b7b2672b72bbf
61376638613661373230626439356366343664653362356461336165396630633735656136613732393830383330306663373131306563373039366239633939
a7f8a6a720bd95cf46de3b5da3ae9f0c75ea6a729808300fc7110ec7096b9c99
3130323266376232323232323736303435373237363030323636363230323236323232303232323232623230303739623532323437623237323032323262323230303566376232303062323262323032363737323034303237366431323266623237303232363932623232303262393230303962663237323230666266323230326237646430303232326264323232376262373232393262626632323662373237323131623762323230303262393230303237373662303232623962373032313232326232323932623932323030376232363230323762323732303236663232323032323264623039323937623730323036663732303232623237623435323237356232343237623266
38643436633630373936626634663163383335306662616235383161666130386335393233626664613761303537653137363233616437613234633761383034
8d46c60796bf4f1c8350fbab581afa08c5923bfda7a057e17623ad7a24c7a804
1022f7b2222276045727600266620226222022222b20079b52247b2720222b22005f7b200b22b2026772040276d122fb27022692b2202b92009bf27220fbf2202b7dd00222bd2227bb72292bbf226b727211b7b22002b92002776b022b9b7021222b2292b922007b262027b272026f2220222db09297b70206f72022b27b452275b2427b2f
38333063643735353734653166303063323062333834386365373765633038626363396566383531396262313666363136373334653835653332363961656666
830cd75574e1f00c20b3848ce77ec08bcc9ef8519bb16f616734e85e3269aeff
3132303030303232323232323031303230323230323232323230303032323232323030303432303234303232303230303030343232323032303032323231303032323230303030393232353432323536323237373662623262323237396236323239366462363664396236323232623632323232303232323034323530323230323230303032303230303230303232303032323932303230303232323232393032303230303039303030303230303034303039323030303032303032303030303032323230323030323032323239323031303030323039363032393232323130343035323032323232303534323030323134303230323131303030323230303032323432303032303030
39353330353366613464653861303335646462353231313735326130343530616361396663323738323137383339623338333831353534343262303063653761
953053fa4de8a035ddb5211752a0450aca9fc278217839b3838155442b00ce7a
1200002222220102022022222000222220004202402202000042220200222100222000092254225622776bb2b2279b62296db66d9b6222b62222022204250220220002020020022002292020022222902020009000020004009200002002000002220200202229201000209602922210405202222054200214020211000220002242002000
32353335656261633363316334663466396233656163346431616431313363663433303966323335343430363166666238333933373838333039633464396163
2535ebac3c1c4f4f9b3eac4d1ad113cf4309f23544061ffb8393788309c4d9ac
3130323230303032323232323032303435303230323030363232323230323232323232303232323232303230373039303532323734303234323036323230323230623530303032306230323230323032323030323034623230323131323230303234303232323932303232373230393230303930303230323262303030323230363030313130303232323031323232303030303232393230303032323630303230323164303430323230623230393230303630303630303236303930303032643232323032323932303932323062303032323230363030323432303232303232323032323231303039323930303030326232303432303236303230303435323230353032343230303230
66376235653637383239653239633831373637623665623730636165336336343131313133663731613232333132626538346534363762613339336663653861
f7b5e67829e29c81767b6eb70cae3c6411113f71a22312be84e467ba393fce8a
10220002222202045020200622220222222022222020709052274024206220220b500020b0220202200204b2021122002402229202272092009002022b00022060011002220122200002292000226002021d040220b20920060060026090002d2220229209220b0022206002420220222022210092900002b2042026020045220502420020
65646232613635383762616335313536383066616535623366326561633564653165663563363561643730393937373963646639313635353161366665643831
edb2a6587bac515680fae5b3f2eac5de1ef5c65ad7099779cdf916551a6fed81
3132303030303232323232323031303230323230323232323230303032323232323030303432303234303232303230303030343232323032303032323231303032323230303030393232353432323536323237373662623262323237396236323239366462363664396236323232623632323232303232323034323530323230323230303032303230303230303232303032323932303230303232323232393032303230303039303030303230303034303039323030303032303032303030303032323230323030323032323239323031303030323039363032393232323130343035326236363232623537326262326437623237326464376637323262376232363732623732626266
66633362366531633763633338653037356131613333393265616366646439623735616439316262306235353039336533623937363062316534326461633762
fc3b6e1c7cc38e075a1a3392eacfdd9b75ad91bb0b55093e3b9760b1e42dac7b
1200002222220102022022222000222220004202402202000042220200222100222000092254225622776bb2b2279b62296db66d9b6222b622220222042502202200020200200220022920200222229020200090000200040092000020020000022202002022292010002096029222104052b6622b572bb2d7b272dd7f722b7b2672b72bbf
38643361366466633837376562646336376531316132353439653661373530666261353863613661303834326461323730303035313431306564383135656566
8d3a6dfc877ebdc67e11a2549e6a750fba58ca6a0842da2700051410ed815eef
3130323230306232323232323036303435303230363030363232323230323232323232303232323232623230373039303532323734303237323036323230323230623530306232306230323262323032323030323034623230326431323230303237303232323932623232373230393230303930303237323262303030323230363030316430303232323064323232303030373232393230306632323630303237323164303430323230623230393230303630303662303236303930373032643232326232323932303932323062303032363230363030323732303232303232323032323231623039323930303730326232303432303236303230623435323230356232343230303266
65373861386136393136623630393532643065396338316130386335626632663134396534623436353131626430356230323235666432366639356331623064
e78a8a6916b60952d0e9c81a08c5bf2f149e4b46511bd05b0225fd26f95c1b0d
102200b2222206045020600622220222222022222b20709052274027206220220b500b20b022b202200204b202d1220027022292b2272092009002722b0002206001d002220d2220007229200f226002721d040220b2092006006b026090702d222b229209220b002620600272022022202221b092900702b2042026020b452205b242002f
63346464353332633038643931343430636561666131326265333639306430306533366332346564363361636332306432303366623330656434336539383838
c4dd532c08d91440ceafa12be3690d00e36c24ed63acc20d203fb30ed43e9888
3132303030303232323232323031303230323230323232323230303032323232323030303432303234303232303230303030343232323032303032323231303032323230303030393232353432323536323237373662623262323237396236323239366462363664396236323232623632323232303232323034323530323230323230303032303230303230303232303032323932303230303232323232393032303230303039303030303230303034303039323030303032303032303037373736323262326237323736323239326664626262326239366232393232326462373735323032323232303534323030323134303230323131303030323230303032323432303032303030
32363930653038363561383365323364653834306566333033363366643164396564323461393239336431316434386232643037653264313236313037383336
2690e0865a83e23de840ef30363fd1d9ed24a9293d11d48b2d07e2d126107836
1200002222220102022022222000222220004202402202000042220200222100222000092254225622776bb2b2279b62296db66d9b6222b6222202220425022022000202002002200229202002222290202000900002000400920000200200777622b2b72762292fdbbb2b96b29222db775202222054200214020211000220002242002000
61613864656266623832626233636637646332646566626130336439393532386266383938653037353331646230613933383465356630396439666166663765
aa8debfb82bb3cf7dc2defba03d99528bf898e07531db0a9384e5f09d9faff7e
3130323230373032323232323732303435303237323030363232363230323232323232303232323232303230373039623532323734303234323036323262323230623530373032306230323230323032323037323034623230363131323230303234303232323932303232373230393230303930303230323262303066323230363030643130303232326231323232303062303232393230623032323630303230323164303462323230623230393230303630303630303236303962303032643232323032323932303932323062303032323230363030323432303232303232323032323264303039323930623030326232303732303236303237303435323230353032343230303230
36666436366462333435373631653439376233373165616264363365373830316161313564666630386434323265323939376366653966656261346531633464
6fd66db345761e497b371eabd63e7801aa15dff08d422e2997cfe9feba4e1c4d
10220702222272045027200622620222222022222020709b5227402420622b220b507020b0220202207204b2061122002402229202272092009002022b00f220600d100222b122200b022920b0226002021d04b220b2092006006002609b002d2220229209220b00222060024202202220222d009290b002b2072026027045220502420020
32663833373365383131376161313130643762323537346235346639373564636461396632616531646564343365616362623562343932373834653136323462
2f8373e8117aa110d7b2574b54f975dcda9f2ae1ded43eacbb5b492784e1624b
3132303030303232323232323031303230323230323232323230303032323232323030303432303234303232303230303030343232323032303032323231303032323230303030393232353432323536323237373662623262323237396236323239366462363664396236323232623632323232303232323034323530323230323230303032303230303230303232303032323932303230303232323232393032303230303039303030303230303034303039323030303032303032303037373736323262326237323736323239326664626262326239366232393232326462373735326236363232623537326262326437623237326464376637323262376232363732623732626266
37326433633361383661306365663430396535386333373135363434336630646366646163633963306665393130663432363963656633653164363065366638
72d3c3a86a0cef409e58c37156443f0dcfdacc9c0fe910f4269cef3e1d60e6f8
1200002222220102022022222000222220004202402202000042220200222100222000092254225622776bb2b2279b62296db66d9b6222b6222202220425022022000202002002200229202002222290202000900002000400920000200200777622b2b72762292fdbbb2b96b29222db7752b6622b572bb2d7b272dd7f722b7b2672b72bbf
61633765323464316332656535633762653664303639373962393637383934666339306631396236333764336266313762663939613930626265366431323066
ac7e24d1c2ee5c7be6d06979b967894fc90f19b637d3bf17bf99a90bbe6d120f
3130323230376232323232323736303435303237363030363232363230323232323232303232323232623230373039623532323734303237323036323262323230623530376232306230323262323032323037323034623230366431323230303237303232323932623232373230393230303930303237323262303066323230363030646430303232326264323232303062373232393230626632323630303237323164303462323230623230393230303630303662303236303962373032643232326232323932303932323062303032363230363030323732303232303232323032323264623039323930623730326232303732303236303237623435323230356232343230303266
33646536643037353733653862353364353737663238663232663135373065653566356237333965643030356139646633613130343630636565646665666265
3de6d07573e8b53d577f28f22f1570ee5f5b739ed005a9df3a10460ceedfefbe
102207b2222276045027600622620222222022222b20709b5227402720622b220b507b20b022b202207204b206d1220027022292b2272092009002722b00f220600dd00222bd22200b722920bf226002721d04b220b2092006006b02609b702d222b229209220b00262060027202202220222db09290b702b2072026027b452205b242002f
64353332343263373230393232373262383264316535653733376139643462373532393865653462353931326633646132383430386137656133306566373566
d53242c72092272b82d1e5e737a9d4b75298ee4b5912f3da28408a7ea30ef75f
3132303030303232323232323031303230323230323232323230303032323232323030303432303234303232303230303030343232323032303032323231303032323230303030393232353432323536323237373662623262323237396236323239366462363664396236323232623632323232303232323034323530323230323230303032303230303230303232303032323932303230663232363232396232663237376239626662373262623737623739326262626632376632376230303032323230323030323032323239323031303030323039363032393232323130343035323032323232303534323030323134303230323131303030323230303032323432303032303030
61616533383336636561663934373035623664386462306533316634323535653232623733636261313661633161373563393963636465336333313435623136
aae3836ceaf94705b6d8db0e31f4255e22b73cba16ac1a75c99ccde3c3145b16
1200002222220102022022222000222220004202402202000042220200222100222000092254225622776bb2b2279b62296db66d9b6222b62222022204250220220002020020022002292020f226229b2f277b9bfb72bb77b792bbbf27f27b0002220200202229201000209602922210405202222054200214020211000220002242002000
36663237353431663164356234383764653633663362376438306535343261633330313137663732636530353739373862373661633034626261616335623862
6f27541f1d5b487de63f3b7d80e542ac30117f72ce057978b76ac04bbaac5b8b
3130323266303032323232323032303435303230323030363236323230323232323232303232323232303230373039303532323734623234323036323230323230623566303032306230323230323032323730323034623237323131323230623234303232323932303232373262393230303930663230323262306230323230363037313130303232323031323232306230303232393262303032323630373230323164303730323230623262393230303630373630303236303930303032643232323032323932623932323062306232323230363062323432303232663232323032323231303039323937303030326232663432303236303230303435323237353032343230623230
35356235303163376335653732323137386234353931353132356237633138333235623562343239356365363066633039643666336465346466383965613164
55b501c7c5e722178b45915125b7c18325b5b4295ce60fc09d6f3de4df89ea1d
1022f002222202045020200626220222222022222020709052274b24206220220b5f0020b0220202270204b27211220b2402229202272b920090f2022b0b02206071100222012220b002292b00226072021d070220b2b920060760026090002d22202292b9220b0b222060b242022f222022210092970002b2f42026020045227502420b20
37323236306266373633616434656534383339663366383662613364633334306630376538363136666261636438303532613662336431616436363338616232
72260bf763ad4ee4839f3f86ba3dc340f07e8616fbacd8052a6b3d1ad6638ab2
3132303030303232323232323031303230323230323232323230303032323232323030303432303234303232303230303030343232323032303032323231303032323230303030393232353432323536323237373662623262323237396236323239366462363664396236323232623632323232303232323034323530323230323230303032303230303230303232303032323932303230663232363232396232663237376239626662373262623737623739326262626632376632376230303032323230323030323032323239323031303030323039363032393232323130343035326236363232623537326262326437623237326464376637323262376232363732623732626266
63633036383261666663316639333762666165323837663737643538616532303363303865386638646130373565303464383163376131616437656537626231
cc0682affc1f937bfae287f77d58ae203c08e8f8da075e04d81c7a1ad7ee7bb1
1200002222220102022022222000222220004202402202000042220200222100222000092254225622776bb2b2279b62296db66d9b6222b62222022204250220220002020020022002292020f226229b2f277b9bfb72bb77b792bbbf27f27b00022202002022292010002096029222104052b6622b572bb2d7b272dd7f722b7b2672b72bbf
30393265653735353038346666626161366466336237373130313565643437313134343563336639366432333763646430313238616338373532646234633132
092ee755084ffbaa6df3b771015ed4711445c3f96d237cdd0128ac8752db4c12
3130323266306232323232323036303435303230363030363236323230323232323232303232323232623230373039303532323734623237323036323230323230623566306232306230323262323032323730323034623237326431323230623237303232323932623232373262393230303930663237323262306230323230363037316430303232323064323232306230373232393262306632323630373237323164303730323230623262393230303630373662303236303930373032643232326232323932623932323062306232363230363062323732303232663232323032323231623039323937303730326232663432303236303230623435323237356232343230623266
32663536626633396163663430303433333130356663633734303566313263316134636439623661613333663939666164633531616662313063336464633261
2f56bf39acf400433105fcc7405f12c1a4cd9b6aa33f99fadc51afb10c3ddc2a
1022f0b2222206045020600626220222222022222b20709052274b27206220220b5f0b20b022b202270204b272d1220b27022292b2272b920090f2722b0b02206071d002220d2220b072292b0f226072721d070220b2b92006076b026090702d222b2292b9220b0b262060b272022f22202221b092970702b2f42026020b452275b2420b2f
35326362653261313831363162666430356637343464626533633363303239383730666335356239666536333766316530303031623361623235363038303634
52cbe2a18161bfd05f744dbe3c3c029870fc55b9fe637f1e0001b3ab25608064
3132303030303232323232323031303230323230323232323230303032323232323030303432303234303232303230303030343232323032303032323231303032323230303030393232353432323536323237373662623262323237396236323239366462363664396236323232623632323232303232323034323530323230323230303032303230303230303232303032323932303230663232363232396232663237376239626662373262623737623739326262626632376632376237373736323262326237323736323239326664626262326239366232393232326462373735323032323232303534323030323134303230323131303030323230303032323432303032303030
35303638376463373436626664353332633234373066623862333031636334366239623539316430366235393536396363623630623165326664646663363964
50687dc746bfd532c2470fb8b301cc46b9b591d06b59569ccb60b1e2fddfc69d
1200002222220102022022222000222220004202402202000042220200222100222000092254225622776bb2b2279b62296db66d9b6222b62222022204250220220002020020022002292020f226229b2f277b9bfb72bb77b792bbbf27f27b777622b2b72762292fdbbb2b96b29222db775202222054200214020211000220002242002000
31396431313561303839363133633439663532393031656535366134656239363334623763376564653864326464383730353635366537633833323062373333
19d115a089613c49f52901ee56a4eb9634b7c7ede8d2dd8705656e7c8320b733
3130323266373032323232323732303435303237323030363236363230323232323232303232323232303230373039623532323734623234323036323262323230623566373032306230323230323032323737323034623237363131323230623234303232323932303232373262393230303930663230323262306266323230363037643130303232326231323232306262303232393262623032323630373230323164303762323230623262393230303630373630303236303962303032643232323032323932623932323062306232323230363062323432303232663232323032323264303039323937623030326232663732303236303237303435323237353032343230623230
34363633303530633563316632656336353936653262336564303134346336303037636162313037653166363339306439613961343266333230393862326137
4663050c5c1f2ec6596e2b3ed0144c6007cab107e1f6390d9a9a42f32098b2a7
1022f702222272045027200626620222222022222020709b52274b2420622b220b5f7020b0220202277204b27611220b2402229202272b920090f2022b0bf220607d100222b12220bb02292bb0226072021d07b220b2b92006076002609b002d22202292b9220b0b222060b242022f2220222d009297b002b2f72026027045227502420b20
38623538363736363733376661613534656631346435393136346535306566613066616635373064616539323765623734386431366439346134383861306330
8b586766737faa54ef14d59164e50efa0faf570dae927eb748d16d94a488a0c0
3132303030303232323232323031303230323230323232323230303032323232323030303432303234303232303230303030343232323032303032323231303032323230303030393232353432323536323237373662623262323237396236323239366462363664396236323232623632323232303232323034323530323230323230303032303230303230303232303032323932303230663232363232396232663237376239626662373262623737623739326262626632376632376237373736323262326237323736323239326664626262326239366232393232326462373735326236363232623537326262326437623237326464376637323262376232363732623732626266
61343563383762616137356662626331616337666366623963346462653030343839303932373266336634353665653236623335306237303830396235333061
a45c87baa75fbbc1ac7fcfb9c4dbe0048909272f3f456ee26b350b70809b530a
1200002222220102022022222000222220004202402202000042220200222100222000092254225622776bb2b2279b62296db66d9b6222b62222022204250220220002020020022002292020f226229b2f277b9bfb72bb77b792bbbf27f27b777622b2b72762292fdbbb2b96b29222db7752b6622b572bb2d7b272dd7f722b7b2672b72bbf
38393333326464396162613239313835646435343362616133346163306561373636363835666431656437363436363439616534363166643138323538393534
89332dd9aba29185dd543baa34ac0ea766685fd1ed7646649ae461fd18258954
3130323266376232323232323736303435303237363030363236363230323232323232303232323232623230373039623532323734623237323036323262323230623566376232306230323262323032323737323034623237366431323230623237303232323932623232373262393230303930663237323262306266323230363037646430303232326264323232306262373232393262626632323630373237323164303762323230623262393230303630373662303236303962373032643232326232323932623932323062306232363230363062323732303232663232323032323264623039323937623730326232663732303236303237623435323237356232343230623266
66393931313830633336386631333038366532633961326562646433343661343938663165346165356433373438366634666233303266393535396237373464
f991180c368f13086e2c9a2ebdd346a498f1e4ae5d37486f4fb302f9559b774d
1022f7b2222276045027600626620222222022222b20709b52274b2720622b220b5f7b20b022b202277204b276d1220b27022292b2272b920090f2722b0bf220607dd00222bd2220bb72292bbf226072721d07b220b2b92006076b02609b702d222b2292b9220b0b262060b272022f2220222db09297b702b2f72026027b452275b2420b2f
32363531333565366633323934333630643930623535303931353330346165656330656461373438333962373864653737303363626235616339663564623533
265135e6f3294360d90b550915304aeec0eda74839b78de7703cbb5ac9f5db53
3132303030303232323232323031303230323230323232323230303032323232323030303432303234303232303230303030343232323032303032323231303032323230303030393232353432323536323237373662623262323237396236323239366462363664396236323232623632323232373636323737323562363266363262666232373262623237623232373736323936623237303232323232393032303230303039303030303230303034303039323030303032303032303030303032323230323030323032323239323031303030323039363032393232323130343035323032323232303534323030323134303230323131303030323230303032323432303032303030
61343630636465336464633835373837343238313937383265306161373739363831633663376636383536343961636435373431346261393133343738326239
a460cde3ddc8578742819782e0aa779681c6c7f685649acd57414ba9134782b9
1200002222220102022022222000222220004202402202000042220200222100222000092254225622776bb2b2279b62296db66d9b6222b6222276627725b62f62bfb272bb27b22776296b27022222902020009000020004009200002002000002220200202229201000209602922210405202222054200214020211000220002242002000
61306331323536333063613832363432343239613935353461313464376231633262613266343263643237633965393565366533363231653038623062316666
a0c125630ca82642429a9554a14d7b1c2ba2f42cd27c9e95e6e3621e08b0b1ff
3130323230303032323232323032303435373230323030363632323230323236323232303232323232303230373739303532323737303234323036323230323230623530303032306262323230323032363030323034623230323131323266303234303232363932303232373230393230303962303230323262663030323230366230313130303232323031323232373030303232393230303032323662303230323164623430323230623230393230303637303630303236623930303032643232323032323932303932323062373032323230363730323432303236303232323032323231303039323930303030326236303432303236623230303435323230353032343237303230
65383436323637313833343230373265333239633234643761303431343339353538303234643932373636323331363563333939313430613336663265326130
e84626718342072e329c24d7a041439558024d9276623165c399140a36f2e2a0
10220002222202045720200662220226222022222020779052277024206220220b500020bb220202600204b2021122f02402269202272092009b02022bf002206b011002220122270002292000226b02021db40220b20920067060026b90002d2220229209220b7022206702420260222022210092900002b6042026b20045220502427020
35393934363432333436623364663964386138343638313866646265613739626438393062343232313839396235306163626330343133386361636530386533
5994642346b3df9d8a846818fdbea79bd890b4221899b50acbc04138cace08e3
3132303030303232323232323031303230323230323232323230303032323232323030303432303234303232303230303030343232323032303032323231303032323230303030393232353432323536323237373662623262323237396236323239366462363664396236323232623632323232373636323737323562363266363262666232373262623237623232373736323936623237303232323232393032303230303039303030303230303034303039323030303032303032303030303032323230323030323032323239323031303030323039363032393232323130343035326236363232623537326262326437623237326464376637323262376232363732623732626266
35363132306130393431643331376535386162393434346235656663333466626161653366303832636561336233613963666564313766666630646464386464
56120a0941d317e58ab9444b5efc34fbaae3f082cea3b3a9cfed17fff0ddd8dd
1200002222220102022022222000222220004202402202000042220200222100222000092254225622776bb2b2279b62296db66d9b6222b6222276627725b62f62bfb272bb27b22776296b270222229020200090000200040092000020020000022202002022292010002096029222104052b6622b572bb2d7b272dd7f722b7b2672b72bbf
32323332346465323134366164306362313637313364316432303832663263343664356265383132383133663832333661613636353733303861613464656561
22324de2146ad0cb16713d1d2082f2c46d5be812813f8236aa6657308aa4deea
3130323230306232323232323036303435373230363030363632323230323236323232303232323232623230373739303532323737303237323036323230323230623530306232306262323262323032363030323034623230326431323266303237303232363932623232373230393230303962303237323262663030323230366230316430303232323064323232373030373232393230306632323662303237323164623430323230623230393230303637303662303236623930373032643232326232323932303932323062373032363230363730323732303236303232323032323231623039323930303730326236303432303236623230623435323230356232343237303266
37316662373263333439336331376132616234363061666238363463653663663036343261323761653461363366333762323732633365323738353831353331
71fb72c3493c17a2ab460afb864ce6cf0642a27ae4a63f37b272c3e278581531
102200b2222206045720600662220226222022222b20779052277027206220220b500b20bb22b202600204b202d122f027022692b2272092009b02722bf002206b01d002220d2227007229200f226b02721db40220b2092006706b026b90702d222b229209220b702620670272026022202221b092900702b6042026b20b452205b242702f
39313563656630633833393963376663623234306238653635383566663165333565336261643535323630626533376566656533616362313663343134643764
915cef0c8399c7fcb240b8e6585ff1e35e3bad55260be37efee3acb16c414d7d
3132303030303232323232323031303230323230323232323230303032323232323030303432303234303232303230303030343232323032303032323231303032323230303030393232353432323536323237373662623262323237396236323239366462363664396236323232623632323232373636323737323562363266363262666232373262623237623232373736323936623237303232323232393032303230303039303030303230303034303039323030303032303032303037373736323262326237323736323239326664626262326239366232393232326462373735323032323232303534323030323134303230323131303030323230303032323432303032303030
34623638626130376562303764376239323534373636323763653330316139316533336661393762623237656461613736646362396339666633336566383831
4b68ba07eb07d7b925476627ce301a91e33fa97bb27edaa76dcb9c9ff33ef881
1200002222220102022022222000222220004202402202000042220200222100222000092254225622776bb2b2279b62296db66d9b6222b6222276627725b62f62bfb272bb27b22776296b2702222290202000900002000400920000200200777622b2b72762292fdbbb2b96b29222db775202222054200214020211000220002242002000
30313764333330383638343535313432663434613637373132613634366463386437316137616130333438643334363836383763323638643037636634356438
017d330868455142f44a67712a646dc8d71a7aa0348d3468687c268d07cf45d8
3130323230373032323232323732303435373237323030363632363230323236323232303232323232303230373739623532323737303234323036323262323230623530373032306262323230323032363037323034623230363131323266303234303232363932303232373230393230303962303230323262663066323230366230643130303232326231323232373062303232393230623032323662303230323164623462323230623230393230303637303630303236623962303032643232323032323932303932323062373032323230363730323432303236303232323032323264303039323930623030326236303732303236623237303435323230353032343237303230
64323136333063333263353534663635653930656434373731646435346165356437656236363234353362326532313731613438626533373531336664303737
d21630c32c554f65e90ed4771dd54ae5d7eb662453b2e2171a48be37513fd077
10220702222272045727200662620226222022222020779b5227702420622b220b507020bb220202607204b2061122f02402269202272092009b02022bf0f2206b0d100222b122270b022920b0226b02021db4b220b20920067060026b9b002d2220229209220b70222067024202602220222d009290b002b6072026b27045220502427020
32663262656134366332366531653835613831646634363564613336636464323337326265333763333765653337666165333562353862653765633661336530
2f2bea46c26e1e85a81df465da36cdd2372be37c37ee37fae35b58be7ec6a3e0
3132303030303232323232323031303230323230323232323230303032323232323030303432303234303232303230303030343232323032303032323231303032323230303030393232353432323536323237373662623262323237396236323239366462363664396236323232623632323232373636323737323562363266363262666232373262623237623232373736323936623237303232323232393032303230303039303030303230303034303039323030303032303032303037373736323262326237323736323239326664626262326239366232393232326462373735326236363232623537326262326437623237326464376637323262376232363732623732626266
61303863363039323061373461316436656330376538343535616365663263666133383539313637333862326661663564643664386461646437663563613063
a08c60920a74a1d6ec07e8455acef2cfa385916738b2faf5dd6d8dadd7f5ca0c
1200002222220102022022222000222220004202402202000042220200222100222000092254225622776bb2b2279b62296db66d9b6222b6222276627725b62f62bfb272bb27b22776296b2702222290202000900002000400920000200200777622b2b72762292fdbbb2b96b29222db7752b6622b572bb2d7b272dd7f722b7b2672b72bbf
30646265386636626431326237313937653066386437623535643931393363656537356463356463633064666530363331313661386563616430363965653032
0dbe8f6bd12b7197e0f8d7b55d9193cee75dc5dcc0dfe063116a8ecad069ee02
3130323230376232323232323736303435373237363030363632363230323236323232303232323232623230373739623532323737303237323036323262323230623530376232306262323262323032363037323034623230366431323266303237303232363932623232373230393230303962303237323262663066323230366230646430303232326264323232373062373232393230626632323662303237323164623462323230623230393230303637303662303236623962373032643232326232323932303932323062373032363230363730323732303236303232323032323264623039323930623730326236303732303236623237623435323230356232343237303266
62323730336533356632353961306635396334303937326636393764326461306262646230353337323732343832343939666232633038313239306632633237
b2703e35f259a0f59c40972f697d2da0bbdb0537272482499fb2c081290f2c27
102207b2222276045727600662620226222022222b20779b5227702720622b220b507b20bb22b202607204b206d122f027022692b2272092009b02722bf0f2206b0dd00222bd22270b722920bf226b02721db4b220b2092006706b026b9b702d222b229209220b70262067027202602220222db09290b702b6072026b27b452205b242702f
39376564313033633534636436343433633835333939303961323061306338666462303061353132396366353634373361386563313732643035613334616338
97ed103c54cd6443c8539909a20a0c8fdb00a5129cf56473a8ec172d05a34ac8
3132303030303232323232323031303230323230323232323230303032323232323030303432303234303232303230303030343232323032303032323231303032323230303030393232353432323536323237373662623262323237396236323239366462363664396236323232623632323232373636323737323562363266363262666232373262623237623232373736323936623237663232363232396232663237376239626662373262623737623739326262626632376632376230303032323230323030323032323239323031303030323039363032393232323130343035323032323232303534323030323134303230323131303030323230303032323432303032303030
34386462343234343737313932363131666236303933313234313264353739356365363334316666643837623034303665656231626538313530613538346338
48db424477192611fb609312412d5795ce6341ffd87b0406eeb1be8150a584c8
1200002222220102022022222000222220004202402202000042220200222100222000092254225622776bb2b2279b62296db66d9b6222b6222276627725b62f62bfb272bb27b22776296b27f226229b2f277b9bfb72bb77b792bbbf27f27b0002220200202229201000209602922210405202222054200214020211000220002242002000
35633439363466623338343637656139386662656530303732653661366138343835356138333461303335316238316362613665623138373031626165356235
5c4964fb38467ea98fbee0072e6a6a84855a834a0351b81cba6eb18701bae5b5
3130323266303032323232323032303435373230323030363636323230323236323232303232323232303230373739303532323737623234323036323230323230623566303032306262323230323032363730323034623237323131323266623234303232363932303232373262393230303962663230323262666230323230366237313130303232323031323232376230303232393262303032323662373230323164623730323230623262393230303637373630303236623930303032643232323032323932623932323062376232323230363762323432303236663232323032323231303039323937303030326236663432303236623230303435323237353032343237623230
64376238393666663830373537323264373766316363663964366663646538333963303565616339363435373364363131663338616663663263656438346131
d7b896ff8075722d77f1ccf9d6fcde839c05eac964573d611f38afcf2ced84a1
1022f002222202045720200666220226222022222020779052277b24206220220b5f0020bb220202670204b2721122fb2402269202272b92009bf2022bfb02206b71100222012227b002292b00226b72021db70220b2b920067760026b90002d22202292b9220b7b222067b242026f222022210092970002b6f42026b20045227502427b20
64616162386430373633333961333265663538336332333266336562616338373266616338656232323238653936373162656332313734306635636332373062
daab8d076339a32ef583c232f3ebac872fac8eb2228e9671bec21740f5cc270b
3132303030303232323232323031303230323230323232323230303032323232323030303432303234303232303230303030343232323032303032323231303032323230303030393232353432323536323237373662623262323237396236323239366462363664396236323232623632323232373636323737323562363266363262666232373262623237623232373736323936623237663232363232396232663237376239626662373262623737623739326262626632376632376230303032323230323030323032323239323031303030323039363032393232323130343035326236363232623537326262326437623237326464376637323262376232363732623732626266
39653162323734306434396663663166316135343662356637356437396332626661316136613632663864313362626138633533313466636464346437366466
9e1b2740d49fcf1f1a546b5f75d79c2bfa1a6a62f8d13bba8c5314fcdd4d76df
1200002222220102022022222000222220004202402202000042220200222100222000092254225622776bb2b2279b62296db66d9b6222b6222276627725b62f62bfb272bb27b22776296b27f226229b2f277b9bfb72bb77b792bbbf27f27b00022202002022292010002096029222104052b6622b572bb2d7b272dd7f722b7b2672b72bbf
63306135656638323338356438353762666230663035383030626230356632636336333065613433623162333631633132306538316533303836393434646532
c0a5ef82385d857bfb0f05800bb05f2cc630ea43b1b361c120e81e3086944de2
3130323266306232323232323036303435373230363030363636323230323236323232303232323232623230373739303532323737623237323036323230323230623566306232306262323262323032363730323034623237326431323266623237303232363932623232373262393230303962663237323262666230323230366237316430303232323064323232376230373232393262306632323662373237323164623730323230623262393230303637373662303236623930373032643232326232323932623932323062376232363230363762323732303236663232323032323231623039323937303730326236663432303236623230623435323237356232343237623266
32613134393535626338333935376166323866626531303739643331353364343362323430333635626266313964353536373038353161356364393064316233
2a14955bc83957af28fbe1079d3153d43b240365bbf19d55670851a5cd90d1b3
1022f0b2222206045720600666220226222022222b20779052277b27206220220b5f0b20bb22b202670204b272d122fb27022692b2272b92009bf2722bfb02206b71d002220d2227b072292b0f226b72721db70220b2b92006776b026b90702d222b2292b9220b7b262067b272026f22202221b092970702b6f42026b20b452275b2427b2f
32663866333839333038386231643065373638333039623862656339646332303736666566316161636137356233326534386433356335323065363138613032
2f8f3893088b1d0e768309b8bec9dc2076fef1aaca75b32e48d35c520e618a02
3132303030303232323232323031303230323230323232323230303032323232323030303432303234303232303230303030343232323032303032323231303032323230303030393232353432323536323237373662623262323237396236323239366462363664396236323232623632323232373636323737323562363266363262666232373262623237623232373736323936623237663232363232396232663237376239626662373262623737623739326262626632376632376237373736323262326237323736323239326664626262326239366232393232326462373735323032323232303534323030323134303230323131303030323230303032323432303032303030
31346165333061396539333936343734306333613531363635313436643531306166393465393863313261666530383262333537626435303539383932616665
14ae30a9e93964740c3a51665146d510af94e98c12afe082b357bd5059892afe
1200002222220102022022222000222220004202402202000042220200222100222000092254225622776bb2b2279b62296db66d9b6222b6222276627725b62f62bfb272bb27b22776296b27f226229b2f277b9bfb72bb77b792bbbf27f27b777622b2b72762292fdbbb2b96b29222db775202222054200214020211000220002242002000
37626236366238636334613236323133333636326536616230383834663337306365643830616262306264613430373764366439613635643362353234626566
7bb66b8cc4a262133662e6ab0884f370ced80abb0bda4077d6d9a65d3b524bef
3130323266373032323232323732303435373237323030363636363230323236323232303232323232303230373739623532323737623234323036323262323230623566373032306262323230323032363737323034623237363131323266623234303232363932303232373262393230303962663230323262666266323230366237643130303232326231323232376262303232393262623032323662373230323164623762323230623262393230303637373630303236623962303032643232323032323932623932323062376232323230363762323432303236663232323032323264303039323937623030326236663732303236623237303435323237353032343237623230
31656639316563343935646162343066383362313261663762353733336338323837396636393933623539613839653731326334623730313436303032383735
1ef91ec495dab40f83b12af7b5733c82879f6993b59a89e712c4b70146002875
1022f702222272045727200666620226222022222020779b52277b2420622b220b5f7020bb220202677204b2761122fb2402269202272b92009bf2022bfbf2206b7d100222b12227bb02292bb0226b72021db7b220b2b920067760026b9b002d22202292b9220b7b222067b242026f2220222d009297b002b6f72026b27045227502427b20
32333466643432653936666233333131363439333431316462346239626532626565353932613635353864313361376639643131633637383737323337653266
234fd42e96fb33116493411db4b9be2bee592a6558d13a7f9d11c67877237e2f
3132303030303232323232323031303230323230323232323230303032323232323030303432303234303232303230303030343232323032303032323231303032323230303030393232353432323536323237373662623262323237396236323239366462363664396236323232623632323232373636323737323562363266363262666232373262623237623232373736323936623237663232363232396232663237376239626662373262623737623739326262626632376632376237373736323262326237323736323239326664626262326239366232393232326462373735326236363232623537326262326437623237326464376637323262376232363732623732626266
66313733333365383065633131613162633065393864333035373035333938383566616461383665313836346263306565643036373932346564613036663661
f17333e80ec11a1bc0e98d30570539885fada86e1864bc0eed067924eda06f6a
1200002222220102022022222000222220004202402202000042220200222100222000092254225622776bb2b2279b62296db66d9b6222b6222276627725b62f62bfb272bb27b22776296b27f226229b2f277b9bfb72bb77b792bbbf27f27b777622b2b72762292fdbbb2b96b29222db7752b6622b572bb2d7b272dd7f722b7b2672b72bbf
61373061376638393637306534643639623730393236333833373862373835646461643835316330656134356335343762303465343034623963633435666135
a70a7f89670e4d69b7092638378b785ddad851c0ea45c547b04e404b9cc45fa5
3130323266376232323232323736303435373237363030363636363230323236323232303232323232623230373739623532323737623237323036323262323230623566376232306262323262323032363737323034623237366431323266623237303232363932623232373262393230303962663237323262666266323230366237646430303232326264323232376262373232393262626632323662373237323164623762323230623262393230303637373662303236623962373032643232326232323932623932323062376232363230363762323732303236663232323032323264623039323937623730326236663732303236623237623435323237356232343237623266
64366437376666636533373637383735346131323533656336363237383030303966333564636436646135666135383336373863376339336536636166333662
d6d77ffce37678754a1253ec662780009f35dcd6da5fa583678c7c93e6caf36b
1022f7b2222276045727600666620226222022222b20779b52277b2720622b220b5f7b20bb22b202677204b276d122fb27022692b2272b92009bf2722bfbf2206b7dd00222bd2227bb72292bbf226b72721db7b220b2b92006776b026b9b702d222b2292b9220b7b262067b272026f2220222db09297b702b6f72026b27b452275b2427b2f
36373531626434623066306334646361353563383463646166333261353139316230353136656535643737316437353835313631303464343238653664363338
6751bd4b0f0c4dca55c84cdaf32a5191b0516ee5d771d758516104d428e6d638
3132303030303232323232323031303230323230323232323230303032323232323030303432623237623236663262623737373236326632626232323264376236323237626237393232353732323532323230343230303230323230393032323239363130323231393032323232303232323232303232323034323530323230323230303032303230303230303232303032323932303230303232323232393032303230303039303030303230303034303039323030303032303032303030303032323230323030323032323239323031303030323039363032393232323130343035323032323232303534323030323134303230323131303030323230303032323432303032303030
65383666303535643834643237343434353165633139306563613530373937326465643434303062343531656531383539623537333131353938343562636439
e86f055d84d2744451ec190eca507972ded4400b451ee1859b5731159845bcd9
12000022222201020220222220002222200042b27b26f2bb777262f2bb222d7b6227bb7922572252220420020220902229610221902222022222022204250220220002020020022002292020022222902020009000020004009200002002000002220200202229201000209602922210405202222054200214020211000220002242002000
39663734636532666261626664323763323337363365366631396232363338333331666361326634663334356131326635323866323735643061303333363738
9f74ce2fbabfd27c23763e6f19b2638331fca2f4f345a12f528f275d0a033678
3162323230303032323232323032303735303230323062323232323230323232323232303632323232303266303039303532323434303234326232323230323262303530303032373030323230323732323030323037303230323131323230303234303632323932303232303230393230663930303230323230303030323262323030313130623232323031323232303030303232393230303032323630303230326431303430323237303230393230623230303630303632303930303032313232323032323932303932323730303032323262323030323432623232303232323732323231303039323930303030323032303432303232303230303435323230353032373230303230
39623539346332396632643363333463313462366636323037663566613839383430333933313930363536623062323537636538613566393261663266393262
9b594c29f2d3c34c14b6f6207f5fa89840393190656b0b257ce8a5f92af2f92b
1b22000222220207502020b22222022222206222202f0090522440242b222022b050002700220272200207020211220024062292022020920f9002022000022b200110b222012220000229200022600202d1040227020920b2006006209000212220229209227000222b200242b22022272221009290000202042022020045220502720020
61663862636665613537333639613037333932363332306335633065396132303432383435663639366532353566303635353737376261626636343863343030
af8bcfea57369a073926320c5c0e9a2042845f696e255f0655777babf648c400
3132303030303232323232323031303230323230323232323230303032323232323030303432623237623236663262623737373236326632626232323264376236323237626237393232353732323532323230343230303230323230393032323239363130323231393032323232303232323232303232323034323530323230323230303032303230303230303232303032323932303230303232323232393032303230303039303030303230303034303039323030303032303032303030303032323230323030323032323239323031303030323039363032393232323130343035326236363232623537326262326437623237326464376637323262376232363732623732626266
61636435343039316533653234663030303037306164363538363132633939323537363164306236343638613766376239633635303834663039643164383462
acd54091e3e24f000070ad658612c9925761d0b6468a7f7b9c65084f09d1d84b
12000022222201020220222220002222200042b27b26f2bb777262f2bb222d7b6227bb79225722522204200202209022296102219022220222220222042502202200020200200220022920200222229020200090000200040092000020020000022202002022292010002096029222104052b6622b572bb2d7b272dd7f722b7b2672b72bbf
33623832653530626336373665356533346238633365393735366431396564386461633761333838613536383930376137656164303264653335363766303335
3b82e50bc676e5e34b8c3e9756d19ed8dac7a388a568907a7ead02de3567f035
3162323230306232323232323036303735303230363062323232323230323232323232303632323232623266303039303532323434303237326232323230323262303530306232373030323262323732323030323037303230326431323230303237303632323932623232303230393230663930303237323230303030323262323030316430623232323064323232303030373232393230306632323630303237326431303430323237303230393230623230303662303632303930373032313232326232323932303932323730303032363262323030323732623232303232323732323231623039323930303730323032303432303232303230623435323230356232373230303266
36376136343166636362616366313163333164663666656137306236623264666136393639356539373662653138386536393537383030373566386662303265
67a641fccbacf11c31df6fea70b6b2dfa69695e976be188e695780075f8fb02e
1b2200b222220607502060b222220222222062222b2f0090522440272b222022b0500b270022b2722002070202d1220027062292b22020920f9002722000022b2001d0b2220d2220007229200f22600272d1040227020920b2006b0620907021222b229209227000262b200272b22022272221b09290070202042022020b452205b272002f
62326437666238636362313564383066343464633937633135663535373530383336323762636262333331653564633330313562383665386365613261373761
b2d7fb8ccb15d80f44dc97c15f5575083627bcbb331e5dc3015b86e8cea2a77a
3132303030303232323232323031303230323230323232323230303032323232323030303432623237623236663262623737373236326632626232323264376236323237626237393232353732323532323230343230303230323230393032323239363130323231393032323232303232323232303232323034323530323230323230303032303230303230303232303032323932303230303232323232393032303230303039303030303230303034303039323030303032303032303037373736323262326237323736323239326664626262326239366232393232326462373735323032323232303534323030323134303230323131303030323230303032323432303032303030
32333861313137336363383138333632353834633835326433633065343036636332386165656134393532383835393638326664346136396438356333343365
238a1173cc818362584c852d3c0e406cc28aeea49528859682fd4a69d85c343e
12000022222201020220222220002222200042b27b26f2bb777262f2bb222d7b6227bb792257225222042002022090222961022190222202222202220425022022000202002002200229202002222290202000900002000400920000200200777622b2b72762292fdbbb2b96b29222db775202222054200214020211000220002242002000
31646137666232396232613635633731303336306439313663636665343937363732633338666436313135656163343662306530313230313962343538613261
1da7fb29b2a65c710360d916ccfe497672c38fd6115eac46b0e012019b458a2a
3162323230373032323232323732303735303237323062323232363230323232323232303632323232303266303039623532323434303234326232323262323262303530373032373030323230323732323037323037303230363131323230303234303632323932303232303230393230663930303230323230303066323262323030643130623232326231323232303062303232393230623032323630303230326431303462323237303230393230623230303630303632303962303032313232323032323932303932323730303032323262323030323432623232303232323732323264303039323930623030323032303732303232303237303435323230353032373230303230
63343633383762393530306466376632643766623030303636633033333766323731313730386139356265333433353239326566393664313266303432626432
c46387b9500df7f2d7fb00066c0337f2711708a95be3435292ef96d12f042bd2
1b22070222227207502720b22262022222206222202f009b522440242b222b22b050702700220272207207020611220024062292022020920f9002022000f22b200d10b222b122200b022920b022600202d104b227020920b2006006209b00212220229209227000222b200242b2202227222d009290b00202072022027045220502720020
65666634666266343264663165353936383466623031653761636264653963356461316336366632323436303030373765333839393563346466313833633034
eff4fbf42df1e59684fb01e7acbde9c5da1c66f224600077e38995c4df183c04
3132303030303232323232323031303230323230323232323230303032323232323030303432623237623236663262623737373236326632626232323264376236323237626237393232353732323532323230343230303230323230393032323239363130323231393032323232303232323232303232323034323530323230323230303032303230303230303232303032323932303230303232323232393032303230303039303030303230303034303039323030303032303032303037373736323262326237323736323239326664626262326239366232393232326462373735326236363232623537326262326437623237326464376637323262376232363732623732626266
32353032616635386562336636346439373863653963376531346263336139373131366163386430333338616639303766383766656330633766633939616365
2502af58eb3f64d978ce9c7e14bc3a97116ac8d0338af907f87fec0c7fc99ace
12000022222201020220222220002222200042b27b26f2bb777262f2bb222d7b6227bb792257225222042002022090222961022190222202222202220425022022000202002002200229202002222290202000900002000400920000200200777622b2b72762292fdbbb2b96b29222db7752b6622b572bb2d7b272dd7f722b7b2672b72bbf
36323333393330326134393432646534623366306366613461636563636262326438623033633566376336636230653731303536326332323863653764396264
62339302a4942de4b3f0cfa4aceccbb2d8b03c5f7c6cb0e710562c228ce7d9bd
3162323230376232323232323736303735303237363062323232363230323232323232303632323232623266303039623532323434303237326232323262323262303530376232373030323262323732323037323037303230366431323230303237303632323932623232303230393230663930303237323230303066323262323030646430623232326264323232303062373232393230626632323630303237326431303462323237303230393230623230303662303632303962373032313232326232323932303932323730303032363262323030323732623232303232323732323264623039323930623730323032303732303232303237623435323230356232373230303266
37653666323535663763393161373262363139653939326433343535383464346532613130623034643033633862633735616261613031653036333133373438
7e6f255f7c91a72b619e992d345584d4e2a10b04d03c8bc75abaa01e06313748
1b2207b222227607502760b222620222222062222b2f009b522440272b222b22b0507b270022b2722072070206d1220027062292b22020920f9002722000f22b200dd0b222bd22200b722920bf22600272d104b227020920b2006b06209b7021222b229209227000262b200272b2202227222db09290b70202072022027b452205b272002f
63333164316635653135363532656534656334383366633331316531643236646339626463653139373834613264316162616534623064323433666261636163
c31d1f5e15652ee4ec483fc311e1d26dc9bdce19784a2d1abae4b0d243fbacac
3132303030303232323232323031303230323230323232323230303032323232323030303432623237623236663262623737373236326632626232323264376236323237626237393232353732323532323230343230303230323230393032323239363130323231393032323232303232323232303232323034323530323230323230303032303230303230303232303032323932303230663232363232396232663237376239626662373262623737623739326262626632376632376230303032323230323030323032323239323031303030323039363032393232323130343035323032323232303534323030323134303230323131303030323230303032323432303032303030
66656531613836363830303235613864626362376163346364666662336664626636323562306532333461633762353633636666666330623331323830363764
fee1a86680025a8dbcb7ac4cdffb3fdbf625b0e234ac7b563cfffc0b3128067d
12000022222201020220222220002222200042b27b26f2bb777262f2bb222d7b6227bb7922572252220420020220902229610221902222022222022204250220220002020020022002292020f226229b2f277b9bfb72bb77b792bbbf27f27b0002220200202229201000209602922210405202222054200214020211000220002242002000
61633031333930323365386361383131616663313864653537663832626566366632383061643034383865316338386532353361346161393432363966343764
ac0139023e8ca811afc18de57f82bef6f280ad0488e1c88e253a4aa94269f47d
3162323266303032323232323032303735303230323062323236323230323232323232303632323232303266303039303532323434623234326232323230323262303566303032373030323230323732323730323037303237323131323230623234303632323932303232303262393230663930663230323230306230323262323037313130623232323031323232306230303232393262303032323630373230326431303730323237303262393230623230373630303632303930303032313232323032323932623932323730306232323262323062323432623232663232323732323231303039323937303030323032663432303232303230303435323237353032373230623230
63353535643537333234663833653933663362666132363662663363616432376435363962613136396561333862646638643561643835306164663764623766
c555d57324f83e93f3bfa266bf3cad27d569ba169ea38bdf8d5ad850adf7db7f
1b22f00222220207502020b22622022222206222202f009052244b242b222022b05f002700220272270207027211220b2406229202202b920f90f202200b022b207110b222012220b002292b0022607202d107022702b920b20760062090002122202292b922700b222b20b242b22f22272221009297000202f42022020045227502720b20
31383766326331303866353437633530326630303362343364356366633466636266343539366237633838333539343132636262353739353366663538643736
187f2c108f547c502f003b43d5cfc4fcbf4596b7c88359412cbb57953ff58d76
3132303030303232323232323031303230323230323232323230303032323232323030303432623237623236663262623737373236326632626232323264376236323237626237393232353732323532323230343230303230323230393032323239363130323231393032323232303232323232303232323034323530323230323230303032303230303230303232303032323932303230663232363232396232663237376239626662373262623737623739326262626632376632376230303032323230323030323032323239323031303030323039363032393232323130343035326236363232623537326262326437623237326464376637323262376232363732623732626266
38383733613733346164633031623865356236353164623232666464393033323165633033303332333735396331653731373434386332346631326165653763
8873a734adc01b8e5b651db22fdd90321ec030323759c1e717448c24f12aee7c
12000022222201020220222220002222200042b27b26f2bb777262f2bb222d7b6227bb7922572252220420020220902229610221902222022222022204250220220002020020022002292020f226229b2f277b9bfb72bb77b792bbbf27f27b00022202002022292010002096029222104052b6622b572bb2d7b272dd7f722b7b2672b72bbf
63653734393261666366613036646332326165343537623962303462633563663866633866373539393932613739393735313737393863323461373230386166
ce7492afcfa06dc22ae457b9b04bc5cf8fc8f759992a7997517798c24a7208af
3162323266306232323232323036303735303230363062323236323230323232323232303632323232623266303039303532323434623237326232323230323262303566306232373030323262323732323730323037303237326431323230623237303632323932623232303262393230663930663237323230306230323262323037316430623232323064323232306230373232393262306632323630373237326431303730323237303262393230623230373662303632303930373032313232326232323932623932323730306232363262323062323732623232663232323732323231623039323937303730323032663432303232303230623435323237356232373230623266
38643238336665616637623334383063643565626266373461656665666666353339333534653339396134363861666261346538313036353635646662373130
8d283feaf7b3480cd5ebbf74aefefff539354e399a468afba4e8106565dfb710
1b22f0b222220607502060b226220222222062222b2f009052244b272b222022b05f0b270022b2722702070272d1220b27062292b2202b920f90f272200b022b2071d0b2220d2220b072292b0f22607272d107022702b920b2076b0620907021222b2292b922700b262b20b272b22f22272221b09297070202f42022020b452275b2720b2f
61326439363431646239306263663565383364333131613230393335356666623538323666313263656235623630336532303466313539383137633365316163
a2d9641db90bcf5e83d311a209355ffb5826f12ceb5b603e204f159817c3e1ac
3132303030303232323232323031303230323230323232323230303032323232323030303432623237623236663262623737373236326632626232323264376236323237626237393232353732323532323230343230303230323230393032323239363130323231393032323232303232323232303232323034323530323230323230303032303230303230303232303032323932303230663232363232396232663237376239626662373262623737623739326262626632376632376237373736323262326237323736323239326664626262326239366232393232326462373735323032323232303534323030323134303230323131303030323230303032323432303032303030
61633133633436353937643962386464373865643631386230356239343732306339353032373033636535323231613039386263333365383865623961616139
ac13c46597d9b8dd78ed618b05b94720c9502703ce5221a098bc33e88eb9aaa9
12000022222201020220222220002222200042b27b26f2bb777262f2bb222d7b6227bb7922572252220420020220902229610221902222022222022204250220220002020020022002292020f226229b2f277b9bfb72bb77b792bbbf27f27b777622b2b72762292fdbbb2b96b29222db775202222054200214020211000220002242002000
63336336383539393832303332653863613866653763316663663664343966346563313632383037353663376238363065383165626139646637633862373635
c3c6859982032e8ca8fe7c1fcf6d49f4ec16280756c7b860e81eba9df7c8b765
3162323266373032323232323732303735303237323062323236363230323232323232303632323232303266303039623532323434623234326232323262323262303566373032373030323230323732323737323037303237363131323230623234303632323932303232303262393230663930663230323230306266323262323037643130623232326231323232306262303232393262623032323630373230326431303762323237303262393230623230373630303632303962303032313232323032323932623932323730306232323262323062323432623232663232323732323264303039323937623030323032663732303232303237303435323237353032373230623230
31633430326239636633386330633934373730376162386634643535353837653937393836393732326131336466353737623535663530643032373630396437
1c402b9cf38c0c947707ab8f4d55587e979869722a13df577b55f50d027609d7
1b22f70222227207502720b22662022222206222202f009b52244b242b222b22b05f702700220272277207027611220b2406229202202b920f90f202200bf22b207d10b222b12220bb02292bb022607202d107b22702b920b2076006209b002122202292b922700b222b20b242b22f2227222d009297b00202f72022027045227502720b20
62643033623866303665303634636431373435616633643264333034613337616239373638386438396265323063376362663763363133643039666361353536
bd03b8f06e064cd1745af3d2d304a37ab97688d89be20c7cbf7c613d09fca556
3132303030303232323232323031303230323230323232323230303032323232323030303432623237623236663262623737373236326632626232323264376236323237626237393232353732323532323230343230303230323230393032323239363130323231393032323232303232323232303232323034323530323230323230303032303230303230303232303032323932303230663232363232396232663237376239626662373262623737623739326262626632376632376237373736323262326237323736323239326664626262326239366232393232326462373735326236363232623537326262326437623237326464376637323262376232363732623732626266
34313739323632613634633339613731346536386161653439306639626131353331396664343164373162376364396564363936376463376564323362303163
4179262a64c39a714e68aae490f9ba15319fd41d71b7cd9ed6967dc7ed23b01c
12000022222201020220222220002222200042b27b26f2bb777262f2bb222d7b6227bb7922572252220420020220902229610221902222022222022204250220220002020020022002292020f226229b2f277b9bfb72bb77b792bbbf27f27b777622b2b72762292fdbbb2b96b29222db7752b6622b572bb2d7b272dd7f722b7b2672b72bbf
34353439366535633266323337366335636533386330346339366436396433353665653735383738336565303937373739346231383632356337666163356439
45496e5c2f2376c5ce38c04c96d69d356ee758783ee0977794b18625c7fac5d9
3162323266376232323232323736303735303237363062323236363230323232323232303632323232623266303039623532323434623237326232323262323262303566376232373030323262323732323737323037303237366431323230623237303632323932623232303262393230663930663237323230306266323262323037646430623232326264323232306262373232393262626632323630373237326431303762323237303262393230623230373662303632303962373032313232326232323932623932323730306232363262323062323732623232663232323732323264623039323937623730323032663732303232303237623435323237356232373230623266
66393833343836656534386330353739323530323133616131613838383531336364336535396561323737656366356234316433343963653264653033326436
f983486ee48c0579250213aa1a888513cd3e59ea277ecf5b41d349ce2de032d6
1b22f7b222227607502760b226620222222062222b2f009b52244b272b222b22b05f7b270022b2722772070276d1220b27062292b2202b920f90f272200bf22b207dd0b222bd2220bb72292bbf22607272d107b22702b920b2076b06209b7021222b2292b922700b262b20b272b22f2227222db09297b70202f72022027b452275b2720b2f
32643736396531653165653739663436316336336433663863353436663863336464666563623661616433323362653136656566666163373430623533663733
2d769e1e1ee79f461c63d3f8c546f8c3ddfecb6aad323be16eeffac740b53f73
3132303030303232323232323031303230323230323232323230303032323232323030303432623237623236663262623737373236326632626232323264376236323237626237393232353732323532323230343230303230323230393032323239363130323231393032323232303232323232373636323737323562363266363262666232373262623237623232373736323936623237303232323232393032303230303039303030303230303034303039323030303032303032303030303032323230323030323032323239323031303030323039363032393232323130343035323032323232303534323030323134303230323131303030323230303032323432303032303030
38333662623838636639373065383537653236656533613838653261393930386464323366396166343665306565323833663963333537346466383734303839
836bb88cf970e857e26ee3a88e2a9908dd23f9af46e0ee283f9c3574df874089
12000022222201020220222220002222200042b27b26f2bb777262f2bb222d7b6227bb792257225222042002022090222961022190222202222276627725b62f62bfb272bb27b22776296b27022222902020009000020004009200002002000002220200202229201000209602922210405202222054200214020211000220002242002000
30623331323530306262306565653266633262353035653363383064663964636136393132623635396238363734383361656338363064323832616134656338
0b312500bb0eee2fc2b505e3c80df9dca6912b659b867483aec860d282aa4ec8
3162323230303032323232323032303735373230323062323632323230323236323232303632323232303266303739303532323437303234326232323230323262303530303032373062323230323732363030323037303230323131323266303234303632363932303232303230393230663962303230323230663030323262326230313130623232323031323232373030303232393230303032323662303230326431623430323237303230393230623237303630303632623930303032313232323032323932303932323730373032323262323730323432623236303232323732323231303039323930303030323036303432303232623230303435323230353032373237303230
66643466663539393738306236363734383961623564393933343065393935666465396463333163383535643233363636343033323466613132626566303661
fd4ff599780b667489ab5d99340e995fde9dc31c855d2366640324fa12bef06a
1b22000222220207572020b26222022622206222202f0790522470242b222022b05000270b22027260020702021122f024062692022020920f9b020220f0022b2b0110b2220122270002292000226b0202d1b40227020920b27060062b9000212220229209227070222b270242b26022272221009290000206042022b20045220502727020
36306536326439353534333935323037353863386265336266626666643565396233313438366239333933336230383462373064626662313638303362626664
60e62d955439520758c8be3bfbffd5e9b31486b93933b084b70dbfb16803bbfd
3132303030303232323232323031303230323230323232323230303032323232323030303432623237623236663262623737373236326632626232323264376236323237626237393232353732323532323230343230303230323230393032323239363130323231393032323232303232323232373636323737323562363266363262666232373262623237623232373736323936623237303232323232393032303230303039303030303230303034303039323030303032303032303030303032323230323030323032323239323031303030323039363032393232323130343035326236363232623537326262326437623237326464376637323262376232363732623732626266
61633864666364303563333164656566636637373834366535393830353665336365323635646465373765613139386237613535306235643066343462393136
ac8dfcd05c31deefcf77846e598056e3ce265dde77ea198b7a550b5d0f44b916
12000022222201020220222220002222200042b27b26f2bb777262f2bb222d7b6227bb792257225222042002022090222961022190222202222276627725b62f62bfb272bb27b22776296b270222229020200090000200040092000020020000022202002022292010002096029222104052b6622b572bb2d7b272dd7f722b7b2672b72bbf
31373130616336373530343739313930376439313664376431626234386533303464623562373836313837636262323835663431323363386233373762386637
1710ac67504791907d916d7d1bb48e304db5b786187cbb285f4123c8b377b8f7
3162323230306232323232323036303735373230363062323632323230323236323232303632323232623266303739303532323437303237326232323230323262303530306232373062323262323732363030323037303230326431323266303237303632363932623232303230393230663962303237323230663030323262326230316430623232323064323232373030373232393230306632323662303237326431623430323237303230393230623237303662303632623930373032313232326232323932303932323730373032363262323730323732623236303232323732323231623039323930303730323036303432303232623230623435323230356232373237303266
31653461383437393335333063653532333865363630623037323230336133643433373533346135333537646536383937386535383061333961333638343363
1e4a84793530ce5238e660b072203a3d437534a5357de68978e580a39a36843c
1b2200b222220607572060b262220226222062222b2f0790522470272b222022b0500b270b22b2726002070202d122f027062692b22020920f9b027220f0022b2b01d0b2220d2227007229200f226b0272d1b40227020920b2706b062b907021222b229209227070262b270272b26022272221b09290070206042022b20b452205b272702f
34616364303066616630306534613534623861643530376338353631336431326535343064343435393234323433386637636432343534376631643234613536
4acd00faf00e4a54b8ad507c85613d12e540d4459242438f7cd24547f1d24a56
3132303030303232323232323031303230323230323232323230303032323232323030303432623237623236663262623737373236326632626232323264376236323237626237393232353732323532323230343230303230323230393032323239363130323231393032323232303232323232373636323737323562363266363262666232373262623237623232373736323936623237303232323232393032303230303039303030303230303034303039323030303032303032303037373736323262326237323736323239326664626262326239366232393232326462373735323032323232303534323030323134303230323131303030323230303032323432303032303030
39626361663862373165323063306232396130313931376234333764366230643033623137633631353337646332393836376164343531663162396363326430
9bcaf8b71e20c0b29a01917b437d6b0d03b17c61537dc29867ad451f1b9cc2d0
12000022222201020220222220002222200042b27b26f2bb777262f2bb222d7b6227bb792257225222042002022090222961022190222202222276627725b62f62bfb272bb27b22776296b2702222290202000900002000400920000200200777622b2b72762292fdbbb2b96b29222db775202222054200214020211000220002242002000
35643166383433356163313137653163396134333734396165373839656463623131663562633937303061306136373763393965363632393463383531313133
5d1f8435ac117e1c9a43749ae789edcb11f5bc9700a0a677c99e66294c851113
3162323230373032323232323732303735373237323062323632363230323236323232303632323232303266303739623532323437303234326232323262323262303530373032373062323230323732363037323037303230363131323266303234303632363932303232303230393230663962303230323230663066323262326230643130623232326231323232373062303232393230623032323662303230326431623462323237303230393230623237303630303632623962303032313232323032323932303932323730373032323262323730323432623236303232323732323264303039323930623030323036303732303232623237303435323230353032373237303230
65636133663963376138346331653661376465356561633036306135306261633932613932343064336436383863383831343937616136313039333537333562
eca3f9c7a84c1e6a7de5eac060a50bac92a9240d3d688c881497aa610935735b
1b22070222227207572720b26262022622206222202f079b522470242b222b22b05070270b22027260720702061122f024062692022020920f9b020220f0f22b2b0d10b222b122270b022920b0226b0202d1b4b227020920b27060062b9b00212220229209227070222b270242b2602227222d009290b00206072022b27045220502727020
33646666623437656131363163333733396438376537306366373866343435323066326463656161363966666538346236393632333331383733646635626563
3dffb47ea161c3739d87e70cf78f44520f2dceaa69ffe84b6962331873df5bec
3132303030303232323232323031303230323230323232323230303032323232323030303432623237623236663262623737373236326632626232323264376236323237626237393232353732323532323230343230303230323230393032323239363130323231393032323232303232323232373636323737323562363266363262666232373262623237623232373736323936623237303232323232393032303230303039303030303230303034303039323030303032303032303037373736323262326237323736323239326664626262326239366232393232326462373735326236363232623537326262326437623237326464376637323262376232363732623732626266
63623462313834373433646235336337383339666636303066376330663264373930663831323838333063343833386466663535643166656533663361633734
cb4b184743db53c7839ff600f7c0f2d790f8128830c4838dff55d1fee3f3ac74
12000022222201020220222220002222200042b27b26f2bb777262f2bb222d7b6227bb792257225222042002022090222961022190222202222276627725b62f62bfb272bb27b22776296b2702222290202000900002000400920000200200777622b2b72762292fdbbb2b96b29222db7752b6622b572bb2d7b272dd7f722b7b2672b72bbf
32623530376466313464303033646566366131663439613134363135393439623839336334386639333162303561393035316431353663646433396531633239
2b507df14d003def6a1f49a14615949b893c48f931b05a9051d156cdd39e1c29
3162323230376232323232323736303735373237363062323632363230323236323232303632323232623266303739623532323437303237326232323262323262303530376232373062323262323732363037323037303230366431323266303237303632363932623232303230393230663962303237323230663066323262326230646430623232326264323232373062373232393230626632323662303237326431623462323237303230393230623237303662303632623962373032313232326232323932303932323730373032363262323730323732623236303232323732323264623039323930623730323036303732303232623237623435323230356232373237303266
64363361653861663030383030346665373631613136363666336664613162333431643032383164616435616664323732316431613238383539313366643339
d63ae8af008004fe761a1666f3fda1b341d0281dad5afd2721d1a2885913fd39
1b2207b222227607572760b262620226222062222b2f079b522470272b222b22b0507b270b22b2726072070206d122f027062692b22020920f9b027220f0f22b2b0dd0b222bd22270b722920bf226b0272d1b4b227020920b2706b062b9b7021222b229209227070262b270272b2602227222db09290b70206072022b27b452205b272702f
66373762663661623736363961306433316130383166356237643839303235383039393531353063616366346539663230393262353065383337636437346263
f77bf6ab7669a0d31a081f5b7d8902580995150cacf4e9f2092b50e837cd74bc
3132303030303232323232323031303230323230323232323230303032323232323030303432623237623236663262623737373236326632626232323264376236323237626237393232353732323532323230343230303230323230393032323239363130323231393032323232303232323232373636323737323562363266363262666232373262623237623232373736323936623237663232363232396232663237376239626662373262623737623739326262626632376632376230303032323230323030323032323239323031303030323039363032393232323130343035323032323232303534323030323134303230323131303030323230303032323432303032303030
39303039623435393038313435363139393363326334613734316166333535666461326366383664326539303162383630353963306265343839646434383332
9009b4590814561993c2c4a741af355fda2cf86d2e901b86059c0be489dd4832
12000022222201020220222220002222200042b27b26f2bb777262f2bb222d7b6227bb792257225222042002022090222961022190222202222276627725b62f62bfb272bb27b22776296b27f226229b2f277b9bfb72bb77b792bbbf27f27b0002220200202229201000209602922210405202222054200214020211000220002242002000
37366538333030633535393538666539616636633031633338616536363539653933366463326136613966636461333437366133343638666537626464633065
76e8300c55958fe9af6c01c38ae6659e936dc2a6a9fcda3476a3468fe7bddc0e
3162323266303032323232323032303735373230323062323636323230323236323232303632323232303266303739303532323437623234326232323230323262303566303032373062323230323732363730323037303237323131323266623234303632363932303232303262393230663962663230323230666230323262326237313130623232323031323232376230303232393262303032323662373230326431623730323237303262393230623237373630303632623930303032313232323032323932623932323730376232323262323762323432623236663232323732323231303039323937303030323036663432303232623230303435323237353032373237623230
30343265663565653436313937366162613135316331363738656532633135663735623766383130626537656435393337666637653936343731333161313937
042ef5ee461976aba151c1678ee2c15f75b7f810be7ed5937ff7e9647131a197
1b22f00222220207572020b26622022622206222202f079052247b242b222022b05f00270b22027267020702721122fb2406269202202b920f9bf20220fb022b2b7110b222012227b002292b00226b7202d1b7022702b920b27760062b90002122202292b922707b222b27b242b26f22272221009297000206f42022b20045227502727b20
64656264306664373261333638306632653062643332323132623732383930356539656539386665313331366530363166636666613362653263346330333438
debd0fd72a3680f2e0bd32212b728905e9ee98fe1316e061fcffa3be2c4c0348
3132303030303232323232323031303230323230323232323230303032323232323030303432623237623236663262623737373236326632626232323264376236323237626237393232353732323532323230343230303230323230393032323239363130323231393032323232303232323232373636323737323562363266363262666232373262623237623232373736323936623237663232363232396232663237376239626662373262623737623739326262626632376632376230303032323230323030323032323239323031303030323039363032393232323130343035326236363232623537326262326437623237326464376637323262376232363732623732626266
61386534656632623362666163663436306464643837303936393231663235643234646633306562623265616663623332343338386666656635373663323738
a8e4ef2b3bfacf460ddd87096921f25d24df30ebb2eafcb324388ffef576c278
12000022222201020220222220002222200042b27b26f2bb777262f2bb222d7b6227bb792257225222042002022090222961022190222202222276627725b62f62bfb272bb27b22776296b27f226229b2f277b9bfb72bb77b792bbbf27f27b00022202002022292010002096029222104052b6622b572bb2d7b272dd7f722b7b2672b72bbf
61393330323430643639386461616436316433366432313432353836653366626534393538363137313139613239626538366666663165363531636465653766
a930240d698daad61d36d2142586e3fbe4958617119a29be86fff1e651cdee7f
3162323266306232323232323036303735373230363062323636323230323236323232303632323232623266303739303532323437623237326232323230323262303566306232373062323262323732363730323037303237326431323266623237303632363932623232303262393230663962663237323230666230323262326237316430623232323064323232376230373232393262306632323662373237326431623730323237303262393230623237373662303632623930373032313232326232323932623932323730376232363262323762323732623236663232323732323231623039323937303730323036663432303232623230623435323237356232373237623266
30323761666166336461613933633831323630366635663834656265326265306236303161373334323662626661323962336466343332633931386233613462
027afaf3daa93c812606f5f84ebe2be0b601a73426bbfa29b3df432c918b3a4b
1b22f0b222220607572060b266220226222062222b2f079052247b272b222022b05f0b270b22b2726702070272d122fb27062692b2202b920f9bf27220fb022b2b71d0b2220d2227b072292b0f226b7272d1b7022702b920b2776b062b907021222b2292b922707b262b27b272b26f22272221b09297070206f42022b20b452275b2727b2f
35623331633463303265326339323430646232356530376533393932653735653337306130356233393139636530336565396336383563643263366638643365
5b31c4c02e2c9240db25e07e3992e75e370a05b3919ce03ee9c685cd2c6f8d3e
3132303030303232323232323031303230323230323232323230303032323232323030303432623237623236663262623737373236326632626232323264376236323237626237393232353732323532323230343230303230323230393032323239363130323231393032323232303232323232373636323737323562363266363262666232373262623237623232373736323936623237663232363232396232663237376239626662373262623737623739326262626632376632376237373736323262326237323736323239326664626262326239366232393232326462373735323032323232303534323030323134303230323131303030323230303032323432303032303030
33653335336636616136646233623337613563363039653330383131313336336365393463323639343737323637643336313664636235363863646136663636
3e353f6aa6db3b37a5c609e308111363ce94c269477267d3616dcb568cda6f66
12000022222201020220222220002222200042b27b26f2bb777262f2bb222d7b6227bb792257225222042002022090222961022190222202222276627725b62f62bfb272bb27b22776296b27f226229b2f277b9bfb72bb77b792bbbf27f27b777622b2b72762292fdbbb2b96b29222db775202222054200214020211000220002242002000
37363265343062373335323363613363356139653764653331363862393936313766356435653364623637343132336664633936633338326266636164393066
762e40b73523ca3c5a9e7de3168b99617f5d5e3db674123fdc96c382bfcad90f
3162323266373032323232323732303735373237323062323636363230323236323232303632323232303266303739623532323437623234326232323262323262303566373032373062323230323732363737323037303237363131323266623234303632363932303232303262393230663962663230323230666266323262326237643130623232326231323232376262303232393262623032323662373230326431623762323237303262393230623237373630303632623962303032313232323032323932623932323730376232323262323762323432623236663232323732323264303039323937623030323036663732303232623237303435323237353032373237623230
65343639663838666635366566303330636137306337636135633765633736323335663266303365643532303933616130626135656235383163613335613064
e469f88ff56ef030ca70c7ca5c7ec76235f2f03ed52093aa0ba5eb581ca35a0d
1b22f70222227207572720b26662022622206222202f079b52247b242b222b22b05f70270b22027267720702761122fb2406269202202b920f9bf20220fbf22b2b7d10b222b12227bb02292bb0226b7202d1b7b22702b920b27760062b9b002122202292b922707b222b27b242b26f2227222d009297b00206f72022b27045227502727b20
38366565333035633262396230333266623137343262643638663530363261646237303832343761356633303065376164346134363863656236326161663364
86ee305c2b9b032fb1742bd68f5062adb708247a5f300e7ad4a468ceb62aaf3d
3132303030303232323232323031303230323230323232323230303032323232323030303432623237623236663262623737373236326632626232323264376236323237626237393232353732323532323230343230303230323230393032323239363130323231393032323232303232323232373636323737323562363266363262666232373262623237623232373736323936623237663232363232396232663237376239626662373262623737623739326262626632376632376237373736323262326237323736323239326664626262326239366232393232326462373735326236363232623537326262326437623237326464376637323262376232363732623732626266
65393064343336623734323136633038633633363936383338383139366264323339616261366331643330393637373634636665653834613437343636333234
e90d436b74216c08c636968388196bd239aba6c1d30967764cfee84a47466324
12000022222201020220222220002222200042b27b26f2bb777262f2bb222d7b6227bb792257225222042002022090222961022190222202222276627725b62f62bfb272bb27b22776296b27f226229b2f277b9bfb72bb77b792bbbf27f27b777622b2b72762292fdbbb2b96b29222db7752b6622b572bb2d7b272dd7f722b7b2672b72bbf
33336331616261386661636235303535326561613639626133393136643961646332373937336232643239386134303235663638316263633337313366616630
33c1aba8facb50552eaa69ba3916d9adc27973b2d298a4025f681bcc3713faf0
3162323266376232323232323736303735373237363062323636363230323236323232303632323232623266303739623532323437623237326232323262323262303566376232373062323262323732363737323037303237366431323266623237303632363932623232303262393230663962663237323230666266323262326237646430623232326264323232376262373232393262626632323662373237326431623762323237303262393230623237373662303632623962373032313232326232323932623932323730376232363262323762323732623236663232323732323264623039323937623730323036663732303232623237623435323237356232373237623266
38363336333465313066333032323865336230663932626634626134663634373739366434393163353333353837623934373537353962653362313639333662
863634e10f30228e3b0f92bf4ba4f647796d491c533587b9475759be3b16936b
1b22f7b222227607572760b266620226222062222b2f079b52247b272b222b22b05f7b270b22b2726772070276d122fb27062692b2202b920f9bf27220fbf22b2b7dd0b222bd2227bb72292bbf226b7272d1b7b22702b920b2776b062b9b7021222b2292b922707b262b27b272b26f2227222db09297b70206f72022b27b452275b2727b2f
38363033643362633264626230303166383363633561306437626132316536363331663631313839613938306365353837636333393231303138396163333164
8603d3bc2dbb001f83cc5a0d7ba21e6631f61189a980ce587cc39210189ac31d
3132303030303232323232323031303230323230323232323230303032323232323030303432623237623236663262623737373236326632626232323264376236323237626237393232353732323536323237373662623262323237396236323239366462363664396236323232623632323232303232323034323530323230323230303032303230303230303232303032323932303230303232323232393032303230303039303030303230303034303039323030303032303032303030303032323230323030323032323239323031303030323039363032393232323130343035323032323232303534323030323134303230323131303030323230303032323432303032303030
38663435336437333032653365656363306362626266393364373031666437376234383366663362376264376132343563316636396462383837323362613035
8f453d7302e3eecc0cbbbf93d701fd77b483ff3b7bd7a245c1f69db88723ba05
12000022222201020220222220002222200042b27b26f2bb777262f2bb222d7b6227bb792257225622776bb2b2279b62296db66d9b6222b62222022204250220220002020020022002292020022222902020009000020004009200002002000002220200202229201000209602922210405202222054200214020211000220002242002000
61356635663466376234383763346235356666656263623563333263363831366164346362336364336137633236303435383266356562313963613134383461
a5f5f4f7b487c4b55ffebcb5c32c6816ad4cb3cd3a7c2604582f5eb19ca1484a
3162323230303032323232323032303735303230323062363232323230323232323232303632323232303266373039303532323734303234326236323230323262623530303032376230323230323732323030323037623230323131323230303234303632323932303232373230393230663930303230323262303030323262363030313130623232323031323232303030303232393230303032323630303230326464303430323237623230393230623630303630303636303930303032643232323032323932303932323762303032323262363030323432623232303232323732323231303039323930303030326232303432303236303230303435323230353032373230303230
37653834313138643031626439383830336466323538633731633339333934626337386461303933323962613034643161653030343861636661613564646564
7e84118d01bd98803df258c71c39394bc78da09329ba04d1ae0048acfaa5dded
1b22000222220207502020b62222022222206222202f7090522740242b622022bb500027b0220272200207b20211220024062292022720920f9002022b00022b600110b222012220000229200022600202dd040227b20920b60060066090002d2220229209227b00222b600242b220222722210092900002b2042026020045220502720020
64363037363135343061623461396232383634303665623534376539643530656265313066323632396630626432616538653637333661623966393730373262
d60761540ab4a9b286406eb547e9d50ebe10f2629f0bd2ae8e6736ab9f97072b
3132303030303232323232323031303230323230323232323230303032323232323030303432623237623236663262623737373236326632626232323264376236323237626237393232353732323536323237373662623262323237396236323239366462363664396236323232623632323232303232323034323530323230323230303032303230303230303232303032323932303230303232323232393032303230303039303030303230303034303039323030303032303032303030303032323230323030323032323239323031303030323039363032393232323130343035326236363232623537326262326437623237326464376637323262376232363732623732626266
31613036666564633830336165316366663561626434666130306232643434306431353238333431643735636361306433323530376132626237376131363165
1a06fedc803ae1cff5abd4fa00b2d440d1528341d75cca0d32507a2bb77a161e
12000022222201020220222220002222200042b27b26f2bb777262f2bb222d7b6227bb792257225622776bb2b2279b62296db66d9b6222b622220222042502202200020200200220022920200222229020200090000200040092000020020000022202002022292010002096029222104052b6622b572bb2d7b272dd7f722b7b2672b72bbf
37326433613135323365656464653738643834303238303535643833653431626665623262363130653233633261333166653032353538613332353233396330
72d3a1523eedde78d84028055d83e41bfeb2b610e23c2a31fe02558a325239c0
3162323230306232323232323036303735303230363062363232323230323232323232303632323232623266373039303532323734303237326236323230323262623530306232376230323262323732323030323037623230326431323230303237303632323932623232373230393230663930303237323262303030323262363030316430623232323064323232303030373232393230306632323630303237326464303430323237623230393230623630303662303636303930373032643232326232323932303932323762303032363262363030323732623232303232323732323231623039323930303730326232303432303236303230623435323230356232373230303266
62363731653037653337653039336534326130393836316632653234306432303334333965373364653330623639373739373436313966623330383138616133
b671e07e37e093e42a09861f2e240d203439e73de30b6977974619fb30818aa3
1b2200b222220607502060b622220222222062222b2f7090522740272b622022bb500b27b022b272200207b202d1220027062292b22720920f9002722b00022b6001d0b2220d2220007229200f22600272dd040227b20920b6006b066090702d222b229209227b00262b600272b22022272221b092900702b2042026020b452205b272002f
65346236613565623263623536376461623433353631646238653438366633303764623866393861663834653936323732393162376230633936333066656462
e4b6a5eb2cb567dab43561db8e486f307db8f98af84e9627291b7b0c9630fedb
3132303030303232323232323031303230323230323232323230303032323232323030303432623237623236663262623737373236326632626232323264376236323237626237393232353732323536323237373662623262323237396236323239366462363664396236323232623632323232303232323034323530323230323230303032303230303230303232303032323932303230303232323232393032303230303039303030303230303034303039323030303032303032303037373736323262326237323736323239326664626262326239366232393232326462373735323032323232303534323030323134303230323131303030323230303032323432303032303030
39356438633230613632393336633239623438333836323739383765383836393732626237646633363764386231623733633133393064383836323563323561
95d8c20a62936c29b4838627987e886972bb7df367d8b1b73c1390d88625c25a
12000022222201020220222220002222200042b27b26f2bb777262f2bb222d7b6227bb792257225622776bb2b2279b62296db66d9b6222b6222202220425022022000202002002200229202002222290202000900002000400920000200200777622b2b72762292fdbbb2b96b29222db775202222054200214020211000220002242002000
31653564346666386564363335663038356334333363373232623230326263353039383930373766613365356234346438643131373633636337643434623864
1e5d4ff8ed635f085c433c722b202bc50989077fa3e5b44d8d11763cc7d44b8d
3162323230373032323232323732303735303237323062363232363230323232323232303632323232303266373039623532323734303234326236323262323262623530373032376230323230323732323037323037623230363131323230303234303632323932303232373230393230663930303230323262303066323262363030643130623232326231323232303062303232393230623032323630303230326464303462323237623230393230623630303630303636303962303032643232323032323932303932323762303032323262363030323432623232303232323732323264303039323930623030326232303732303236303237303435323230353032373230303230
37333730663966343139393766326564636333313331646438386565363961646133623961613863626436313961653866313738616662316433333134353063
7370f9f41997f2edcc3131dd88ee69ada3b9aa8cbd619ae8f178afb1d331450c
1b22070222227207502720b62262022222206222202f709b522740242b622b22bb507027b0220272207207b20611220024062292022720920f9002022b00f22b600d10b222b122200b022920b022600202dd04b227b20920b6006006609b002d2220229209227b00222b600242b2202227222d009290b002b2072026027045220502720020
65613864303435366132656134656635303538656138366462643634653863343530393834316661303762323033343537306139336239303635623937353437
ea8d0456a2ea4ef5058ea86dbd64e8c4509841fa07b2034570a93b9065b97547
3132303030303232323232323031303230323230323232323230303032323232323030303432623237623236663262623737373236326632626232323264376236323237626237393232353732323536323237373662623262323237396236323239366462363664396236323232623632323232303232323034323530323230323230303032303230303230303232303032323932303230303232323232393032303230303039303030303230303034303039323030303032303032303037373736323262326237323736323239326664626262326239366232393232326462373735326236363232623537326262326437623237326464376637323262376232363732623732626266
37323561633064313361626161613162356231613935396435326632623832633433613639623638393961643535363934653339653336326662653361396663
725ac0d13abaaa1b5b1a959d52f2b82c43a69b6899ad55694e39e362fbe3a9fc
12000022222201020220222220002222200042b27b26f2bb777262f2bb222d7b6227bb792257225622776bb2b2279b62296db66d9b6222b6222202220425022022000202002002200229202002222290202000900002000400920000200200777622b2b72762292fdbbb2b96b29222db7752b6622b572bb2d7b272dd7f722b7b2672b72bbf
35653437356664363261643933633564333065393830343032313935346165366563306333383262646264373564646633363838626465373064376262343465
5e475fd62ad93c5d30e9804021954ae6ec0c382bdbd75ddf3688bde70d7bb44e
3162323230376232323232323736303735303237363062363232363230323232323232303632323232623266373039623532323734303237326236323262323262623530376232376230323262323732323037323037623230366431323230303237303632323932623232373230393230663930303237323262303066323262363030646430623232326264323232303062373232393230626632323630303237326464303462323237623230393230623630303662303636303962373032643232326232323932303932323762303032363262363030323732623232303232323732323264623039323930623730326232303732303236303237623435323230356232373230303266
33633036396539613962363064363238646366306563323531386362643436656232316535343665643038303735356333366133393737376139616665653530
3c069e9a9b60d628dcf0ec2518cbd46eb21e546ed080755c36a39777a9afee50
1b2207b222227607502760b622620222222062222b2f709b522740272b622b22bb507b27b022b272207207b206d1220027062292b22720920f9002722b00f22b600dd0b222bd22200b722920bf22600272dd04b227b20920b6006b06609b702d222b229209227b00262b600272b2202227222db09290b702b2072026027b452205b272002f
62616334373862323338383531663934656433393866373332623038383534663563343438343339326137333533373262613332306335643333343137376461
bac478b238851f94ed398f732b08854f5c4484392a735372ba320c5d334177da
3132303030303232323232323031303230323230323232323230303032323232323030303432623237623236663262623737373236326632626232323264376236323237626237393232353732323536323237373662623262323237396236323239366462363664396236323232623632323232303232323034323530323230323230303032303230303230303232303032323932303230663232363232396232663237376239626662373262623737623739326262626632376632376230303032323230323030323032323239323031303030323039363032393232323130343035323032323232303534323030323134303230323131303030323230303032323432303032303030
32613664316261633231663366316531323264623763306539363562613131663262656339373765323761633065353635303663303331316637393937313163
2a6d1bac21f3f1e122db7c0e965ba11f2bec977e27ac0e56506c0311f799711c
12000022222201020220222220002222200042b27b26f2bb777262f2bb222d7b6227bb792257225622776bb2b2279b62296db66d9b6222b62222022204250220220002020020022002292020f226229b2f277b9bfb72bb77b792bbbf27f27b0002220200202229201000209602922210405202222054200214020211000220002242002000
39363337653861653738376638383536396434333363363737336439393763656333643564616131383666323237313931366265366331633263386466343366
9637e8ae787f88569d433c6773d997cec3d5daa186f2271916be6c1c2c8df43f
3162323266303032323232323032303735303230323062363236323230323232323232303632323232303266373039303532323734623234326236323230323262623566303032376230323230323732323730323037623237323131323230623234303632323932303232373262393230663930663230323262306230323262363037313130623232323031323232306230303232393262303032323630373230326464303730323237623262393230623630373630303636303930303032643232323032323932623932323762306232323262363062323432623232663232323732323231303039323937303030326232663432303236303230303435323237353032373230623230
38376366646332613463393838396230656232316630653363393735393663303230356537643036356230623230383430323332623631323363633534343535
87cfdc2a4c9889b0eb21f0e3c97596c0205e7d065b0b20840232b6123cc54455
1b22f00222220207502020b62622022222206222202f709052274b242b622022bb5f0027b0220272270207b27211220b2406229202272b920f90f2022b0b022b607110b222012220b002292b0022607202dd070227b2b920b60760066090002d22202292b9227b0b222b60b242b22f222722210092970002b2f42026020045227502720b20
31356136396235633638393237363332393738356336346330633033303064366230643065343963373664336635363463353133363535623335303530336236
15a69b5c689276329785c64c0c0300d6b0d0e49c76d3f564c513655b350503b6
3132303030303232323232323031303230323230323232323230303032323232323030303432623237623236663262623737373236326632626232323264376236323237626237393232353732323536323237373662623262323237396236323239366462363664396236323232623632323232303232323034323530323230323230303032303230303230303232303032323932303230663232363232396232663237376239626662373262623737623739326262626632376632376230303032323230323030323032323239323031303030323039363032393232323130343035326236363232623537326262326437623237326464376637323262376232363732623732626266
39306461323832656566613931333065353532313365616130316565353231323033373533623439383635633437313333383262346664663161643166633735
90da282eefa9130e55213eaa01ee521203753b49865c4713382b4fdf1ad1fc75
12000022222201020220222220002222200042b27b26f2bb777262f2bb222d7b6227bb792257225622776bb2b2279b62296db66d9b6222b62222022204250220220002020020022002292020f226229b2f277b9bfb72bb77b792bbbf27f27b00022202002022292010002096029222104052b6622b572bb2d7b272dd7f722b7b2672b72bbf
32646332663333363331656163633561653735333430326363313335373862626132316263356263633338613939323532303930626634386530633863393030
2dc2f33631eacc5ae753402cc13578bba21bc5bcc38a99252090bf48e0c8c900
3162323266306232323232323036303735303230363062363236323230323232323232303632323232623266373039303532323734623237326236323230323262623566306232376230323262323732323730323037623237326431323230623237303632323932623232373262393230663930663237323262306230323262363037316430623232323064323232306230373232393262306632323630373237326464303730323237623262393230623630373662303636303930373032643232326232323932623932323762306232363262363062323732623232663232323732323231623039323937303730326232663432303236303230623435323237356232373230623266
38623134376335393366666664386261623334663332623466356462373530356239336165363536356165383666353537316339363765653031363338653833
8b147c593fffd8bab34f32b4f5db7505b93ae6565ae86f5571c967ee01638e83
1b22f0b222220607502060b626220222222062222b2f709052274b272b622022bb5f0b27b022b272270207b272d1220b27062292b2272b920f90f2722b0b022b6071d0b2220d2220b072292b0f22607272dd070227b2b920b6076b066090702d222b2292b9227b0b262b60b272b22f22272221b092970702b2f42026020b452275b2720b2f
61636165623763393061316638646565616434333861353935616537656464336236363965306165356435633030613562386439373562313363386338653632
acaeb7c90a1f8deead438a595ae7edd3b669e0ae5d5c00a5b8d975b13c8c8e62
3132303030303232323232323031303230323230323232323230303032323232323030303432623237623236663262623737373236326632626232323264376236323237626237393232353732323536323237373662623262323237396236323239366462363664396236323232623632323232303232323034323530323230323230303032303230303230303232303032323932303230663232363232396232663237376239626662373262623737623739326262626632376632376237373736323262326237323736323239326664626262326239366232393232326462373735323032323232303534323030323134303230323131303030323230303032323432303032303030
65396133666433393563633064303336663161633030633735613335633065633633663836656236613562323862333132616265393132393639656363396334
e9a3fd395cc0d036f1ac00c75a35c0ec63f86eb6a5b28b312abe912969ecc9c4
12000022222201020220222220002222200042b27b26f2bb777262f2bb222d7b6227bb792257225622776bb2b2279b62296db66d9b6222b62222022204250220220002020020022002292020f226229b2f277b9bfb72bb77b792bbbf27f27b777622b2b72762292fdbbb2b96b29222db775202222054200214020211000220002242002000
64346234666137306264623634333037393066373535643637333732656633323565623863646338663631633437656439363139333937613836356461323739
d4b4fa70bdb6430790f755d67372ef325eb8cdc8f61c47ed9619397a865da279
3162323266373032323232323732303735303237323062363236363230323232323232303632323232303266373039623532323734623234326236323262323262623566373032376230323230323732323737323037623237363131323230623234303632323932303232373262393230663930663230323262306266323262363037643130623232326231323232306262303232393262623032323630373230326464303762323237623262393230623630373630303636303962303032643232323032323932623932323762306232323262363062323432623232663232323732323264303039323937623030326232663732303236303237303435323237353032373230623230
34616463616530323433383534376138323731306564633336373336386433383038303564333562353966616130656331656165333037393339353563353334
4adcae02438547a82710edc367368d380805d35b59faa0ec1eae30793955c534
1b22f70222227207502720b62662022222206222202f709b52274b242b622b22bb5f7027b0220272277207b27611220b2406229202272b920f90f2022b0bf22b607d10b222b12220bb02292bb022607202dd07b227b2b920b6076006609b002d22202292b9227b0b222b60b242b22f2227222d009297b002b2f72026027045227502720b20
65623766336561353032613662623034326264663966373935363037653962643333396163306433333366376330613434393634303261383331643863643961
eb7f3ea502a6bb042bdf9f795607e9bd339ac0d333f7c0a4496402a831d8cd9a
3132303030303232323232323031303230323230323232323230303032323232323030303432623237623236663262623737373236326632626232323264376236323237626237393232353732323536323237373662623262323237396236323239366462363664396236323232623632323232303232323034323530323230323230303032303230303230303232303032323932303230663232363232396232663237376239626662373262623737623739326262626632376632376237373736323262326237323736323239326664626262326239366232393232326462373735326236363232623537326262326437623237326464376637323262376232363732623732626266
31623365316334313938633665623331653666636332633463626366346139333735376463623836346231646266616633653538313335343230623631373731
1b3e1c4198c6eb31e6fcc2c4cbcf4a93757dcb864b1dbfaf3e58135420b61771
12000022222201020220222220002222200042b27b26f2bb777262f2bb222d7b6227bb792257225622776bb2b2279b62296db66d9b6222b62222022204250220220002020020022002292020f226229b2f277b9bfb72bb77b792bbbf27f27b777622b2b72762292fdbbb2b96b29222db7752b6622b572bb2d7b272dd7f722b7b2672b72bbf
63356538303163656535656162333665643664666666613235356431366466376239626661373233636465633834636165373838653536623439663265303066
c5e801cee5eab36ed6dfffa255d16df7b9bfa723cdec84cae788e56b49f2e00f
3162323266376232323232323736303735303237363062363236363230323232323232303632323232623266373039623532323734623237326236323262323262623566376232376230323262323732323737323037623237366431323230623237303632323932623232373262393230663930663237323262306266323262363037646430623232326264323232306262373232393262626632323630373237326464303762323237623262393230623630373662303636303962373032643232326232323932623932323762306232363262363062323732623232663232323732323264623039323937623730326232663732303236303237623435323237356232373230623266
35343361373163656534303665376535653234343061626630316262653338633662393763366538343064376436396462306338333638383131366362613031
543a71cee406e7e5e2440abf01bbe38c6b97c6e840d7d69db0c83688116cba01
1b22f7b222227607502760b626620222222062222b2f709b52274b272b622b22bb5f7b27b022b272277207b276d1220b27062292b2272b920f90f2722b0bf22b607dd0b222bd2220bb72292bbf22607272dd07b227b2b920b6076b06609b702d222b2292b9227b0b262b60b272b22f2227222db09297b702b2f72026027b452275b2720b2f
30393664636332393564343933356238386333313663376332383135343332663761653363663031336633663430313438343561626163363061363335363566
096dcc295d4935b88c316c7c2815432f7ae3cf013f3f4014845abac60a63565f
3132303030303232323232323031303230323230323232323230303032323232323030303432623237623236663262623737373236326632626232323264376236323237626237393232353732323536323237373662623262323237396236323239366462363664396236323232623632323232373636323737323562363266363262666232373262623237623232373736323936623237303232323232393032303230303039303030303230303034303039323030303032303032303030303032323230323030323032323239323031303030323039363032393232323130343035323032323232303534323030323134303230323131303030323230303032323432303032303030
66353932666431386330343563643432633434666131333239313166373763346234316131363732346561313933306238616437653463656535376565653636
f592fd18c045cd42c44fa132911f77c4b41a16724ea1930b8ad7e4cee57eee66
12000022222201020220222220002222200042b27b26f2bb777262f2bb222d7b6227bb792257225622776bb2b2279b62296db66d9b6222b6222276627725b62f62bfb272bb27b22776296b27022222902020009000020004009200002002000002220200202229201000209602922210405202222054200214020211000220002242002000
33666136393634326631653437623033613237613766653462613538316232353063353764613931643830373462346431386663393736363838373266633765
3fa69642f1e47b03a27a7fe4ba581b250c57da91d8074b4d18fc97668872fc7e
3162323230303032323232323032303735373230323062363632323230323236323232303632323232303266373739303532323737303234326236323230323262623530303032376262323230323732363030323037623230323131323266303234303632363932303232373230393230663962303230323262663030323262366230313130623232323031323232373030303232393230303032323662303230326464623430323237623230393230623637303630303636623930303032643232323032323932303932323762373032323262363730323432623236303232323732323231303039323930303030326236303432303236623230303435323230353032373237303230
37643635366533626138373165396235363836356635396135396135366361303537383133343963623637393138396435376432666365633363313564326363
7d656e3ba871e9b56865f59a59a56ca05781349cb679189d57d2fcec3c15d2cc
1b22000222220207572020b66222022622206222202f7790522770242b622022bb500027bb220272600207b2021122f024062692022720920f9b02022bf0022b6b0110b2220122270002292000226b0202ddb40227b20920b67060066b90002d2220229209227b70222b670242b260222722210092900002b6042026b20045220502727020
64323637623636643366393137376636633235633638616334323061626263336361653164383630336565373062343234353935336262326365383336376632
d267b66d3f9177f6c25c68ac420abbc3cae1d8603ee70b4245953bb2ce8367f2
3132303030303232323232323031303230323230323232323230303032323232323030303432623237623236663262623737373236326632626232323264376236323237626237393232353732323536323237373662623262323237396236323239366462363664396236323232623632323232373636323737323562363266363262666232373262623237623232373736323936623237303232323232393032303230303039303030303230303034303039323030303032303032303030303032323230323030323032323239323031303030323039363032393232323130343035326236363232623537326262326437623237326464376637323262376232363732623732626266
66356235636465626464616132323233333362336462396465396532666461386136616437663438663132316466373431636362306337343433663166303238
f5b5cdebddaa222333b3db9de9e2fda8a6ad7f48f121df741ccb0c7443f1f028
12000022222201020220222220002222200042b27b26f2bb777262f2bb222d7b6227bb792257225622776bb2b2279b62296db66d9b6222b6222276627725b62f62bfb272bb27b22776296b270222229020200090000200040092000020020000022202002022292010002096029222104052b6622b572bb2d7b272dd7f722b7b2672b72bbf
61346137333461656565666465336364336334333632353736316563623662613164613231383062316166336261303331353863343136653333366130623466
a4a734aeeefde3cd3c43625761ecb6ba1da2180b1af3ba03158c416e336a0b4f
3162323230306232323232323036303735373230363062363632323230323236323232303632323232623266373739303532323737303237326236323230323262623530306232376262323262323732363030323037623230326431323266303237303632363932623232373230393230663962303237323262663030323262366230316430623232323064323232373030373232393230306632323662303237326464623430323237623230393230623637303662303636623930373032643232326232323932303932323762373032363262363730323732623236303232323732323231623039323930303730326236303432303236623230623435323230356232373237303266
33653362366666333564626237663735613961373035383265336639353762306335396663623161356434356439343234653333663032626163663366623665
3e3b6ff35dbb7f75a9a70582e3f957b0c59fcb1a5d45d9424e33f02bacf3fb6e
1b2200b222220607572060b662220226222062222b2f7790522770272b622022bb500b27bb22b272600207b202d122f027062692b22720920f9b02722bf0022b6b01d0b2220d2227007229200f226b0272ddb40227b20920b6706b066b90702d222b229209227b70262b670272b26022272221b092900702b6042026b20b452205b272702f
64613861306333303130663635303264623763333638623934626339356637663136626534636539316139613137313933326337353233623130396435613364
da8a0c3010f6502db7c368b94bc95f7f16be4ce91a9a171932c7523b109d5a3d
3132303030303232323232323031303230323230323232323230303032323232323030303432623237623236663262623737373236326632626232323264376236323237626237393232353732323536323237373662623262323237396236323239366462363664396236323232623632323232373636323737323562363266363262666232373262623237623232373736323936623237303232323232393032303230303039303030303230303034303039323030303032303032303037373736323262326237323736323239326664626262326239366232393232326462373735323032323232303534323030323134303230323131303030323230303032323432303032303030
36336162303961303165316636613862393131333337376436336563656533633966373866333337646463393631333262343636383835623462633963333166
63ab09a01e1f6a8b9113377d63ecee3c9f78f337ddc96132b466885b4bc9c31f
12000022222201020220222220002222200042b27b26f2bb777262f2bb222d7b6227bb792257225622776bb2b2279b62296db66d9b6222b6222276627725b62f62bfb272bb27b22776296b2702222290202000900002000400920000200200777622b2b72762292fdbbb2b96b29222db775202222054200214020211000220002242002000
38343934363539656533316362363862386138303837343239613434343662653334616331303162343264653536336364376264666631386130663034363036
8494659ee31cb68b8a8087429a4446be34ac101b42de563cd7bdff18a0f04606
3162323230373032323232323732303735373237323062363632363230323236323232303632323232303266373739623532323737303234326236323262323262623530373032376262323230323732363037323037623230363131323266303234303632363932303232373230393230663962303230323262663066323262366230643130623232326231323232373062303232393230623032323662303230326464623462323237623230393230623637303630303636623962303032643232323032323932303932323762373032323262363730323432623236303232323732323264303039323930623030326236303732303236623237303435323230353032373237303230
63653064346335336463613565333763306231313162303335326661373864616363643463343462663237393061613637633661343335306462613035623463
ce0d4c53dca5e37c0b111b0352fa78daccd4c44bf2790aa67c6a4350dba05b4c
1b22070222227207572720b66262022622206222202f779b522770242b622b22bb507027bb220272607207b2061122f024062692022720920f9b02022bf0f22b6b0d10b222b122270b022920b0226b0202ddb4b227b20920b67060066b9b002d2220229209227b70222b670242b2602227222d009290b002b6072026b27045220502727020
35353136343931666235393237313665663131623366366434323361393530393666363438653733356665333634613637663034616664393163343133626264
5516491fb592716ef11b3f6d423a95096f648e735fe364a67f04afd91c413bbd
3132303030303232323232323031303230323230323232323230303032323232323030303432623237623236663262623737373236326632626232323264376236323237626237393232353732323536323237373662623262323237396236323239366462363664396236323232623632323232373636323737323562363266363262666232373262623237623232373736323936623237303232323232393032303230303039303030303230303034303039323030303032303032303037373736323262326237323736323239326664626262326239366232393232326462373735326236363232623537326262326437623237326464376637323262376232363732623732626266
39313738333030303263623039346136623537356461636232373433353235316534353330313534316332656566306637313631333165343866333738346132
917830002cb094a6b575dacb27435251e45301541c2eef0f716131e48f3784a2
12000022222201020220222220002222200042b27b26f2bb777262f2bb222d7b6227bb792257225622776bb2b2279b62296db66d9b6222b6222276627725b62f62bfb272bb27b22776296b2702222290202000900002000400920000200200777622b2b72762292fdbbb2b96b29222db7752b6622b572bb2d7b272dd7f722b7b2672b72bbf
31373861303035323831653763303135366133323734633734623561373862346139323534663230613236666636333931656461303437383139303536323564
178a005281e7c0156a3274c74b5a78b4a9254f20a26ff6391eda04781905625d
3162323230376232323232323736303735373237363062363632363230323236323232303632323232623266373739623532323737303237326236323262323262623530376232376262323262323732363037323037623230366431323266303237303632363932623232373230393230663962303237323262663066323262366230646430623232326264323232373062373232393230626632323662303237326464623462323237623230393230623637303662303636623962373032643232326232323932303932323762373032363262363730323732623236303232323732323264623039323930623730326236303732303236623237623435323230356232373237303266
37373231336262633534646231626564343435643237376433343263376162316561653764653639333466626534653231393462646462316433383934393262
77213bbc54db1bed445d277d342c7ab1eae7de6934fbe4e2194bddb1d389492b
1b2207b222227607572760b662620226222062222b2f779b522770272b622b22bb507b27bb22b272607207b206d122f027062692b22720920f9b02722bf0f22b6b0dd0b222bd22270b722920bf226b0272ddb4b227b20920b6706b066b9b702d222b229209227b70262b670272b2602227222db09290b702b6072026b27b452205b272702f
30616133313961313865306339363738656130653063363431626434336364336663626338333937306135363539373930656262633465323939346638353936
0aa319a18e0c9678ea0e0c641bd43cd3fcbc83970a5659790ebbc4e2994f8596
3132303030303232323232323031303230323230323232323230303032323232323030303432623237623236663262623737373236326632626232323264376236323237626237393232353732323536323237373662623262323237396236323239366462363664396236323232623632323232373636323737323562363266363262666232373262623237623232373736323936623237663232363232396232663237376239626662373262623737623739326262626632376632376230303032323230323030323032323239323031303030323039363032393232323130343035323032323232303534323030323134303230323131303030323230303032323432303032303030
65343632323833313864626237373533393334343966616361373332613161386336303733326339393163396530306231623735333862386662343630323036
e46228318dbb775393449faca732a1a8c60732c991c9e00b1b7538b8fb460206
12000022222201020220222220002222200042b27b26f2bb777262f2bb222d7b6227bb792257225622776bb2b2279b62296db66d9b6222b6222276627725b62f62bfb272bb27b22776296b27f226229b2f277b9bfb72bb77b792bbbf27f27b0002220200202229201000209602922210405202222054200214020211000220002242002000
30313235353134383535623735383934633531613235313730376633346134303933643738643134316630363437303832356137363630666134613865306135
0125514855b75894c51a251707f34a4093d78d141f06470825a7660fa4a8e0a5
3162323266303032323232323032303735373230323062363636323230323236323232303632323232303266373739303532323737623234326236323230323262623566303032376262323230323732363730323037623237323131323266623234303632363932303232373262393230663962663230323262666230323262366237313130623232323031323232376230303232393262303032323662373230326464623730323237623262393230623637373630303636623930303032643232323032323932623932323762376232323262363762323432623236663232323732323231303039323937303030326236663432303236623230303435323237353032373237623230
64383865646634346339666533373336633165663835333661643932313862303032386262646465386434356231333662393438373537383664663665373035
d88edf44c9fe3736c1ef8536ad9218b0028bbdde8d45b136b94875786df6e705
1b22f00222220207572020b66622022622206222202f779052277b242b622022bb5f0027bb220272670207b2721122fb2406269202272b920f9bf2022bfb022b6b7110b222012227b002292b00226b7202ddb70227b2b920b67760066b90002d22202292b9227b7b222b67b242b26f222722210092970002b6f42026b20045227502727b20
39653931663231383161356337383964316535363664653335626663346437363566636261383236313462366263396534393536343937393864613737303737
9e91f2181a5c789d1e566de35bfc4d765fcba82614b6bc9e495649798da77077
3132303030303232323232323031303230323230323232323230303032323232323030303432623237623236663262623737373236326632626232323264376236323237626237393232353732323536323237373662623262323237396236323239366462363664396236323232623632323232373636323737323562363266363262666232373262623237623232373736323936623237663232363232396232663237376239626662373262623737623739326262626632376632376230303032323230323030323032323239323031303030323039363032393232323130343035326236363232623537326262326437623237326464376637323262376232363732623732626266
35656564343863363835663832313163616564663734366236623265333133303639643330383666656462633736663232633932323165623037613633366563
5eed48c685f8211caedf746b6b2e313069d3086fedbc76f22c9221eb07a636ec
12000022222201020220222220002222200042b27b26f2bb777262f2bb222d7b6227bb792257225622776bb2b2279b62296db66d9b6222b6222276627725b62f62bfb272bb27b22776296b27f226229b2f277b9bfb72bb77b792bbbf27f27b00022202002022292010002096029222104052b6622b572bb2d7b272dd7f722b7b2672b72bbf
37306262306539643139393664643132616439383966613633356137316365626666653666353837656134383131666430323462343035326339653936633533
70bb0e9d1996dd12ad989fa635a71cebffe6f587ea4811fd024b4052c9e96c53
3162323266306232323232323036303735373230363062363636323230323236323232303632323232623266373739303532323737623237326236323230323262623566306232376262323262323732363730323037623237326431323266623237303632363932623232373262393230663962663237323262666230323262366237316430623232323064323232376230373232393262306632323662373237326464623730323237623262393230623637373662303636623930373032643232326232323932623932323762376232363262363762323732623236663232323732323231623039323937303730326236663432303236623230623435323237356232373237623266
34346133326661323366383739333361653939363732343162393030346661343638656164623866326365363464396331343933636437303566343037363631
44a32fa23f87933ae9967241b9004fa468eadb8f2ce64d9c1493cd705f407661
1b22f0b222220607572060b666220226222062222b2f779052277b272b622022bb5f0b27bb22b272670207b272d122fb27062692b2272b920f9bf2722bfb022b6b71d0b2220d2227b072292b0f226b7272ddb70227b2b920b6776b066b90702d222b2292b9227b7b262b67b272b26f22272221b092970702b6f42026b20b452275b2727b2f
62343038363164653662653937616238633934316166623432613039333762333966333266346430333937316462306335376332643333636161646637666265
b40861de6be97ab8c941afb42a0937b39f32f4d03971db0c57c2d33caadf7fbe
3132303030303232323232323031303230323230323232323230303032323232323030303432623237623236663262623737373236326632626232323264376236323237626237393232353732323536323237373662623262323237396236323239366462363664396236323232623632323232373636323737323562363266363262666232373262623237623232373736323936623237663232363232396232663237376239626662373262623737623739326262626632376632376237373736323262326237323736323239326664626262326239366232393232326462373735323032323232303534323030323134303230323131303030323230303032323432303032303030
38613466333038666134306130323036316537356239356633343563633764383639333438386634376536653037623233313164343562633665376331613338
8a4f308fa40a02061e75b95f345cc7d8693488f47e6e07b2311d45bc6e7c1a38
12000022222201020220222220002222200042b27b26f2bb777262f2bb222d7b6227bb792257225622776bb2b2279b62296db66d9b6222b6222276627725b62f62bfb272bb27b22776296b27f226229b2f277b9bfb72bb77b792bbbf27f27b777622b2b72762292fdbbb2b96b29222db775202222054200214020211000220002242002000
63326339643738303135653031386266643034353033353164666633386663353331643938323534383238376236326238626437663063313731346564316164
c2c9d78015e018bfd0450351dff38fc531d982548287b62b8bd7f0c1714ed1ad
3162323266373032323232323732303735373237323062363636363230323236323232303632323232303266373739623532323737623234326236323262323262623566373032376262323230323732363737323037623237363131323266623234303632363932303232373262393230663962663230323262666266323262366237643130623232326231323232376262303232393262623032323662373230326464623762323237623262393230623637373630303636623962303032643232323032323932623932323762376232323262363762323432623236663232323732323264303039323937623030326236663732303236623237303435323237353032373237623230
61616532323230653932323733306563313763333064366464646139396538326166373962343363323561663539306436653031633262643431383932323262
aae2220e922730ec17c30d6ddda99e82af79b43c25af590d6e01c2bd4189222b
1b22f70222227207572720b66662022622206222202f779b52277b242b622b22bb5f7027bb220272677207b2761122fb2406269202272b920f9bf2022bfbf22b6b7d10b222b12227bb02292bb0226b7202ddb7b227b2b920b67760066b9b002d22202292b9227b7b222b67b242b26f2227222d009297b002b6f72026b27045227502727b20
36313034333831393035346464393231373665616331643263623830383265663835326237326339646134613639306430366539623635636663353134363938
61043819054dd92176eac1d2cb8082ef852b72c9da4a690d06e9b65cfc514698
3132303030303232323232323031303230323230323232323230303032323232323030303432623237623236663262623737373236326632626232323264376236323237626237393232353732323536323237373662623262323237396236323239366462363664396236323232623632323232373636323737323562363266363262666232373262623237623232373736323936623237663232363232396232663237376239626662373262623737623739326262626632376632376237373736323262326237323736323239326664626262326239366232393232326462373735326236363232623537326262326437623237326464376637323262376232363732623732626266
38623931663963323061313833353835323865653766396432636563393934336532323130323866393966303938353863353964343161623633343333333435
8b91f9c20a18358528ee7f9d2cec9943e221028f99f09858c59d41ab63433345
12000022222201020220222220002222200042b27b26f2bb777262f2bb222d7b6227bb792257225622776bb2b2279b62296db66d9b6222b6222276627725b62f62bfb272bb27b22776296b27f226229b2f277b9bfb72bb77b792bbbf27f27b777622b2b72762292fdbbb2b96b29222db7752b6622b572bb2d7b272dd7f722b7b2672b72bbf
33623466316130326532653463383466616666633730663862323837636236613339616365313335383362376337616431633965313739386430343264613531
3b4f1a02e2e4c84faffc70f8b287cb6a39ace13583b7c7ad1c9e1798d042da51
3162323266376232323232323736303735373237363062363636363230323236323232303632323232623266373739623532323737623237326236323262323262623566376232376262323262323732363737323037623237366431323266623237303632363932623232373262393230663962663237323262666266323262366237646430623232326264323232376262373232393262626632323662373237326464623762323237623262393230623637373662303636623962373032643232326232323932623932323762376232363262363762323732623236663232323732323264623039323937623730326236663732303236623237623435323237356232373237623266
63666265633765376237383465643833336630623532313836373135633731373634346234323465396266616434636564303131663938636463306165613332
cfbec7e7b784ed833f0b52186715c717644b424e9bfad4ced011f98cdc0aea32
1b22f7b222227607572760b666620226222062222b2f779b52277b272b622b22bb5f7b27bb22b272677207b276d122fb27062692b2272b920f9bf2722bfbf22b6b7dd0b222bd2227bb72292bbf226b7272ddb7b227b2b920b6776b066b9b702d222b2292b9227b7b262b67b272b26f2227222db09297b702b6f72026b27b452275b2727b2f
62346530386634623839316566616461333330333066393666336465353130303766396561366466626335396530393230343832383333326435323838303564
b4e08f4b891efada33030f96f3de51007f9ea6dfbc59e09204828332d528805d
6436623762623232363232326264373237363237323232323262623732323636323737623732303234303232303230303030343232323032303032323231303032323230303030393232353432323532323230343230303230323230393032323239363130323231393032323232303232323232303232323034323530323230323230303032303230303230303232303032323932303230303232323232393032303230303039303030303230303034303039323030303032303032303030303032323230323030323032323239323031303030323039363032393232323130343035323032323232303534323030323134303230323131303030323230303032323432303032303030
33663434373935373636633731333065613761623531353239623964313934336137306132666464346364356136653266353064356633646638333538366231
3f44795766c7130ea7ab51529b9d1943a70a2fdd4cd5a6e2f50d5f3df83586b1
d6b7bb226222bd72762722222bb72266277b72024022020000422202002221002220000922542252220420020220902229610221902222022222022204250220220002020020022002292020022222902020009000020004009200002002000002220200202229201000209602922210405202222054200214020211000220002242002000
63663436393632386336333036613436386239353131363638343764306466643731326236653564396661663661313138633630623031653061326333636433
cf469628c6306a468b951166847d0dfd712b6e5d9faf6a118c60b01e0a2c3cd3
6430323230303036323232323032623435303230323730323232323262323232323232623232323232303230303039303532323434303234363032323230323230303530303032303030323230323032323030326234303230323164323230303234373232323932303232303230393237303930303230363230303030323230323030313137303232323031323232303030303232393230303032323630303230323131303430323230303230393262303230303630623232303930303732313232323032323932303932323030303032323630323030323436303232303232323032323231303739323930303037323032303432623232303230303735323230353032343230303230
36393138666637363834653564363531323131346165303538393938643338633037616161383430666464386432343963636261373337643935306264353333
6918ff7684e5d6512114ae058998d38c07aaa840fdd8d249ccba737d950bd533
d0220006222202b4502027022222b222222b222220200090522440246022202200500020002202022002b402021d22002472229202202092709002062000022020011702220122200002292000226002021104022002092b020060b22090072122202292092200002260200246022022202221079290007202042b22020075220502420020
33353938623963643962626666363563643263373833323066303265353462653065316366666531623739656262383965363137663136643936363361316465
3598b9cd9bbff65cd2c78320f02e54be0e1cffe1b79ebb89e617f16d9663a1de
6436623762623232363232326264373237363237323232323262623732323636323737623732303234303232303230303030343232323032303032323231303032323230303030393232353432323532323230343230303230323230393032323239363130323231393032323232303232323232303232323034323530323230323230303032303230303230303232303032323932303230303232323232393032303230303039303030303230303034303039323030303032303032303030303032323230323030323032323239323031303030323039363032393232323130343035326236363232623537326262326437623237326464376637323262376232363732623732626266
34383137333432333263653166363463323331663764656538356663663561326261353233336264313536613238353462666662666161363139633536633035
481734232ce1f64c231f7dee85fcf5a2ba5233bd156a2854bffbfaa619c56c05
d6b7bb226222bd72762722222bb72266277b720240220200004222020022210022200009225422522204200202209022296102219022220222220222042502202200020200200220022920200222229020200090000200040092000020020000022202002022292010002096029222104052b6622b572bb2d7b272dd7f722b7b2672b72bbf
32636330353332383266303833386238646331383734656234386434356266633062386531336435356531623661643933336163653637326439353032363335
2cc053282f0838b8dc1874eb48d45bfc0b8e13d55e1b6ad933ace672d9502635
6430323230306236323232323036623435303230363730323232323262323232323232623232323232623230303039303532323434303237363032323230323230303530306232303030323262323032323030326234303230326464323230303237373232323932623232303230393237303930303237363230303030323230323030316437303232323064323232303030373232393230306632323630303237323131303430323230303230393262303230303662623232303930373732313232326232323932303932323030303032363630323030323736303232303232323032323231623739323930303737323032303432623232303230623735323230356232343230303266
38383062313234393336306331373734666164616230656631316231656238366264316566303837316431633732393136646236326665613965623865383733
880b1249360c1774fadab0ef11b1eb86bd1ef0871d1c72916db62fea9eb8e873
d02200b6222206b4502067022222b222222b22222b200090522440276022202200500b200022b2022002b40202dd220027722292b220209270900276200002202001d702220d2220007229200f226002721104022002092b02006bb220907721222b2292092200002660200276022022202221b79290077202042b22020b752205b242002f
64326436343738396134306339646266396136643062323664376438326539383663383834633334626538336261343635373564646236643033626332653838
d2d64789a40c9dbf9a6d0b26d7d82e986c884c34be83ba46575ddb6d03bc2e88
6436623762623232363232326264373237363237323232323262623732323636323737623732303234303232303230303030343232323032303032323231303032323230303030393232353432323532323230343230303230323230393032323239363130323231393032323232303232323232303232323034323530323230323230303032303230303230303232303032323932303230303232323232393032303230303039303030303230303034303039323030303032303032303037373736323262326237323736323239326664626262326239366232393232326462373735323032323232303534323030323134303230323131303030323230303032323432303032303030
62303462653166323335646331373230366263356562393735623063616530616630396338393565346661313362336534333436646533656334396161393937
b04be1f235dc17206bc5eb975b0cae0af09c895e4fa13b3e4346de3ec49aa997
d6b7bb226222bd72762722222bb72266277b7202402202000042220200222100222000092254225222042002022090222961022190222202222202220425022022000202002002200229202002222290202000900002000400920000200200777622b2b72762292fdbbb2b96b29222db775202222054200214020211000220002242002000
38313536396266323733633239353939313038643566663235666336343863366531656162366563336232356330623462643337346439396130626238396361
81569bf273c29599108d5ff25fc648c6e1eab6ec3b25c0b4bd374d99a0bb89ca
6430323230373036323232323732623435303237323730323232363262323232323232623232323232303230303039623532323434303234363032323262323230303530373032303030323230323032323037326234303230363164323230303234373232323932303232303230393237303930303230363230303066323230323030643137303232326231323232303062303232393230623032323630303230323131303462323230303230393262303230303630623232303962303732313232323032323932303932323030303032323630323030323436303232303232323032323264303739323930623037323032303732623232303237303735323230353032343230303230
39383661616661623262626433373135376331613466383962626535633532616237613066323861373864326466663166353637313132336537373931646438
986aafab2bbd37157c1a4f89bbe5c52ab7a0f28a78d2dff1f5671123e7791dd8
d0220706222272b4502727022262b222222b22222020009b5224402460222b2200507020002202022072b402061d22002472229202202092709002062000f220200d170222b122200b022920b0226002021104b22002092b020060b2209b07212220229209220000226020024602202220222d079290b07202072b22027075220502420020
36643064663364303032643231376161616133383262626161366262323431373035643562363639396265646666646430386465653666643139353031303833
6d0df3d002d217aaaa382bbaa6bb241705d5b6699bedffdd08dee6fd19501083
6436623762623232363232326264373237363237323232323262623732323636323737623732303234303232303230303030343232323032303032323231303032323230303030393232353432323532323230343230303230323230393032323239363130323231393032323232303232323232303232323034323530323230323230303032303230303230303232303032323932303230303232323232393032303230303039303030303230303034303039323030303032303032303037373736323262326237323736323239326664626262326239366232393232326462373735326236363232623537326262326437623237326464376637323262376232363732623732626266
37343431626338613936386665373235643637376333303730326162653733616362633839373336313063666639313238323764356630303635356436626131
7441bc8a968fe725d677c30702abe73acbc8973610cff912827d5f00655d6ba1
d6b7bb226222bd72762722222bb72266277b7202402202000042220200222100222000092254225222042002022090222961022190222202222202220425022022000202002002200229202002222290202000900002000400920000200200777622b2b72762292fdbbb2b96b29222db7752b6622b572bb2d7b272dd7f722b7b2672b72bbf
34366530663331616638386663646563326637336234646263343662636261303932383332313562653862326136346138306562633664653665653261393030
46e0f31af88fcdec2f73b4dbc46bcba09283215be8b2a64a80ebc6de6ee2a900
6430323230376236323232323736623435303237363730323232363262323232323232623232323232623230303039623532323434303237363032323262323230303530376232303030323262323032323037326234303230366464323230303237373232323932623232303230393237303930303237363230303066323230323030646437303232326264323232303062373232393230626632323630303237323131303462323230303230393262303230303662623232303962373732313232326232323932303932323030303032363630323030323736303232303232323032323264623739323930623737323032303732623232303237623735323230356232343230303266
30613333626262613938336361633436623831616263373164663730636432386466366437376536323761626133636166613366633833643363613133323939
0a33bbba983cac46b81abc71df70cd28df6d77e627aba3cafa3fc83d3ca13299
d02207b6222276b4502767022262b222222b22222b20009b5224402760222b2200507b200022b2022072b40206dd220027722292b2202092709002762000f220200dd70222bd22200b722920bf226002721104b22002092b02006bb2209b7721222b229209220000266020027602202220222db79290b77202072b22027b752205b242002f
64333964653366373462306439613366333363303337383937653165633664666562313930323661343532323238623539313864366638366435363833393530
d39de3f74b0d9a3f33c037897e1ec6dfeb19026a452228b5918d6f86d5683950
6436623762623232363232326264373237363237323232323262623732323636323737623732303234303232303230303030343232323032303032323231303032323230303030393232353432323532323230343230303230323230393032323239363130323231393032323232303232323232303232323034323530323230323230303032303230303230303232303032323932303230663232363232396232663237376239626662373262623737623739326262626632376632376230303032323230323030323032323239323031303030323039363032393232323130343035323032323232303534323030323134303230323131303030323230303032323432303032303030
37643961386135366662613166623134383734313738613139633863616235366461633332323566313562643466303862303661303832656433386366323637
7d9a8a56fba1fb14874178a19c8cab56dac3225f15bd4f08b06a082ed38cf267
d6b7bb226222bd72762722222bb72266277b72024022020000422202002221002220000922542252220420020220902229610221902222022222022204250220220002020020022002292020f226229b2f277b9bfb72bb77b792bbbf27f27b0002220200202229201000209602922210405202222054200214020211000220002242002000
64323735373739623637653837313032323833313032373130623638376165303431313062313763353336666637373739616230393937393430336663306364
d275779b67e87102283102710b687ae04110b17c536ff7779ab09979403fc0cd
6430323266303036323232323032623435303230323730323236323262323232323232623232323232303230303039303532323434623234363032323230323230303566303032303030323230323032323730326234303237323164323230623234373232323932303232303262393237303930663230363230306230323230323037313137303232323031323232306230303232393262303032323630373230323131303730323230303262393262303230373630623232303930303732313232323032323932623932323030306232323630323062323436303232663232323032323231303739323937303037323032663432623232303230303735323237353032343230623230
64343534396139306633613938633632613431386132343137626331626261626339633266613765633034396461343061366536303766373465313630376338
d4549a90f3a98c62a418a2417bc1bbabc9c2fa7ec049da40a6e607f74e1607c8
d022f006222202b4502027022622b222222b22222020009052244b2460222022005f0020002202022702b402721d220b2472229202202b927090f206200b02202071170222012220b002292b00226072021107022002b92b020760b22090072122202292b922000b226020b246022f22202221079297007202f42b22020075227502420b20
62636539316336383662316130333665653536613232663432656565636232643434666537396535396339373536636634393332643465386433336330613630
bce91c686b1a036ee56a22f42eeecb2d44fe79e59c9756cf4932d4e8d33c0a60
6436623762623232363232326264373237363237323232323262623732323636323737623732303234303232303230303030343232323032303032323231303032323230303030393232353432323532323230343230303230323230393032323239363130323231393032323232303232323232303232323034323530323230323230303032303230303230303232303032323932303230663232363232396232663237376239626662373262623737623739326262626632376632376230303032323230323030323032323239323031303030323039363032393232323130343035326236363232623537326262326437623237326464376637323262376232363732623732626266
32636466326663333061633638656166653931313531313363383638613862613531383863383834393639393266633066333334376439626435393364393463
2cdf2fc30ac68eafe9115113c868a8ba5188c88496992fc0f3347d9bd593d94c
d6b7bb226222bd72762722222bb72266277b72024022020000422202002221002220000922542252220420020220902229610221902222022222022204250220220002020020022002292020f226229b2f277b9bfb72bb77b792bbbf27f27b00022202002022292010002096029222104052b6622b572bb2d7b272dd7f722b7b2672b72bbf
31366337316339613538653632316662626363613863353662376533666365386631333234363835643261633862333831316138633438633039323535663663
16c71c9a58e621fbbcca8c56b7e3fce8f1324685d2ac8b3811a8c48c09255f6c
6430323266306236323232323036623435303230363730323236323262323232323232623232323232623230303039303532323434623237363032323230323230303566306232303030323262323032323730326234303237326464323230623237373232323932623232303262393237303930663237363230306230323230323037316437303232323064323232306230373232393262306632323630373237323131303730323230303262393262303230373662623232303930373732313232326232323932623932323030306232363630323062323736303232663232323032323231623739323937303737323032663432623232303230623735323237356232343230623266
66663536666630303937393537313439396163363938643634336335313638656133623433343531666663373063396339623437666331303338643634333834
ff56ff00979571499ac698d643c5168ea3b43451ffc70c9c9b47fc1038d64384
d022f0b6222206b4502067022622b222222b22222b20009052244b2760222022005f0b200022b2022702b40272dd220b27722292b2202b927090f276200b02202071d702220d2220b072292b0f226072721107022002b92b02076bb220907721222b2292b922000b266020b276022f22202221b79297077202f42b22020b752275b2420b2f
64316165663763383832393130353362303635323835316632343561653530613430306534373835653733336461336530353735393664653364313966313736
d1aef7c88291053b0652851f245ae50a400e4785e733da3e057596de3d19f176
6436623762623232363232326264373237363237323232323262623732323636323737623732303234303232303230303030343232323032303032323231303032323230303030393232353432323532323230343230303230323230393032323239363130323231393032323232303232323232303232323034323530323230323230303032303230303230303232303032323932303230663232363232396232663237376239626662373262623737623739326262626632376632376237373736323262326237323736323239326664626262326239366232393232326462373735323032323232303534323030323134303230323131303030323230303032323432303032303030
35666535353932653033323233386238326264633333383066313466633336343637313064363962386566353135393333626363353735636361656237376365
5fe5592e032238b82bdc3380f14fc3646710d69b8ef515933bcc575ccaeb77ce
d6b7bb226222bd72762722222bb72266277b72024022020000422202002221002220000922542252220420020220902229610221902222022222022204250220220002020020022002292020f226229b2f277b9bfb72bb77b792bbbf27f27b777622b2b72762292fdbbb2b96b29222db775202222054200214020211000220002242002000
39333731643864623337646537333335303064333064383631663634666366383563326264376163333034656664343930326431636438396135356238363964
9371d8db37de733500d30d861f64fcf85c2bd7ac304efd4902d1cd89a55b869d
6430323266373036323232323732623435303237323730323236363262323232323232623232323232303230303039623532323434623234363032323262323230303566373032303030323230323032323737326234303237363164323230623234373232323932303232303262393237303930663230363230306266323230323037643137303232326231323232306262303232393262623032323630373230323131303762323230303262393262303230373630623232303962303732313232323032323932623932323030306232323630323062323436303232663232323032323264303739323937623037323032663732623232303237303735323237353032343230623230
39613835613035323566656634303566633539396665383264303638363732623530343633393263356334623938646563373134653331643037346131363233
9a85a0525fef405fc599fe82d068672b5046392c5c4b98dec714e31d074a1623
d022f706222272b4502727022662b222222b22222020009b52244b2460222b22005f7020002202022772b402761d220b2472229202202b927090f206200bf220207d170222b12220bb02292bb0226072021107b22002b92b020760b2209b072122202292b922000b226020b246022f2220222d079297b07202f72b22027075227502420b20
63363664303034383837643830366439633038303461323962346237646535323438303761393031373230393835656466353437356437323930393737363935
c66d004887d806d9c0804a29b4b7de524807a901720985edf5475d7290977695
6436623762623232363232326264373237363237323232323262623732323636323737623732303234303232303230303030343232323032303032323231303032323230303030393232353432323532323230343230303230323230393032323239363130323231393032323232303232323232303232323034323530323230323230303032303230303230303232303032323932303230663232363232396232663237376239626662373262623737623739326262626632376632376237373736323262326237323736323239326664626262326239366232393232326462373735326236363232623537326262326437623237326464376637323262376232363732623732626266
63663735316134643631373738303138623434653534373366366331343832356438663636663230623035363731343464306537333230613264623634613366
cf751a4d61778018b44e5473f6c14825d8f66f20b0567144d0e7320a2db64a3f
d6b7bb226222bd72762722222bb72266277b72024022020000422202002221002220000922542252220420020220902229610221902222022222022204250220220002020020022002292020f226229b2f277b9bfb72bb77b792bbbf27f27b777622b2b72762292fdbbb2b96b29222db7752b6622b572bb2d7b272dd7f722b7b2672b72bbf
33333837373161386139396266626531313864663733356631326138336366353761623731356436306133313539346631366438356432303933653833623335
338771a8a99bfbe118df735f12a83cf57ab715d60a31594f16d85d2093e83b35
6430323266376236323232323736623435303237363730323236363262323232323232623232323232623230303039623532323434623237363032323262323230303566376232303030323262323032323737326234303237366464323230623237373232323932623232303262393237303930663237363230306266323230323037646437303232326264323232306262373232393262626632323630373237323131303762323230303262393262303230373662623232303962373732313232326232323932623932323030306232363630323062323736303232663232323032323264623739323937623737323032663732623232303237623735323237356232343230623266
35353631393634356132653866666532366138613134303065336239626435343538323432666331636632656637623135313063643838393130303634666332
55619645a2e8ffe26a8a1400e3b9bd5458242fc1cf2ef7b1510cd88910064fc2
d022f7b6222276b4502767022662b222222b22222b20009b52244b2760222b22005f7b200022b2022772b40276dd220b27722292b2202b927090f276200bf220207dd70222bd2220bb72292bbf226072721107b22002b92b02076bb2209b7721222b2292b922000b266020b276022f2220222db79297b77202f72b22027b752275b2420b2f
31333639333038303166333364323763306461343036666130353663346265623331303366666230653865663065613639653330343638386534393236363435
136930801f33d27c0da406fa056c4beb3103ffb0e8ef0ea69e304688e4926645
6436623762623232363232326264373237363237323232323262623732323636323737623732303234303232303230303030343232323032303032323231303032323230303030393232353432323532323230343230303230323230393032323239363130323231393032323232303232323232373636323737323562363266363262666232373262623237623232373736323936623237303232323232393032303230303039303030303230303034303039323030303032303032303030303032323230323030323032323239323031303030323039363032393232323130343035323032323232303534323030323134303230323131303030323230303032323432303032303030
65373464643762336164396365656533353261336630316363663836343634303763613235653661393430373035373862353233313161343936316634353234
e74dd7b3ad9ceee352a3f01ccf8646407ca25e6a94070578b52311a4961f4524
d6b7bb226222bd72762722222bb72266277b7202402202000042220200222100222000092254225222042002022090222961022190222202222276627725b62f62bfb272bb27b22776296b27022222902020009000020004009200002002000002220200202229201000209602922210405202222054200214020211000220002242002000
66386233613434393061663732663034663531376538626332323731626461613262663965663064393137313734316365613564336637626237656637373436
f8b3a4490af72f04f517e8bc2271bdaa2bf9ef0d9171741cea5d3f7bb7ef7746
6430323230303036323232323032623435373230323730323632323262323236323232623232323232303230303739303532323437303234363032323230323230303530303032303062323230323032363030326234303230323164323266303234373232363932303232303230393237303962303230363230663030323230326230313137303232323031323232373030303232393230303032323662303230323131623430323230303230393262303237303630623232623930303732313232323032323932303932323030373032323630323730323436303236303232323032323231303739323930303037323036303432623232623230303735323230353032343237303230
61393534393434633465376131633939356266326632346236646634353334326239386231366565636336316564306363623336306466393433363239383832
a954944c4e7a1c995bf2f24b6df45342b98b16eecc61ed0ccb360df943629882
d0220006222202b4572027026222b226222b2222202007905224702460222022005000200b2202026002b402021d22f02472269202202092709b020620f002202b011702220122270002292000226b020211b4022002092b027060b22b90072122202292092200702260270246026022202221079290007206042b22b20075220502427020
62336464346230653036323933303762666630363264653035303131303962366164386461613932656164633538633965663332366365303536633561646662
b3dd4b0e0629307bff062de0501109b6ad8daa92eadc58c9ef326ce056c5adfb
6436623762623232363232326264373237363237323232323262623732323636323737623732303234303232303230303030343232323032303032323231303032323230303030393232353432323532323230343230303230323230393032323239363130323231393032323232303232323232373636323737323562363266363262666232373262623237623232373736323936623237303232323232393032303230303039303030303230303034303039323030303032303032303030303032323230323030323032323239323031303030323039363032393232323130343035326236363232623537326262326437623237326464376637323262376232363732623732626266
37343261616432366431666534626435633339356236383536376235653266356135396466323639316330376266356461363939303161666331366339376533
742aad26d1fe4bd5c395b68567b5e2f5a59df2691c07bf5da69901afc16c97e3
d6b7bb226222bd72762722222bb72266277b7202402202000042220200222100222000092254225222042002022090222961022190222202222276627725b62f62bfb272bb27b22776296b270222229020200090000200040092000020020000022202002022292010002096029222104052b6622b572bb2d7b272dd7f722b7b2672b72bbf
34643839356635356533356230643430623335323335363666633462343338666162343534343935353034636430633464346134303736626163313931393633
4d895f55e35b0d40b3523566fc4b438fab454495504cd0c4d4a4076bac191963
6430323230306236323232323036623435373230363730323632323262323236323232623232323232623230303739303532323437303237363032323230323230303530306232303062323262323032363030326234303230326464323266303237373232363932623232303230393237303962303237363230663030323230326230316437303232323064323232373030373232393230306632323662303237323131623430323230303230393262303237303662623232623930373732313232326232323932303932323030373032363630323730323736303236303232323032323231623739323930303737323036303432623232623230623735323230356232343237303266
32323664383461643566326165306535373832313637346634626161396639623137333866613162633232333163613437313965346162353962323162633135
226d84ad5f2ae0e57821674f4baa9f9b1738fa1bc2231ca4719e4ab59b21bc15
d02200b6222206b4572067026222b226222b22222b200790522470276022202200500b200b22b2026002b40202dd22f027722692b2202092709b027620f002202b01d702220d2227007229200f226b027211b4022002092b02706bb22b907721222b2292092200702660270276026022202221b79290077206042b22b20b752205b242702f
34383330313335383363643133373066373664633564366338383736383265396165333562326364626236636435316437643561303537646165636432356264
483013583cd1370f76dc5d6c887682e9ae35b2cdbb6cd51d7d5a057daecd25bd
6436623762623232363232326264373237363237323232323262623732323636323737623732303234303232303230303030343232323032303032323231303032323230303030393232353432323532323230343230303230323230393032323239363130323231393032323232303232323232373636323737323562363266363262666232373262623237623232373736323936623237303232323232393032303230303039303030303230303034303039323030303032303032303037373736323262326237323736323239326664626262326239366232393232326462373735323032323232303534323030323134303230323131303030323230303032323432303032303030
34646332663735363030346538613661316433666339343265323938363062346161636365366461643530343230396630343964323530366161333161616637
4dc2f756004e8a6a1d3fc942e29860b4aacce6dad504209f049d2506aa31aaf7
d6b7bb226222bd72762722222bb72266277b7202402202000042220200222100222000092254225222042002022090222961022190222202222276627725b62f62bfb272bb27b22776296b2702222290202000900002000400920000200200777622b2b72762292fdbbb2b96b29222db775202222054200214020211000220002242002000
34653832663166656534363732303533663462363139633835383934326534646635363838396134386231393631373831613130646432333166613536323133
4e82f1fee4672053f4b619c858942e4df56889a48b1961781a10dd231fa56213
6430323230373036323232323732623435373237323730323632363262323236323232623232323232303230303739623532323437303234363032323262323230303530373032303062323230323032363037326234303230363164323266303234373232363932303232303230393237303962303230363230663066323230326230643137303232326231323232373062303232393230623032323662303230323131623462323230303230393262303237303630623232623962303732313232323032323932303932323030373032323630323730323436303236303232323032323264303739323930623037323036303732623232623237303735323230353032343237303230
66353966616337353430303137616632663737646535376130363139623363303637363638316335383130343434653134663439373735366266646235316264
f59fac7540017af2f77de57a0619b3c0676681c5810444e14f497756bfdb51bd
d0220706222272b4572727026262b226222b22222020079b5224702460222b22005070200b2202026072b402061d22f02472269202202092709b020620f0f2202b0d170222b122270b022920b0226b020211b4b22002092b027060b22b9b07212220229209220070226027024602602220222d079290b07206072b22b27075220502427020
35313934306561333239636239663663323065613832313138376538343237376337323534643630656538353233323163646538343361653633366662626634
51940ea329cb9f6c20ea821187e84277c7254d60ee852321cde843ae636fbbf4
6436623762623232363232326264373237363237323232323262623732323636323737623732303234303232303230303030343232323032303032323231303032323230303030393232353432323532323230343230303230323230393032323239363130323231393032323232303232323232373636323737323562363266363262666232373262623237623232373736323936623237303232323232393032303230303039303030303230303034303039323030303032303032303037373736323262326237323736323239326664626262326239366232393232326462373735326236363232623537326262326437623237326464376637323262376232363732623732626266
38616439313566336462626334313937353863383238323634353133663763623038383938373838663935623337633263363731663433363239316230613261
8ad915f3dbbc419758c828264513f7cb08898788f95b37c2c671f436291b0a2a
d6b7bb226222bd72762722222bb72266277b7202402202000042220200222100222000092254225222042002022090222961022190222202222276627725b62f62bfb272bb27b22776296b2702222290202000900002000400920000200200777622b2b72762292fdbbb2b96b29222db7752b6622b572bb2d7b272dd7f722b7b2672b72bbf
39613833633161363834343664633734313737333037316265656233626435396266333732373630616166303331623966303036623731396335393466323630
9a83c1a68446dc741773071beeb3bd59bf372760aaf031b9f006b719c594f260
6430323230376236323232323736623435373237363730323632363262323236323232623232323232623230303739623532323437303237363032323262323230303530376232303062323262323032363037326234303230366464323266303237373232363932623232303230393237303962303237363230663066323230326230646437303232326264323232373062373232393230626632323662303237323131623462323230303230393262303237303662623232623962373732313232326232323932303932323030373032363630323730323736303236303232323032323264623739323930623737323036303732623232623237623735323230356232343237303266
64623037363936623337306533656138623638333230383461333062306433323235343435393862396432653639383533346263303034303533663062363637
db07696b370e3ea8b6832084a30b0d322544598b9d2e698534bc004053f0b667
d02207b6222276b4572767026262b226222b22222b20079b5224702760222b2200507b200b22b2026072b40206dd22f027722692b2202092709b027620f0f2202b0dd70222bd22270b722920bf226b027211b4b22002092b02706bb22b9b7721222b229209220070266027027602602220222db79290b77206072b22b27b752205b242702f
36346465656632336439316564626464633931326138316565393939366137653861643165333233383639323361303862303862353130363666393431373161
64deef23d91edbddc912a81ee9996a7e8ad1e32386923a08b08b51066f94171a
6436623762623232363232326264373237363237323232323262623732323636323737623732303234303232303230303030343232323032303032323231303032323230303030393232353432323532323230343230303230323230393032323239363130323231393032323232303232323232373636323737323562363266363262666232373262623237623232373736323936623237663232363232396232663237376239626662373262623737623739326262626632376632376230303032323230323030323032323239323031303030323039363032393232323130343035323032323232303534323030323134303230323131303030323230303032323432303032303030
38623534373233663532346339616239346466393766656364613534666263393431626533373762646339383630393063643061326637343537313339373438
8b54723f524c9ab94df97fecda54fbc941be377bdc986090cd0a2f7457139748
d6b7bb226222bd72762722222bb72266277b7202402202000042220200222100222000092254225222042002022090222961022190222202222276627725b62f62bfb272bb27b22776296b27f226229b2f277b9bfb72bb77b792bbbf27f27b0002220200202229201000209602922210405202222054200214020211000220002242002000
39313231353165396565356337663033393631623832303730396364353535663265353132663962343566373261343535333334343939356433316266616230
912151e9ee5c7f03961b820709cd555f2e512f9b45f72a4553344995d31bfab0
6430323266303036323232323032623435373230323730323636323262323236323232623232323232303230303739303532323437623234363032323230323230303566303032303062323230323032363730326234303237323164323266623234373232363932303232303262393237303962663230363230666230323230326237313137303232323031323232376230303232393262303032323662373230323131623730323230303262393262303237373630623232623930303732313232323032323932623932323030376232323630323762323436303236663232323032323231303739323937303037323036663432623232623230303735323237353032343237623230
38613336306235393861616236333661363139336166386133616465353165383339613434636534613036376335356461333132303534623236383266643861
8a360b598aab636a6193af8a3ade51e839a44ce4a067c55da312054b2682fd8a
d022f006222202b4572027026622b226222b22222020079052247b2460222022005f00200b2202026702b402721d22fb2472269202202b92709bf20620fb02202b71170222012227b002292b00226b720211b7022002b92b027760b22b90072122202292b922007b226027b246026f22202221079297007206f42b22b20075227502427b20
39643537393663353131393062616130653963356163303734666336383766626365306561656230656662316230663536396339336430383436623962363236
9d5796c51190baa0e9c5ac074fc687fbce0eaeb0efb1b0f569c93d0846b9b626
6436623762623232363232326264373237363237323232323262623732323636323737623732303234303232303230303030343232323032303032323231303032323230303030393232353432323532323230343230303230323230393032323239363130323231393032323232303232323232373636323737323562363266363262666232373262623237623232373736323936623237663232363232396232663237376239626662373262623737623739326262626632376632376230303032323230323030323032323239323031303030323039363032393232323130343035326236363232623537326262326437623237326464376637323262376232363732623732626266
35393038313834306635353931363038396539373961383830303632613062346535613239343262396238353931316138353339366564343061306337343637
59081840f55916089e979a880062a0b4e5a2942b9b85911a85396ed40a0c7467
d6b7bb226222bd72762722222bb72266277b7202402202000042220200222100222000092254225222042002022090222961022190222202222276627725b62f62bfb272bb27b22776296b27f226229b2f277b9bfb72bb77b792bbbf27f27b00022202002022292010002096029222104052b6622b572bb2d7b272dd7f722b7b2672b72bbf
31613330623230623232393333623030666462336566393464353137336436323131626366633464353532316531353935663365306466376233656234643339
1a30b20b22933b00fdb3ef94d5173d6211bcfc4d5521e1595f3e0df7b3eb4d39
6430323266306236323232323036623435373230363730323636323262323236323232623232323232623230303739303532323437623237363032323230323230303566306232303062323262323032363730326234303237326464323266623237373232363932623232303262393237303962663237363230666230323230326237316437303232323064323232376230373232393262306632323662373237323131623730323230303262393262303237373662623232623930373732313232326232323932623932323030376232363630323762323736303236663232323032323231623739323937303737323036663432623232623230623735323237356232343237623266
38363439626530666262623231613765353234343934393433633835316333303261616362346161396235656532613630373463306536376664653236653532
8649be0fbbb21a7e524494943c851c302aacb4aa9b5ee2a6074c0e67fde26e52
d022f0b6222206b4572067026622b226222b22222b20079052247b2760222022005f0b200b22b2026702b40272dd22fb27722692b2202b92709bf27620fb02202b71d702220d2227b072292b0f226b727211b7022002b92b02776bb22b907721222b2292b922007b266027b276026f22202221b79297077206f42b22b20b752275b2427b2f
37663637616138623466393935363133303638393730326362626666313735636338363666373330656532613261386361636262353864373863356662383435
7f67aa8b4f9956130689702cbbff175cc866f730ee2a2a8cacbb58d78c5fb845
6436623762623232363232326264373237363237323232323262623732323636323737623732303234303232303230303030343232323032303032323231303032323230303030393232353432323532323230343230303230323230393032323239363130323231393032323232303232323232373636323737323562363266363262666232373262623237623232373736323936623237663232363232396232663237376239626662373262623737623739326262626632376632376237373736323262326237323736323239326664626262326239366232393232326462373735323032323232303534323030323134303230323131303030323230303032323432303032303030
35333764646664356431373862643464343661636564363532393930663564666333373835636461633661306561633062326565636636353437663365363836
537ddfd5d178bd4d46aced652990f5dfc3785cdac6a0eac0b2eecf6547f3e686
d6b7bb226222bd72762722222bb72266277b7202402202000042220200222100222000092254225222042002022090222961022190222202222276627725b62f62bfb272bb27b22776296b27f226229b2f277b9bfb72bb77b792bbbf27f27b777622b2b72762292fdbbb2b96b29222db775202222054200214020211000220002242002000
32643264376431613934666431356638623261616338643131393064396330393739666363383035633535383132613061633536386365363039633337313866
2d2d7d1a94fd15f8b2aac8d1190d9c0979fcc805c55812a0ac568ce609c3718f
6430323266373036323232323732623435373237323730323636363262323236323232623232323232303230303739623532323437623234363032323262323230303566373032303062323230323032363737326234303237363164323266623234373232363932303232303262393237303962663230363230666266323230326237643137303232326231323232376262303232393262623032323662373230323131623762323230303262393262303237373630623232623962303732313232323032323932623932323030376232323630323762323436303236663232323032323264303739323937623037323036663732623232623237303735323237353032343237623230
37613563303238363663386165613135333232373936353963616138653838663130633264356338633662343635623338363261336565636631646138303239
7a5c02866c8aea1532279659caa8e88f10c2d5c8c6b465b3862a3eecf1da8029
d022f706222272b4572727026662b226222b22222020079b52247b2460222b22005f70200b2202026772b402761d22fb2472269202202b92709bf20620fbf2202b7d170222b12227bb02292bb0226b720211b7b22002b92b027760b22b9b072122202292b922007b226027b246026f2220222d079297b07206f72b22b27075227502427b20
35633632386164646666376161643838303538393763336336343235386364376562633430633963353939613166376662356434343833323439633930633961
5c628addff7aad8805897c3c64258cd7ebc40c9c599a1f7fb5d4483249c90c9a
6436623762623232363232326264373237363237323232323262623732323636323737623732303234303232303230303030343232323032303032323231303032323230303030393232353432323532323230343230303230323230393032323239363130323231393032323232303232323232373636323737323562363266363262666232373262623237623232373736323936623237663232363232396232663237376239626662373262623737623739326262626632376632376237373736323262326237323736323239326664626262326239366232393232326462373735326236363232623537326262326437623237326464376637323262376232363732623732626266
32353463653034623734663464663062313561663064623230393634663137383564373339376462333635656136383435383666663639633032376335633838
254ce04b74f4df0b15af0db20964f1785d7397db365ea684586ff69c027c5c88
d6b7bb226222bd72762722222bb72266277b7202402202000042220200222100222000092254225222042002022090222961022190222202222276627725b62f62bfb272bb27b22776296b27f226229b2f277b9bfb72bb77b792bbbf27f27b777622b2b72762292fdbbb2b96b29222db7752b6622b572bb2d7b272dd7f722b7b2672b72bbf
33333064303034623636616635346633383565386263623238373435316339316635323135656261306137393834333066643936623136663237343837633132
330d004b66af54f385e8bcb287451c91f5215eba0a798430fd96b16f27487c12
6430323266376236323232323736623435373237363730323636363262323236323232623232323232623230303739623532323437623237363032323262323230303566376232303062323262323032363737326234303237366464323266623237373232363932623232303262393237303962663237363230666266323230326237646437303232326264323232376262373232393262626632323662373237323131623762323230303262393262303237373662623232623962373732313232326232323932623932323030376232363630323762323736303236663232323032323264623739323937623737323036663732623232623237623735323237356232343237623266
32373532383338373833623335643766333835356661633339646565316333393236323032653832666436653565333035313631373834356262326536336132
2752838783b35d7f3855fac39dee1c3926202e82fd6e5e3051617845bb2e63a2
d022f7b6222276b4572767026662b226222b22222b20079b52247b2760222b22005f7b200b22b2026772b40276dd22fb27722692b2202b92709bf27620fbf2202b7dd70222bd2227bb72292bbf226b727211b7b22002b92b02776bb22b9b7721222b2292b922007b266027b276026f2220222db79297b77206f72b22b27b752275b2427b2f
30323765356235643163633232396365633636653164613938656636376164383462313466363531303435356164336131626331323364376261333737373635
027e5b5d1cc229cec66e1da98ef67ad84b14f6510455ad3a1bc123d7ba377765
6436623762623232363232326264373237363237323232323262623732323636323737623732303234303232303230303030343232323032303032323231303032323230303030393232353432323536323237373662623262323237396236323239366462363664396236323232623632323232303232323034323530323230323230303032303230303230303232303032323932303230303232323232393032303230303039303030303230303034303039323030303032303032303030303032323230323030323032323239323031303030323039363032393232323130343035323032323232303534323030323134303230323131303030323230303032323432303032303030
38336562643238663063356237393335353031363139363164313266343734623466623736623331383730326132613466343430366266653139643765383139
83ebd28f0c5b793550161961d12f474b4fb76b318702a2a4f4406bfe19d7e819
d6b7bb226222bd72762722222bb72266277b7202402202000042220200222100222000092254225622776bb2b2279b62296db66d9b6222b62222022204250220220002020020022002292020022222902020009000020004009200002002000002220200202229201000209602922210405202222054200214020211000220002242002000
33663363613365313332323035616239303439616263613835376332626134343464656164393738303864663734643135326333663762373036373366303463
3f3ca3e132205ab9049abca857c2ba444dead97808df74d152c3f7b70673f04c
6430323230303036323232323032623435303230323730363232323262323232323232623232323232303230373039303532323734303234363036323230323230623530303032306230323230323032323030326234623230323164323230303234373232323932303232373230393237303930303230363262303030323230363030313137303232323031323232303030303232393230303032323630303230323164303430323230623230393262303630303630623236303930303732643232323032323932303932323062303032323630363030323436303232303232323032323231303739323930303037326232303432623236303230303735323230353032343230303230
30353135373039373031646437343637373636636562636466306432626539373235666264663430633238653363373036613564626230383135633465643766
0515709701dd7467766cebcdf0d2be9725fbdf40c28e3c706a5dbb0815c4ed7f
d0220006222202b4502027062222b222222b22222020709052274024606220220b500020b02202022002b4b2021d22002472229202272092709002062b00022060011702220122200002292000226002021d040220b2092b060060b26090072d2220229209220b0022606002460220222022210792900072b2042b26020075220502420020
38373230643738633364383365333366656130386564353462333035336239363135633239396333333765373330636434396265383333333761666431653031
8720d78c3d83e33fea08ed54b3053b9615c299c337e730cd49be83337afd1e01
6436623762623232363232326264373237363237323232323262623732323636323737623732303234303232303230303030343232323032303032323231303032323230303030393232353432323536323237373662623262323237396236323239366462363664396236323232623632323232303232323034323530323230323230303032303230303230303232303032323932303230303232323232393032303230303039303030303230303034303039323030303032303032303030303032323230323030323032323239323031303030323039363032393232323130343035326236363232623537326262326437623237326464376637323262376232363732623732626266
31643239666165393665373365663438373836356663333261333533393334353539663965313932643261373330626136643535396163313734323064373435
1d29fae96e73ef487865fc32a353934559f9e192d2a730ba6d559ac17420d745
d6b7bb226222bd72762722222bb72266277b7202402202000042220200222100222000092254225622776bb2b2279b62296db66d9b6222b622220222042502202200020200200220022920200222229020200090000200040092000020020000022202002022292010002096029222104052b6622b572bb2d7b272dd7f722b7b2672b72bbf
36613264383035393339383830336135613534396630643966643538366162373432363165333966333432623165373634626466313166373732346437313261
6a2d8059398803a5a549f0d9fd586ab74261e39f342b1e764bdf11f7724d712a
6430323230306236323232323036623435303230363730363232323262323232323232623232323232623230373039303532323734303237363036323230323230623530306232306230323262323032323030326234623230326464323230303237373232323932623232373230393237303930303237363262303030323230363030316437303232323064323232303030373232393230306632323630303237323164303430323230623230393262303630303662623236303930373732643232326232323932303932323062303032363630363030323736303232303232323032323231623739323930303737326232303432623236303230623735323230356232343230303266
37393432653634303463653330376631643137333063643136323937303639393662666338363561333365663034643636323734653939356361653866393331
7942e6404ce307f1d1730cd1629706996bfc865a33ef04d66274e995cae8f931
d02200b6222206b4502067062222b222222b22222b20709052274027606220220b500b20b022b2022002b4b202dd220027722292b2272092709002762b0002206001d702220d2220007229200f226002721d040220b2092b06006bb26090772d222b229209220b002660600276022022202221b792900772b2042b26020b752205b242002f
61626665616665353237356465333830306131343866363738616166303332376362383839613666393266663533616332383934373532323834643436613132
abfeafe5275de3800a148f678aaf0327cb889a6f92ff53ac2894752284d46a12
6436623762623232363232326264373237363237323232323262623732323636323737623732303234303232303230303030343232323032303032323231303032323230303030393232353432323536323237373662623262323237396236323239366462363664396236323232623632323232303232323034323530323230323230303032303230303230303232303032323932303230303232323232393032303230303039303030303230303034303039323030303032303032303037373736323262326237323736323239326664626262326239366232393232326462373735323032323232303534323030323134303230323131303030323230303032323432303032303030
62666361626364633232326435663338366434333862626637373334386638383230343661353237303436396463653436333136363934373631616166313662
bfcabcdc222d5f386d438bbf77348f882046a5270469dce46316694761aaf16b
d6b7bb226222bd72762722222bb72266277b7202402202000042220200222100222000092254225622776bb2b2279b62296db66d9b6222b6222202220425022022000202002002200229202002222290202000900002000400920000200200777622b2b72762292fdbbb2b96b29222db775202222054200214020211000220002242002000
63333337323437623562396431323635623430653466663263313761663232643039616238336161623239623562616236396335393466613038373936656564
c337247b5b9d1265b40e4ff2c17af22d09ab83aab29b5bab69c594fa08796eed
6430323230373036323232323732623435303237323730363232363262323232323232623232323232303230373039623532323734303234363036323262323230623530373032306230323230323032323037326234623230363164323230303234373232323932303232373230393237303930303230363262303066323230363030643137303232326231323232303062303232393230623032323630303230323164303462323230623230393262303630303630623236303962303732643232323032323932303932323062303032323630363030323436303232303232323032323264303739323930623037326232303732623236303237303735323230353032343230303230
61353139633462303563643462323266373161353561653433643063303361393035333038313564363634313832343361383065383062333037396465663131
a519c4b05cd4b22f71a55ae43d0c03a90530815d66418243a80e80b3079def11
d0220706222272b4502727062262b222222b22222020709b5227402460622b220b507020b02202022072b4b2061d22002472229202272092709002062b00f220600d170222b122200b022920b0226002021d04b220b2092b060060b2609b072d2220229209220b00226060024602202220222d079290b072b2072b26027075220502420020
61326631363134616261393434643733656561303231326164313664393437313939316266303761396433303533653939323232366339623638643334333537
a2f1614aba944d73eea0212ad16d9471991bf07a9d3053e992226c9b68d34357
6436623762623232363232326264373237363237323232323262623732323636323737623732303234303232303230303030343232323032303032323231303032323230303030393232353432323536323237373662623262323237396236323239366462363664396236323232623632323232303232323034323530323230323230303032303230303230303232303032323932303230303232323232393032303230303039303030303230303034303039323030303032303032303037373736323262326237323736323239326664626262326239366232393232326462373735326236363232623537326262326437623237326464376637323262376232363732623732626266
61626439393333346661333531646131346535386262383362366365303239643764363962626130646662613463396463666165656332303662333465333830
abd99334fa351da14e58bb83b6ce029d7d69bba0dfba4c9dcfaeec206b34e380
d6b7bb226222bd72762722222bb72266277b7202402202000042220200222100222000092254225622776bb2b2279b62296db66d9b6222b6222202220425022022000202002002200229202002222290202000900002000400920000200200777622b2b72762292fdbbb2b96b29222db7752b6622b572bb2d7b272dd7f722b7b2672b72bbf
30363638323562663261376432333961383464346161313731633564376138623763636136336264383531396466616338376463356465353163663963386230
066825bf2a7d239a84d4aa171c5d7a8b7cca63bd8519dfac87dc5de51cf9c8b0
6430323230376236323232323736623435303237363730363232363262323232323232623232323232623230373039623532323734303237363036323262323230623530376232306230323262323032323037326234623230366464323230303237373232323932623232373230393237303930303237363262303066323230363030646437303232326264323232303062373232393230626632323630303237323164303462323230623230393262303630303662623236303962373732643232326232323932303932323062303032363630363030323736303232303232323032323264623739323930623737326232303732623236303237623735323230356232343230303266
37336334313163616235333635306432316632383739303964333036393531643534303061363430373433383832663432656565363066666332343363366537
73c411cab53650d21f287909d306951d5400a640743882f42eee60ffc243c6e7
d02207b6222276b4502767062262b222222b22222b20709b5227402760622b220b507b20b022b2022072b4b206dd220027722292b2272092709002762b00f220600dd70222bd22200b722920bf226002721d04b220b2092b06006bb2609b772d222b229209220b00266060027602202220222db79290b772b2072b26027b752205b242002f
38376434373732643563363533666532653337313766656434326365616539303136653161623037613834306239363336336632393132336438366261376233
87d4772d5c653fe2e3717fed42ceae9016e1ab07a840b96363f29123d86ba7b3
6436623762623232363232326264373237363237323232323262623732323636323737623732303234303232303230303030343232323032303032323231303032323230303030393232353432323536323237373662623262323237396236323239366462363664396236323232623632323232303232323034323530323230323230303032303230303230303232303032323932303230663232363232396232663237376239626662373262623737623739326262626632376632376230303032323230323030323032323239323031303030323039363032393232323130343035323032323232303534323030323134303230323131303030323230303032323432303032303030
35623662393535396635366363386439386339326561303662323539623239383161613830396563643265326632326265373938353631353139376362366236
5b6b9559f56cc8d98c92ea06b259b2981aa809ecd2e2f22be7985615197cb6b6
d6b7bb226222bd72762722222bb72266277b7202402202000042220200222100222000092254225622776bb2b2279b62296db66d9b6222b62222022204250220220002020020022002292020f226229b2f277b9bfb72bb77b792bbbf27f27b0002220200202229201000209602922210405202222054200214020211000220002242002000
36666139356666323266663163643563343036383335646164336261656230383132373737653762613662616634646334333338616264643037373236633762
6fa95ff22ff1cd5c406835dad3baeb0812777e7ba6baf4dc4338abdd07726c7b
6430323266303036323232323032623435303230323730363236323262323232323232623232323232303230373039303532323734623234363036323230323230623566303032306230323230323032323730326234623237323164323230623234373232323932303232373262393237303930663230363262306230323230363037313137303232323031323232306230303232393262303032323630373230323164303730323230623262393262303630373630623236303930303732643232323032323932623932323062306232323630363062323436303232663232323032323231303739323937303037326232663432623236303230303735323237353032343230623230
38353063313132376238323733373939326665386331383733343238613866643236393366336465616434663966363735373436326438666362666466383562
850c1127b82737992fe8c1873428a8fd2693f3dead4f9f6757462d8fcbfdf85b
d022f006222202b4502027062622b222222b22222020709052274b24606220220b5f0020b02202022702b4b2721d220b2472229202272b927090f2062b0b02206071170222012220b002292b00226072021d070220b2b92b060760b26090072d22202292b9220b0b226060b246022f222022210792970072b2f42b26020075227502420b20
36613037643238383231653965653364306234653033373435303338323164666336313161636139633131346636323761626634666233353937323761653331
6a07d28821e9ee3d0b4e0374503821dfc611aca9c114f627abf4fb359727ae31
6436623762623232363232326264373237363237323232323262623732323636323737623732303234303232303230303030343232323032303032323231303032323230303030393232353432323536323237373662623262323237396236323239366462363664396236323232623632323232303232323034323530323230323230303032303230303230303232303032323932303230663232363232396232663237376239626662373262623737623739326262626632376632376230303032323230323030323032323239323031303030323039363032393232323130343035326236363232623537326262326437623237326464376637323262376232363732623732626266
61666238366438326337643037613161613562366364626266303165643961343638636437643134653239336662353338383263326433336362323031343666
afb86d82c7d07a1aa5b6cdbbf01ed9a468cd7d14e293fb53882c2d33cb20146f
d6b7bb226222bd72762722222bb72266277b7202402202000042220200222100222000092254225622776bb2b2279b62296db66d9b6222b62222022204250220220002020020022002292020f226229b2f277b9bfb72bb77b792bbbf27f27b00022202002022292010002096029222104052b6622b572bb2d7b272dd7f722b7b2672b72bbf
64356631363463656433323731326634316366363532333738376430616562613863383339313263316666336233336266626137643761613961613832663332
d5f164ced32712f41cf6523787d0aeba8c83912c1ff3b33bfba7d7aa9aa82f32
6430323266306236323232323036623435303230363730363236323262323232323232623232323232623230373039303532323734623237363036323230323230623566306232306230323262323032323730326234623237326464323230623237373232323932623232373262393237303930663237363262306230323230363037316437303232323064323232306230373232393262306632323630373237323164303730323230623262393262303630373662623236303930373732643232326232323932623932323062306232363630363062323736303232663232323032323231623739323937303737326232663432623236303230623735323237356232343230623266
65383039376561366233666531663736623639303633326136616531636637316366613064656638306464386635623564333466643464383831383461613764
e8097ea6b3fe1f76b690632a6ae1cf71cfa0def80dd8f5b5d34fd4d88184aa7d
d022f0b6222206b4502067062622b222222b22222b20709052274b27606220220b5f0b20b022b2022702b4b272dd220b27722292b2272b927090f2762b0b02206071d702220d2220b072292b0f226072721d070220b2b92b06076bb26090772d222b2292b9220b0b266060b276022f22202221b792970772b2f42b26020b752275b2420b2f
65343861613039626537633831646462333364396663653161633264636332616162643664643938326363383730613061303864376337653465313030666565
e48aa09be7c81ddb33d9fce1ac2dcc2aabd6dd982cc870a0a08d7c7e4e100fee
6436623762623232363232326264373237363237323232323262623732323636323737623732303234303232303230303030343232323032303032323231303032323230303030393232353432323536323237373662623262323237396236323239366462363664396236323232623632323232303232323034323530323230323230303032303230303230303232303032323932303230663232363232396232663237376239626662373262623737623739326262626632376632376237373736323262326237323736323239326664626262326239366232393232326462373735323032323232303534323030323134303230323131303030323230303032323432303032303030
65376334653062626633313432643630653630663531383636663063626232393163646363316334666631666431383761336637303434663166356263616236
e7c4e0bbf3142d60e60f51866f0cbb291cdcc1c4ff1fd187a3f7044f1f5bcab6
d6b7bb226222bd72762722222bb72266277b7202402202000042220200222100222000092254225622776bb2b2279b62296db66d9b6222b62222022204250220220002020020022002292020f226229b2f277b9bfb72bb77b792bbbf27f27b777622b2b72762292fdbbb2b96b29222db775202222054200214020211000220002242002000
38383262336530326132356337323661336234626332376162393834346536336432336632646638656234663433623932383534383961323132643238333330
882b3e02a25c726a3b4bc27ab9844e63d23f2df8eb4f43b9285489a212d28330
6430323266373036323232323732623435303237323730363236363262323232323232623232323232303230373039623532323734623234363036323262323230623566373032306230323230323032323737326234623237363164323230623234373232323932303232373262393237303930663230363262306266323230363037643137303232326231323232306262303232393262623032323630373230323164303762323230623262393262303630373630623236303962303732643232323032323932623932323062306232323630363062323436303232663232323032323264303739323937623037326232663732623236303237303735323237353032343230623230
35666436623161393963303137313465336336653162623266343536656334393264656234303665353731373264636466613138316363313735656236643766
5fd6b1a99c01714e3c6e1bb2f456ec492deb406e57172dcdfa181cc175eb6d7f
d022f706222272b4502727062662b222222b22222020709b52274b2460622b220b5f7020b02202022772b4b2761d220b2472229202272b927090f2062b0bf220607d170222b12220bb02292bb0226072021d07b220b2b92b060760b2609b072d22202292b9220b0b226060b246022f2220222d079297b072b2f72b26027075227502420b20
38393237303633346661616237663030313363626463666632653136303730323764666562393166613331316665613664643530363331666134313738343736
89270634faab7f0013cbdcff2e1607027dfeb91fa311fea6dd50631fa4178476
6436623762623232363232326264373237363237323232323262623732323636323737623732303234303232303230303030343232323032303032323231303032323230303030393232353432323536323237373662623262323237396236323239366462363664396236323232623632323232303232323034323530323230323230303032303230303230303232303032323932303230663232363232396232663237376239626662373262623737623739326262626632376632376237373736323262326237323736323239326664626262326239366232393232326462373735326236363232623537326262326437623237326464376637323262376232363732623732626266
30633565336161356463333439323933393438646266643938666334306166356464373262343131636138303062306530653133323162333765353838323034
0c5e3aa5dc349293948dbfd98fc40af5dd72b411ca800b0e0e1321b37e588204
d6b7bb226222bd72762722222bb72266277b7202402202000042220200222100222000092254225622776bb2b2279b62296db66d9b6222b62222022204250220220002020020022002292020f226229b2f277b9bfb72bb77b792bbbf27f27b777622b2b72762292fdbbb2b96b29222db7752b6622b572bb2d7b272dd7f722b7b2672b72bbf
32316230663537383862373535306466653530333464333932366338303065643062623261306130313739646638306232333036613633306131623637393530
21b0f5788b7550dfe5034d3926c800ed0bb2a0a0179df80b2306a630a1b67950
6430323266376236323232323736623435303237363730363236363262323232323232623232323232623230373039623532323734623237363036323262323230623566376232306230323262323032323737326234623237366464323230623237373232323932623232373262393237303930663237363262306266323230363037646437303232326264323232306262373232393262626632323630373237323164303762323230623262393262303630373662623236303962373732643232326232323932623932323062306232363630363062323736303232663232323032323264623739323937623737326232663732623236303237623735323237356232343230623266
62353739626437333163646637313431636563663132613335376337653431363963363436313732346132316163306133396562386331656334306139363965
b579bd731cdf7141cecf12a357c7e4169c6461724a21ac0a39eb8c1ec40a969e
d022f7b6222276b4502767062662b222222b22222b20709b52274b2760622b220b5f7b20b022b2022772b4b276dd220b27722292b2272b927090f2762b0bf220607dd70222bd2220bb72292bbf226072721d07b220b2b92b06076bb2609b772d222b2292b9220b0b266060b276022f2220222db79297b772b2f72b26027b752275b2420b2f
35373261613764343331653566663638646365343564643035393937626336393663393965666563653963383666306164623864613533396133663966363032
572aa7d431e5ff68dce45dd05997bc696c99efece9c86f0adb8da539a3f9f602
6436623762623232363232326264373237363237323232323262623732323636323737623732303234303232303230303030343232323032303032323231303032323230303030393232353432323536323237373662623262323237396236323239366462363664396236323232623632323232373636323737323562363266363262666232373262623237623232373736323936623237303232323232393032303230303039303030303230303034303039323030303032303032303030303032323230323030323032323239323031303030323039363032393232323130343035323032323232303534323030323134303230323131303030323230303032323432303032303030
64623064376365383131616331663062396530363363396432353939373535343433356639633737323535333835613232393865316538643537383161386436
db0d7ce811ac1f0b9e063c9d25997554435f9c77255385a2298e1e8d5781a8d6
d6b7bb226222bd72762722222bb72266277b7202402202000042220200222100222000092254225622776bb2b2279b62296db66d9b6222b6222276627725b62f62bfb272bb27b22776296b27022222902020009000020004009200002002000002220200202229201000209602922210405202222054200214020211000220002242002000
39613832616137306134613264666134313934383939363339333162663730363534313630636163386539613731643338613931313433366264386134373134
9a82aa70a4a2dfa419489963931bf70654160cac8e9a71d38a911436bd8a4714
6430323230303036323232323032623435373230323730363632323262323236323232623232323232303230373739303532323737303234363036323230323230623530303032306262323230323032363030326234623230323164323266303234373232363932303232373230393237303962303230363262663030323230366230313137303232323031323232373030303232393230303032323662303230323164623430323230623230393262303637303630623236623930303732643232323032323932303932323062373032323630363730323436303236303232323032323231303739323930303037326236303432623236623230303735323230353032343237303230
35393962363138663431363232353336356561303831333362636332623865663633333437303864366264396265373962336636353437366365346539663662
599b618f416225365ea08133bcc2b8ef6334708d6bd9be79b3f65476ce4e9f6b
d0220006222202b4572027066222b226222b22222020779052277024606220220b500020bb2202026002b4b2021d22f02472269202272092709b02062bf002206b011702220122270002292000226b02021db40220b2092b067060b26b90072d2220229209220b7022606702460260222022210792900072b6042b26b20075220502427020
30356639303064663039656139616464366139663362653330353133363734633666303532363332303332613066613836393865626236306665356263633663
05f900df09ea9add6a9f3be30513674c6f052632032a0fa8698ebb60fe5bcc6c
6436623762623232363232326264373237363237323232323262623732323636323737623732303234303232303230303030343232323032303032323231303032323230303030393232353432323536323237373662623262323237396236323239366462363664396236323232623632323232373636323737323562363266363262666232373262623237623232373736323936623237303232323232393032303230303039303030303230303034303039323030303032303032303030303032323230323030323032323239323031303030323039363032393232323130343035326236363232623537326262326437623237326464376637323262376232363732623732626266
31373636386464666364666561316566646266316531633533363035336239383237653830313837376638623162613630313438643831363262336564343566
17668ddfcdfea1efdbf1e1c536053b9827e801877f8b1ba60148d8162b3ed45f
d6b7bb226222bd72762722222bb72266277b7202402202000042220200222100222000092254225622776bb2b2279b62296db66d9b6222b6222276627725b62f62bfb272bb27b22776296b270222229020200090000200040092000020020000022202002022292010002096029222104052b6622b572bb2d7b272dd7f722b7b2672b72bbf
37336565663838613130663030363362353633613737323839633833383839396238313764616261363638336330353961323136653163393032363832613438
73eef88a10f0063b563a77289c838899b817daba6683c059a216e1c902682a48
6430323230306236323232323036623435373230363730363632323262323236323232623232323232623230373739303532323737303237363036323230323230623530306232306262323262323032363030326234623230326464323266303237373232363932623232373230393237303962303237363262663030323230366230316437303232323064323232373030373232393230306632323662303237323164623430323230623230393262303637303662623236623930373732643232326232323932303932323062373032363630363730323736303236303232323032323231623739323930303737326236303432623236623230623735323230356232343237303266
37343032653165623832613132323830663837336666393464396630306336613238353565353961386438636665373962636138366162643161613234333364
7402e1eb82a12280f873ff94d9f00c6a2855e59a8d8cfe79bca86abd1aa2433d
d02200b6222206b4572067066222b226222b22222b20779052277027606220220b500b20bb22b2026002b4b202dd22f027722692b2272092709b02762bf002206b01d702220d2227007229200f226b02721db40220b2092b06706bb26b90772d222b229209220b702660670276026022202221b792900772b6042b26b20b752205b242702f
39333431653637363733316537316130363632373062373165366561303066346233663332616138393139613863663238616365626261646136336630636335
9341e676731e71a066270b71e6ea00f4b3f32aa8919a8cf28acebbada63f0cc5
6436623762623232363232326264373237363237323232323262623732323636323737623732303234303232303230303030343232323032303032323231303032323230303030393232353432323536323237373662623262323237396236323239366462363664396236323232623632323232373636323737323562363266363262666232373262623237623232373736323936623237303232323232393032303230303039303030303230303034303039323030303032303032303037373736323262326237323736323239326664626262326239366232393232326462373735323032323232303534323030323134303230323131303030323230303032323432303032303030
31343736376535306461333237653562313531346162663763613532663431643631313862626637366663313930386163313665376561383961663438323834
14767e50da327e5b1514abf7ca52f41d6118bbf76fc1908ac16e7ea89af48284
d6b7bb226222bd72762722222bb72266277b7202402202000042220200222100222000092254225622776bb2b2279b62296db66d9b6222b6222276627725b62f62bfb272bb27b22776296b2702222290202000900002000400920000200200777622b2b72762292fdbbb2b96b29222db775202222054200214020211000220002242002000
35303337313266363061343630353335313138366439633634313739663465653161653733663764383233636634393435363539303232613037616235353562
503712f60a4605351186d9c64179f4ee1ae73f7d823cf4945659022a07ab555b
6430323230373036323232323732623435373237323730363632363262323236323232623232323232303230373739623532323737303234363036323262323230623530373032306262323230323032363037326234623230363164323266303234373232363932303232373230393237303962303230363262663066323230366230643137303232326231323232373062303232393230623032323662303230323164623462323230623230393262303637303630623236623962303732643232323032323932303932323062373032323630363730323436303236303232323032323264303739323930623037326236303732623236623237303735323230353032343237303230
30373263393636343337643532616166643936393264346636643631616336323839663736363465653661633434653035626461336438376464313735626165
072c966437d52aafd9692d4f6d61ac6289f7664ee6ac44e05bda3d87dd175bae
d0220706222272b4572727066262b226222b22222020779b5227702460622b220b507020bb2202026072b4b2061d22f02472269202272092709b02062bf0f2206b0d170222b122270b022920b0226b02021db4b220b2092b067060b26b9b072d2220229209220b70226067024602602220222d079290b072b6072b26b27075220502427020
38373136626264343031333430323961303265376237643935666537346263343030653339386130343965313464393363333034616437633136616361333233
8716bbd40134029a02e7b7d95fe74bc400e398a049e14d93c304ad7c16aca323
6436623762623232363232326264373237363237323232323262623732323636323737623732303234303232303230303030343232323032303032323231303032323230303030393232353432323536323237373662623262323237396236323239366462363664396236323232623632323232373636323737323562363266363262666232373262623237623232373736323936623237303232323232393032303230303039303030303230303034303039323030303032303032303037373736323262326237323736323239326664626262326239366232393232326462373735326236363232623537326262326437623237326464376637323262376232363732623732626266
35633836336131393861326261386230373563643737623234323338316135336633653836373364333439333731663730306639333165396335316538326231
5c863a198a2ba8b075cd77b242381a53f3e8673d349371f700f931e9c51e82b1
d6b7bb226222bd72762722222bb72266277b7202402202000042220200222100222000092254225622776bb2b2279b62296db66d9b6222b6222276627725b62f62bfb272bb27b22776296b2702222290202000900002000400920000200200777622b2b72762292fdbbb2b96b29222db7752b6622b572bb2d7b272dd7f722b7b2672b72bbf
64333431323336316539643339363964666166626161353664393130346164646537333231653734646136366362636565656130626661393366646233626231
d3412361e9d3969dfafbaa56d9104adde7321e74da66cbceeea0bfa93fdb3bb1
6430323230376236323232323736623435373237363730363632363262323236323232623232323232623230373739623532323737303237363036323262323230623530376232306262323262323032363037326234623230366464323266303237373232363932623232373230393237303962303237363262663066323230366230646437303232326264323232373062373232393230626632323662303237323164623462323230623230393262303637303662623236623962373732643232326232323932303932323062373032363630363730323736303236303232323032323264623739323930623737326236303732623236623237623735323230356232343237303266
37616561343137323935633937626331373864316539313438386563613331383239303366353932366431366135316462323964326639623333303763313837
7aea417295c97bc178d1e91488eca3182903f5926d16a51db29d2f9b3307c187
d02207b6222276b4572767066262b226222b22222b20779b5227702760622b220b507b20bb22b2026072b4b206dd22f027722692b2272092709b02762bf0f2206b0dd70222bd22270b722920bf226b02721db4b220b2092b06706bb26b9b772d222b229209220b70266067027602602220222db79290b772b6072b26b27b752205b242702f
39643930363238343838653937346335313663626437313036356234643962383835336636623038646136663135386536613066643736376139323830616531
9d90628488e974c516cbd71065b4d9b8853f6b08da6f158e6a0fd767a9280ae1
6436623762623232363232326264373237363237323232323262623732323636323737623732303234303232303230303030343232323032303032323231303032323230303030393232353432323536323237373662623262323237396236323239366462363664396236323232623632323232373636323737323562363266363262666232373262623237623232373736323936623237663232363232396232663237376239626662373262623737623739326262626632376632376230303032323230323030323032323239323031303030323039363032393232323130343035323032323232303534323030323134303230323131303030323230303032323432303032303030
36613035373730303736643736656466386463356439366565326338633334633466653263613164663161323536386631656532353331636239623439306630
6a05770076d76edf8dc5d96ee2c8c34c4fe2ca1df1a2568f1ee2531cb9b490f0
d6b7bb226222bd72762722222bb72266277b7202402202000042220200222100222000092254225622776bb2b2279b62296db66d9b6222b6222276627725b62f62bfb272bb27b22776296b27f226229b2f277b9bfb72bb77b792bbbf27f27b0002220200202229201000209602922210405202222054200214020211000220002242002000
37356262346538306361626564653739623564663231663531343532313165323765653533383534363465313737373237393838323037393531323164356463
75bb4e80cabede79b5df21f5145211e27ee5385464e17772798820795121d5dc
6430323266303036323232323032623435373230323730363636323262323236323232623232323232303230373739303532323737623234363036323230323230623566303032306262323230323032363730326234623237323164323266623234373232363932303232373262393237303962663230363262666230323230366237313137303232323031323232376230303232393262303032323662373230323164623730323230623262393262303637373630623236623930303732643232323032323932623932323062376232323630363762323436303236663232323032323231303739323937303037326236663432623236623230303735323237353032343237623230
66666636306262386334326234656339376663393563643962343861613765306633646231646661653234383462623865363236323364383238386134363261
fff60bb8c42b4ec97fc95cd9b48aa7e0f3db1dfae2484bb8e62623d8288a462a
d022f006222202b4572027066622b226222b22222020779052277b24606220220b5f0020bb2202026702b4b2721d22fb2472269202272b92709bf2062bfb02206b71170222012227b002292b00226b72021db70220b2b92b067760b26b90072d22202292b9220b7b226067b246026f222022210792970072b6f42b26b20075227502427b20
32366434353563393338326439306461316237653463643135316161643561306637623038656430626436366137613039376664626135303236356131613334
26d455c9382d90da1b7e4cd151aad5a0f7b08ed0bd66a7a097fdba50265a1a34
6436623762623232363232326264373237363237323232323262623732323636323737623732303234303232303230303030343232323032303032323231303032323230303030393232353432323536323237373662623262323237396236323239366462363664396236323232623632323232373636323737323562363266363262666232373262623237623232373736323936623237663232363232396232663237376239626662373262623737623739326262626632376632376230303032323230323030323032323239323031303030323039363032393232323130343035326236363232623537326262326437623237326464376637323262376232363732623732626266
65656438653261373662653761356234636637343864323836643237616135663162316436376161643137653435373435363834393238303439323365393434
eed8e2a76be7a5b4cf748d286d27aa5f1b1d67aad17e4574568492804923e944
d6b7bb226222bd72762722222bb72266277b7202402202000042220200222100222000092254225622776bb2b2279b62296db66d9b6222b6222276627725b62f62bfb272bb27b22776296b27f226229b2f277b9bfb72bb77b792bbbf27f27b00022202002022292010002096029222104052b6622b572bb2d7b272dd7f722b7b2672b72bbf
39323561333134623637366333663962373530326132373663326163333038626435646437313966336637653834383764373863323263373363666331363065
925a314b676c3f9b7502a276c2ac308bd5dd719f3f7e8487d78c22c73cfc160e
6430323266306236323232323036623435373230363730363636323262323236323232623232323232623230373739303532323737623237363036323230323230623566306232306262323262323032363730326234623237326464323266623237373232363932623232373262393237303962663237363262666230323230366237316437303232323064323232376230373232393262306632323662373237323164623730323230623262393262303637373662623236623930373732643232326232323932623932323062376232363630363762323736303236663232323032323231623739323937303737326236663432623236623230623735323237356232343237623266
31323265336262653265356463306531346661373761386164313763346133356332323861636165333764623661373830303564623439356430666130373335
122e3bbe2e5dc0e14fa77a8ad17c4a35c228acae37db6a78005db495d0fa0735
d022f0b6222206b4572067066622b226222b22222b20779052277b27606220220b5f0b20bb22b2026702b4b272dd22fb27722692b2272b92709bf2762bfb02206b71d702220d2227b072292b0f226b72721db70220b2b92b06776bb26b90772d222b2292b9220b7b266067b276026f22202221b792970772b6f42b26b20b752275b2427b2f
35336538666465313731626338633366626536386136363630646536636533643136323638383566643137663338666163333538653164366431666536376462
53e8fde171bc8c3fbe68a6660de6ce3d1626885fd17f38fac358e1d6d1fe67db
6436623762623232363232326264373237363237323232323262623732323636323737623732303234303232303230303030343232323032303032323231303032323230303030393232353432323536323237373662623262323237396236323239366462363664396236323232623632323232373636323737323562363266363262666232373262623237623232373736323936623237663232363232396232663237376239626662373262623737623739326262626632376632376237373736323262326237323736323239326664626262326239366232393232326462373735323032323232303534323030323134303230323131303030323230303032323432303032303030
35353861653432346561333336383032313866363438363039366437336538333236653461326664326336623666373939343934663761666362336134333931
558ae424ea33680218f6486096d73e8326e4a2fd2c6b6f799494f7afcb3a4391
d6b7bb226222bd72762722222bb72266277b7202402202000042220200222100222000092254225622776bb2b2279b62296db66d9b6222b6222276627725b62f62bfb272bb27b22776296b27f226229b2f277b9bfb72bb77b792bbbf27f27b777622b2b72762292fdbbb2b96b29222db775202222054200214020211000220002242002000
33303265656361396331626434363930366537663034366462363634353764643430666539646565623635333634383965656361303633396362363031656334
302eeca9c1bd46906e7f046db66457dd40fe9deeb6536489eeca0639cb601ec4
6430323266373036323232323732623435373237323730363636363262323236323232623232323232303230373739623532323737623234363036323262323230623566373032306262323230323032363737326234623237363164323266623234373232363932303232373262393237303962663230363262666266323230366237643137303232326231323232376262303232393262623032323662373230323164623762323230623262393262303637373630623236623962303732643232323032323932623932323062376232323630363762323436303236663232323032323264303739323937623037326236663732623236623237303735323237353032343237623230
31643163333537643634396666633965386231643536623538366338383430656438633264306664646165616361646338303566613263333339316437303236
1d1c357d649ffc9e8b1d56b586c8840ed8c2d0fddaeacadc805fa2c3391d7026
d022f706222272b4572727066662b226222b22222020779b52277b2460622b220b5f7020bb2202026772b4b2761d22fb2472269202272b92709bf2062bfbf2206b7d170222b12227bb02292bb0226b72021db7b220b2b92b067760b26b9b072d22202292b9220b7b226067b246026f2220222d079297b072b6f72b26b27075227502427b20
66373131306166613935666130616335303362366335343938663365393634386465316137623032636339303538326461343465326635393862623938313764
f7110afa95fa0ac503b6c5498f3e9648de1a7b02cc90582da44e2f598bb9817d
6436623762623232363232326264373237363237323232323262623732323636323737623732303234303232303230303030343232323032303032323231303032323230303030393232353432323536323237373662623262323237396236323239366462363664396236323232623632323232373636323737323562363266363262666232373262623237623232373736323936623237663232363232396232663237376239626662373262623737623739326262626632376632376237373736323262326237323736323239326664626262326239366232393232326462373735326236363232623537326262326437623237326464376637323262376232363732623732626266
65306165363931346137313034373366633137363466316361373536646661373639623164303334623962316635376362373133333932363165323762643938
e0ae6914a710473fc1764f1ca756dfa769b1d034b9b1f57cb71339261e27bd98
d6b7bb226222bd72762722222bb72266277b7202402202000042220200222100222000092254225622776bb2b2279b62296db66d9b6222b6222276627725b62f62bfb272bb27b22776296b27f226229b2f277b9bfb72bb77b792bbbf27f27b777622b2b72762292fdbbb2b96b29222db7752b6622b572bb2d7b272dd7f722b7b2672b72bbf
35643830313532623639303361336537383532383630646531323562383461366162306563633033353163346363643430336461343733653034636233383533
5d80152b6903a3e7852860de125b84a6ab0ecc0351c4ccd403da473e04cb3853
6430323266376236323232323736623435373237363730363636363262323236323232623232323232623230373739623532323737623237363036323262323230623566376232306262323262323032363737326234623237366464323266623237373232363932623232373262393237303962663237363262666266323230366237646437303232326264323232376262373232393262626632323662373237323164623762323230623262393262303637373662623236623962373732643232326232323932623932323062376232363630363762323736303236663232323032323264623739323937623737326236663732623236623237623735323237356232343237623266
35616639383630376263636338643536386236353831323730326437346465383166366137616539333966336231643836666137623732613162613966343839
5af98607bccc8d568b65812702d74de81f6a7ae939f3b1d86fa7b72a1ba9f489
d022f7b6222276b4572767066662b226222b22222b20779b52277b2760622b220b5f7b20bb22b2026772b4b276dd22fb27722692b2272b92709bf2762bfbf2206b7dd70222bd2227bb72292bbf226b72721db7b220b2b92b06776bb26b9b772d222b2292b9220b7b266067b276026f2220222db79297b772b6f72b26b27b752275b2427b2f
62396262626639306366626366633932373663343765366531393938326663383131643163643062343336333731376137393666323732666537666362643962
b9bbbf90cfbcfc9276c47e6e19982fc811d1cd0b4363717a796f272fe7fcbd9b
6436623762623232363232326264373237363237323232323262623732323636323737623732623237623236663262623737373236326632626232323264376236323237626237393232353732323532323230343230303230323230393032323239363130323231393032323232303232323232303232323034323530323230323230303032303230303230303232303032323932303230303232323232393032303230303039303030303230303034303039323030303032303032303030303032323230323030323032323239323031303030323039363032393232323130343035323032323232303534323030323134303230323131303030323230303032323432303032303030
63646334353562353333373761396439616538323335383730666530303161613961646531623962643332306634623937653763353866313364336636653561
cdc455b53377a9d9ae8235870fe001aa9ade1b9bd320f4b97e7c58f13d3f6e5a
d6b7bb226222bd72762722222bb72266277b72b27b26f2bb777262f2bb222d7b6227bb7922572252220420020220902229610221902222022222022204250220220002020020022002292020022222902020009000020004009200002002000002220200202229201000209602922210405202222054200214020211000220002242002000
39373261656531613064326132313031663861306366356439646662366631313363363232386335306439363537643835333539306538316331663163666536
972aee1a0d2a2101f8a0cf5d9dfb6f113c6228c50d9657d853590e81c1f1cfe6
6462323230303036323232323032623735303230323762323232323262323232323232623632323232303266303039303532323434303234366232323230323262303530303032373030323230323732323030326237303230323164323230303234373632323932303232303230393237663930303230363230303030323262323030313137623232323031323232303030303232393230303032323630303230326431303430323237303230393262623230303630623632303930303732313232323032323932303932323730303032323662323030323436623232303232323732323231303739323930303037323032303432623232303230303735323230353032373230303230
31303133626430623037303437643166343537313663646565636534613539383136363530656664663137643764626463343431613439343863396239346634
1013bd0b07047d1f45716cdeece4a59816650efdf17d7dbdc441a4948c9b94f4
db220006222202b7502027b22222b222222b6222202f0090522440246b222022b0500027002202722002b702021d220024762292022020927f9002062000022b200117b222012220000229200022600202d104022702092bb20060b6209007212220229209227000226b200246b22022272221079290007202042b22020075220502720020
37343535303637626532643539653439366637376436373465643130653138346563623937366663656536623033313039343438303062346532336533666131
7455067be2d59e496f77d674ed10e184ecb976fcee6b0310944800b4e23e3fa1
6436623762623232363232326264373237363237323232323262623732323636323737623732623237623236663262623737373236326632626232323264376236323237626237393232353732323532323230343230303230323230393032323239363130323231393032323232303232323232303232323034323530323230323230303032303230303230303232303032323932303230303232323232393032303230303039303030303230303034303039323030303032303032303030303032323230323030323032323239323031303030323039363032393232323130343035326236363232623537326262326437623237326464376637323262376232363732623732626266
65623038333539323262343439656263313966336562393964613362353866623464313538653235316331656462313236303866333336323532333866616665
eb0835922b449ebc19f3eb99da3b58fb4d158e251c1edb12608f33625238fafe
d6b7bb226222bd72762722222bb72266277b72b27b26f2bb777262f2bb222d7b6227bb79225722522204200202209022296102219022220222220222042502202200020200200220022920200222229020200090000200040092000020020000022202002022292010002096029222104052b6622b572bb2d7b272dd7f722b7b2672b72bbf
32363933336666346663623266393236333763616438366135326164386133366631313635646538666134393566343639303837353962346136653665666366
26933ff4fcb2f92637cad86a52ad8a36f1165de8fa495f46908759b4a6e6efcf
6462323230306236323232323036623735303230363762323232323262323232323232623632323232623266303039303532323434303237366232323230323262303530306232373030323262323732323030326237303230326464323230303237373632323932623232303230393237663930303237363230303030323262323030316437623232323064323232303030373232393230306632323630303237326431303430323237303230393262623230303662623632303930373732313232326232323932303932323730303032363662323030323736623232303232323732323231623739323930303737323032303432623232303230623735323230356232373230303266
66656537376431343864643731653166616438613863636538386366653263626365613037343764613136316637653739383562303866656636623234633335
fee77d148dd71e1fad8a8cce88cfe2cbcea0747da161f7e7985b08fef6b24c35
db2200b6222206b7502067b22222b222222b62222b2f0090522440276b222022b0500b270022b2722002b70202dd220027762292b22020927f9002762000022b2001d7b2220d2220007229200f22600272d104022702092bb2006bb620907721222b229209227000266b200276b22022272221b79290077202042b22020b752205b272002f
37373530396566653934303465383837313630363936323363313534623163663432623532343265333865323236623363343765303632653337333163613164
77509efe9404e88716069623c154b1cf42b5242e38e226b3c47e062e3731ca1d
6436623762623232363232326264373237363237323232323262623732323636323737623732623237623236663262623737373236326632626232323264376236323237626237393232353732323532323230343230303230323230393032323239363130323231393032323232303232323232303232323034323530323230323230303032303230303230303232303032323932303230303232323232393032303230303039303030303230303034303039323030303032303032303037373736323262326237323736323239326664626262326239366232393232326462373735323032323232303534323030323134303230323131303030323230303032323432303032303030
39333161306434643563633066613964666637633966333561336333303631646537366630666232383930323262633438626661633237636639656331353335
931a0d4d5cc0fa9dff7c9f35a3c3061de76f0fb289022bc48bfac27cf9ec1535
d6b7bb226222bd72762722222bb72266277b72b27b26f2bb777262f2bb222d7b6227bb792257225222042002022090222961022190222202222202220425022022000202002002200229202002222290202000900002000400920000200200777622b2b72762292fdbbb2b96b29222db775202222054200214020211000220002242002000
39646663656437316632646430373235303833326163623261383065336337306532343736646530383733373838386164356538643766646430613866323233
9dfced71f2dd07250832acb2a80e3c70e2476de08737888ad5e8d7fdd0a8f223
6462323230373036323232323732623735303237323762323232363262323232323232623632323232303266303039623532323434303234366232323262323262303530373032373030323230323732323037326237303230363164323230303234373632323932303232303230393237663930303230363230303066323262323030643137623232326231323232303062303232393230623032323630303230326431303462323237303230393262623230303630623632303962303732313232323032323932303932323730303032323662323030323436623232303232323732323264303739323930623037323032303732623232303237303735323230353032373230303230
31323466333038393661346338613437646263633731343661396665333132623234336639373962353833323431346338636530363030666665363030386438
124f30896a4c8a47dbcc7146a9fe312b243f979b5832414c8ce0600ffe6008d8
db220706222272b7502727b22262b222222b6222202f009b522440246b222b22b0507027002202722072b702061d220024762292022020927f9002062000f22b200d17b222b122200b022920b022600202d104b22702092bb20060b6209b07212220229209227000226b200246b2202227222d079290b07202072b22027075220502720020
62353235386438323062336332643631353537643233326237656432323732376332376266653165343337343561666536636339383338343163626632396335
b5258d820b3c2d61557d232b7ed22727c27bfe1e43745afe6cc983841cbf29c5
6436623762623232363232326264373237363237323232323262623732323636323737623732623237623236663262623737373236326632626232323264376236323237626237393232353732323532323230343230303230323230393032323239363130323231393032323232303232323232303232323034323530323230323230303032303230303230303232303032323932303230303232323232393032303230303039303030303230303034303039323030303032303032303037373736323262326237323736323239326664626262326239366232393232326462373735326236363232623537326262326437623237326464376637323262376232363732623732626266
34353462323866653764653565383032336331376234373037373135363337643363366463383739633361383161626137303538633836366566383539363537
454b28fe7de5e8023c17b4707715637d3c6dc879c3a81aba7058c866ef859657
d6b7bb226222bd72762722222bb72266277b72b27b26f2bb777262f2bb222d7b6227bb792257225222042002022090222961022190222202222202220425022022000202002002200229202002222290202000900002000400920000200200777622b2b72762292fdbbb2b96b29222db7752b6622b572bb2d7b272dd7f722b7b2672b72bbf
34303933623863663631316661353930313933653530353063666238643833336464386632353535616363646464363931343833333431343039666136393663
4093b8cf611fa590193e5050cfb8d833dd8f2555accddd691483341409fa696c
6462323230376236323232323736623735303237363762323232363262323232323232623632323232623266303039623532323434303237366232323262323262303530376232373030323262323732323037326237303230366464323230303237373632323932623232303230393237663930303237363230303066323262323030646437623232326264323232303062373232393230626632323630303237326431303462323237303230393262623230303662623632303962373732313232326232323932303932323730303032363662323030323736623232303232323732323264623739323930623737323032303732623232303237623735323230356232373230303266
30633961303636373535313934336136343766643833333030613531363562316561383935633866396538633963646537636431303361316365343263316566
0c9a0667551943a647fd83300a5165b1ea895c8f9e8c9cde7cd103a1ce42c1ef
db2207b6222276b7502767b22262b222222b62222b2f009b522440276b222b22b0507b270022b2722072b70206dd220027762292b22020927f9002762000f22b200dd7b222bd22200b722920bf22600272d104b22702092bb2006bb6209b7721222b229209227000266b200276b2202227222db79290b77202072b22027b752205b272002f
32373233303230383265663437336336323734666534633262646135383263643533623034666333643964333836386266386562616435353230663639386431
272302082ef473c6274fe4c2bda582cd53b04fc3d9d3868bf8ebad5520f698d1
6436623762623232363232326264373237363237323232323262623732323636323737623732623237623236663262623737373236326632626232323264376236323237626237393232353732323532323230343230303230323230393032323239363130323231393032323232303232323232303232323034323530323230323230303032303230303230303232303032323932303230663232363232396232663237376239626662373262623737623739326262626632376632376230303032323230323030323032323239323031303030323039363032393232323130343035323032323232303534323030323134303230323131303030323230303032323432303032303030
61636331633734323332356637333861383939326663313931616434383466333764393333316165316264303239343639363434353664623838356332653564
acc1c742325f738a8992fc191ad484f37d9331ae1bd02946964456db885c2e5d
d6b7bb226222bd72762722222bb72266277b72b27b26f2bb777262f2bb222d7b6227bb7922572252220420020220902229610221902222022222022204250220220002020020022002292020f226229b2f277b9bfb72bb77b792bbbf27f27b0002220200202229201000209602922210405202222054200214020211000220002242002000
63613038343863323334623661656136663538313132633931373433343033633765386665623462356133623865653732663831356265613932653634366161
ca0848c234b6aea6f58112c91743403c7e8feb4b5a3b8ee72f815bea92e646aa
6462323266303036323232323032623735303230323762323236323262323232323232623632323232303266303039303532323434623234366232323230323262303566303032373030323230323732323730326237303237323164323230623234373632323932303232303262393237663930663230363230306230323262323037313137623232323031323232306230303232393262303032323630373230326431303730323237303262393262623230373630623632303930303732313232323032323932623932323730306232323662323062323436623232663232323732323231303739323937303037323032663432623232303230303735323237353032373230623230
63323462356532323038363163623432323962346238633165373361643865633563363837613937353932303039386631346163666639323337316132306437
c24b5e220861cb4229b4b8c1e73ad8ec5c687a975920098f14acff92371a20d7
db22f006222202b7502027b22622b222222b6222202f009052244b246b222022b05f0027002202722702b702721d220b2476229202202b927f90f206200b022b207117b222012220b002292b0022607202d107022702b92bb20760b62090072122202292b922700b226b20b246b22f22272221079297007202f42b22020075227502720b20
31653663356636323830333635653238653436656630393032313531623737656163393938626163333365633035323161626361383331346562303962633634
1e6c5f6280365e28e46ef0902151b77eac998bac33ec0521abca8314eb09bc64
6436623762623232363232326264373237363237323232323262623732323636323737623732623237623236663262623737373236326632626232323264376236323237626237393232353732323532323230343230303230323230393032323239363130323231393032323232303232323232303232323034323530323230323230303032303230303230303232303032323932303230663232363232396232663237376239626662373262623737623739326262626632376632376230303032323230323030323032323239323031303030323039363032393232323130343035326236363232623537326262326437623237326464376637323262376232363732623732626266
32666666646561653938383065366462643930343333313463653633626231663539373961663838366633303932616231393962346433316433636261363561
2fffdeae9880e6dbd9043314ce63bb1f5979af886f3092ab199b4d31d3cba65a
d6b7bb226222bd72762722222bb72266277b72b27b26f2bb777262f2bb222d7b6227bb7922572252220420020220902229610221902222022222022204250220220002020020022002292020f226229b2f277b9bfb72bb77b792bbbf27f27b00022202002022292010002096029222104052b6622b572bb2d7b272dd7f722b7b2672b72bbf
30323561323361323039396238373736326330363761316261613165633835393964396531656439393632643332376562656533646434356266373364633963
025a23a2099b87762c067a1baa1ec8599d9e1ed9962d327ebee3dd45bf73dc9c
6462323266306236323232323036623735303230363762323236323262323232323232623632323232623266303039303532323434623237366232323230323262303566306232373030323262323732323730326237303237326464323230623237373632323932623232303262393237663930663237363230306230323262323037316437623232323064323232306230373232393262306632323630373237326431303730323237303262393262623230373662623632303930373732313232326232323932623932323730306232363662323062323736623232663232323732323231623739323937303737323032663432623232303230623735323237356232373230623266
31336164306234353634633533333363306632373235373631323337646161636436366264633239373838393730346332386566313435656134626339663563
13ad0b4564c5333c0f2725761237daacd66bdc297889704c28ef145ea4bc9f5c
db22f0b6222206b7502067b22622b222222b62222b2f009052244b276b222022b05f0b270022b2722702b70272dd220b27762292b2202b927f90f276200b022b2071d7b2220d2220b072292b0f22607272d107022702b92bb2076bb620907721222b2292b922700b266b20b276b22f22272221b79297077202f42b22020b752275b2720b2f
39386539616235353462656239323037316532396633326533313031313435653630363839623664663234323237383162363466326330316633643735323761
98e9ab554beb92071e29f32e3101145e60689b6df2422781b64f2c01f3d7527a
6436623762623232363232326264373237363237323232323262623732323636323737623732623237623236663262623737373236326632626232323264376236323237626237393232353732323532323230343230303230323230393032323239363130323231393032323232303232323232303232323034323530323230323230303032303230303230303232303032323932303230663232363232396232663237376239626662373262623737623739326262626632376632376237373736323262326237323736323239326664626262326239366232393232326462373735323032323232303534323030323134303230323131303030323230303032323432303032303030
32323031323335666366323531393633366432663539396263386339613536383562623630633038336130386564313735633964623161383734663334353032
2201235fcf2519636d2f599bc8c9a5685bb60c083a08ed175c9db1a874f34502
d6b7bb226222bd72762722222bb72266277b72b27b26f2bb777262f2bb222d7b6227bb7922572252220420020220902229610221902222022222022204250220220002020020022002292020f226229b2f277b9bfb72bb77b792bbbf27f27b777622b2b72762292fdbbb2b96b29222db775202222054200214020211000220002242002000
65326137376332663461303133313663653937356132376264363965383437653134353830326361393430613532386237386566636265303731656339303131
e2a77c2f4a01316ce975a27bd69e847e145802ca940a528b78efcbe071ec9011
6462323266373036323232323732623735303237323762323236363262323232323232623632323232303266303039623532323434623234366232323262323262303566373032373030323230323732323737326237303237363164323230623234373632323932303232303262393237663930663230363230306266323262323037643137623232326231323232306262303232393262623032323630373230326431303762323237303262393262623230373630623632303962303732313232323032323932623932323730306232323662323062323436623232663232323732323264303739323937623037323032663732623232303237303735323237353032373230623230
37613665666434663763396563343335383734396237353939653932346134363638653066393761386433323766323564353164343933333263353735626531
7a6efd4f7c9ec4358749b7599e924a4668e0f97a8d327f25d51d49332c575be1
db22f706222272b7502727b22662b222222b6222202f009b52244b246b222b22b05f7027002202722772b702761d220b2476229202202b927f90f206200bf22b207d17b222b12220bb02292bb022607202d107b22702b92bb20760b6209b072122202292b922700b226b20b246b22f2227222d079297b07202f72b22027075227502720b20
65343834313265613530333165656531326261623332313961363334393235626537313632656262613530323163353336343462356266376536333663316263
e48412ea5031eee12bab3219a634925be7162ebba5021c53644b5bf7e636c1bc
6436623762623232363232326264373237363237323232323262623732323636323737623732623237623236663262623737373236326632626232323264376236323237626237393232353732323532323230343230303230323230393032323239363130323231393032323232303232323232303232323034323530323230323230303032303230303230303232303032323932303230663232363232396232663237376239626662373262623737623739326262626632376632376237373736323262326237323736323239326664626262326239366232393232326462373735326236363232623537326262326437623237326464376637323262376232363732623732626266
62663439646337663636303465306666663263393730376538653638626231383534653662343335656337626263666432626661333462343538636138623161
bf49dc7f6604e0fff2c9707e8e68bb1854e6b435ec7bbcfd2bfa34b458ca8b1a
d6b7bb226222bd72762722222bb72266277b72b27b26f2bb777262f2bb222d7b6227bb7922572252220420020220902229610221902222022222022204250220220002020020022002292020f226229b2f277b9bfb72bb77b792bbbf27f27b777622b2b72762292fdbbb2b96b29222db7752b6622b572bb2d7b272dd7f722b7b2672b72bbf
34623639656433383262616565353937643333306531383863613661396163396536386135633137336632306333336433653639636131393564613836636261
4b69ed382baee597d330e188ca6a9ac9e68a5c173f20c33d3e69ca195da86cba
6462323266376236323232323736623735303237363762323236363262323232323232623632323232623266303039623532323434623237366232323262323262303566376232373030323262323732323737326237303237366464323230623237373632323932623232303262393237663930663237363230306266323262323037646437623232326264323232306262373232393262626632323630373237326431303762323237303262393262623230373662623632303962373732313232326232323932623932323730306232363662323062323736623232663232323732323264623739323937623737323032663732623232303237623735323237356232373230623266
61323566393335636434313863326330633833326631376233393361323661643636333661353932653864383531666537323639303132343362323134626635
a25f935cd418c2c0c832f17b393a26ad6636a592e8d851fe726901243b214bf5
db22f7b6222276b7502767b22662b222222b62222b2f009b52244b276b222b22b05f7b270022b2722772b70276dd220b27762292b2202b927f90f276200bf22b207dd7b222bd2220bb72292bbf22607272d107b22702b92bb2076bb6209b7721222b2292b922700b266b20b276b22f2227222db79297b77202f72b22027b752275b2720b2f
31373234316461353434383031303633313830633461396534373136623239663761313132376438623462386232343166303037626662336365643735623134
17241da544801063180c4a9e4716b29f7a1127d8b4b8b241f007bfb3ced75b14
6436623762623232363232326264373237363237323232323262623732323636323737623732623237623236663262623737373236326632626232323264376236323237626237393232353732323532323230343230303230323230393032323239363130323231393032323232303232323232373636323737323562363266363262666232373262623237623232373736323936623237303232323232393032303230303039303030303230303034303039323030303032303032303030303032323230323030323032323239323031303030323039363032393232323130343035323032323232303534323030323134303230323131303030323230303032323432303032303030
39346339623061643037336631323339623831336230646235383066306531333662633736323265326663613762653561356266626431343638303231643130
94c9b0ad073f1239b813b0db580f0e136bc7622e2fca7be5a5bfbd1468021d10
d6b7bb226222bd72762722222bb72266277b72b27b26f2bb777262f2bb222d7b6227bb792257225222042002022090222961022190222202222276627725b62f62bfb272bb27b22776296b27022222902020009000020004009200002002000002220200202229201000209602922210405202222054200214020211000220002242002000
62646438636631336637313261623035326264633262633962383438316130386430356132613338636139613030646264646639666439646138373632643263
bdd8cf13f712ab052bdc2bc9b8481a08d05a2a38ca9a00dbddf9fd9da8762d2c
6462323230303036323232323032623735373230323762323632323262323236323232623632323232303266303739303532323437303234366232323230323262303530303032373062323230323732363030326237303230323164323266303234373632363932303232303230393237663962303230363230663030323262326230313137623232323031323232373030303232393230303032323662303230326431623430323237303230393262623237303630623632623930303732313232323032323932303932323730373032323662323730323436623236303232323732323231303739323930303037323036303432623232623230303735323230353032373237303230
32336264323731306139343264613162396231313238613561343663353636373536623339363066343637376131333961393139633235303032363535636630
23bd2710a942da1b9b1128a5a46c566756b3960f4677a139a919c25002655cf0
db220006222202b7572027b26222b226222b6222202f0790522470246b222022b05000270b2202726002b702021d22f024762692022020927f9b020620f0022b2b0117b2220122270002292000226b0202d1b4022702092bb27060b62b9007212220229209227070226b270246b26022272221079290007206042b22b20075220502727020
30663565326631613661366539376231313331313838653936643063356330333336306366633762333862333136386138356565323236386339313937326330
0f5e2f1a6a6e97b1131188e96d0c5c03360cfc7b38b3168a85ee2268c91972c0
6436623762623232363232326264373237363237323232323262623732323636323737623732623237623236663262623737373236326632626232323264376236323237626237393232353732323532323230343230303230323230393032323239363130323231393032323232303232323232373636323737323562363266363262666232373262623237623232373736323936623237303232323232393032303230303039303030303230303034303039323030303032303032303030303032323230323030323032323239323031303030323039363032393232323130343035326236363232623537326262326437623237326464376637323262376232363732623732626266
35363638333361353130616639663962653539396337663061356264346162643934653631396662643766666264363664656235313063623834393362346432
566833a510af9f9be599c7f0a5bd4abd94e619fbd7ffbd66deb510cb8493b4d2
d6b7bb226222bd72762722222bb72266277b72b27b26f2bb777262f2bb222d7b6227bb792257225222042002022090222961022190222202222276627725b62f62bfb272bb27b22776296b270222229020200090000200040092000020020000022202002022292010002096029222104052b6622b572bb2d7b272dd7f722b7b2672b72bbf
61616130346230393533386635303137363039663264373736336639343539663638353362656636613562303738306139323238633436386139643237363933
aaa04b09538f5017609f2d7763f9459f6853bef6a5b0780a9228c468a9d27693
6462323230306236323232323036623735373230363762323632323262323236323232623632323232623266303739303532323437303237366232323230323262303530306232373062323262323732363030326237303230326464323266303237373632363932623232303230393237663962303237363230663030323262326230316437623232323064323232373030373232393230306632323662303237326431623430323237303230393262623237303662623632623930373732313232326232323932303932323730373032363662323730323736623236303232323732323231623739323930303737323036303432623232623230623735323230356232373237303266
33353235613931303438386662373566323861333936376630393333636137613939653866656530656261383563383030383338636633623066396638313939
3525a910488fb75f28a3967f0933ca7a99e8fee0eba85c800838cf3b0f9f8199
db2200b6222206b7572067b26222b226222b62222b2f0790522470276b222022b0500b270b22b2726002b70202dd22f027762692b22020927f9b027620f0022b2b01d7b2220d2227007229200f226b0272d1b4022702092bb2706bb62b907721222b229209227070266b270276b26022272221b79290077206042b22b20b752205b272702f
61373064303333353562343835346365326433373035343865353631333331313435313234383362613164343136363238663732316533663161666631353336
a70d03355b4854ce2d370548e56133114512483ba1d416628f721e3f1aff1536
6436623762623232363232326264373237363237323232323262623732323636323737623732623237623236663262623737373236326632626232323264376236323237626237393232353732323532323230343230303230323230393032323239363130323231393032323232303232323232373636323737323562363266363262666232373262623237623232373736323936623237303232323232393032303230303039303030303230303034303039323030303032303032303037373736323262326237323736323239326664626262326239366232393232326462373735323032323232303534323030323134303230323131303030323230303032323432303032303030
38356636623234383235313832636661636264393562303836393930346464613133333137623233616636636139303938356435306565313861353939373364
85f6b24825182cfacbd95b0869904dda13317b23af6ca90985d50ee18a59973d
d6b7bb226222bd72762722222bb72266277b72b27b26f2bb777262f2bb222d7b6227bb792257225222042002022090222961022190222202222276627725b62f62bfb272bb27b22776296b2702222290202000900002000400920000200200777622b2b72762292fdbbb2b96b29222db775202222054200214020211000220002242002000
33663337616461643631393837366533653462626363356235303262643636356137663036346364336461666435386234626338363964326432306561306266
3f37adad619876e3e4bbcc5b502bd665a7f064cd3dafd58b4bc869d2d20ea0bf
6462323230373036323232323732623735373237323762323632363262323236323232623632323232303266303739623532323437303234366232323262323262303530373032373062323230323732363037326237303230363164323266303234373632363932303232303230393237663962303230363230663066323262326230643137623232326231323232373062303232393230623032323662303230326431623462323237303230393262623237303630623632623962303732313232323032323932303932323730373032323662323730323436623236303232323732323264303739323930623037323036303732623232623237303735323230353032373237303230
61633764653139613538653439383634356632393061393766643862643237633735666236616265353134336461626165643361623538666161306263646165
ac7de19a58e498645f290a97fd8bd27c75fb6abe5143dabaed3ab58faa0bcdae
db220706222272b7572727b26262b226222b6222202f079b522470246b222b22b05070270b2202726072b702061d22f024762692022020927f9b020620f0f22b2b0d17b222b122270b022920b0226b0202d1b4b22702092bb27060b62b9b07212220229209227070226b270246b2602227222d079290b07206072b22b27075220502727020
33656634663437653830623063333132303663383436336434656131333834323834623131653664633936366331663137356163366265623163363830343362
3ef4f47e80b0c31206c8463d4ea1384284b11e6dc966c1f175ac6beb1c68043b
6436623762623232363232326264373237363237323232323262623732323636323737623732623237623236663262623737373236326632626232323264376236323237626237393232353732323532323230343230303230323230393032323239363130323231393032323232303232323232373636323737323562363266363262666232373262623237623232373736323936623237303232323232393032303230303039303030303230303034303039323030303032303032303037373736323262326237323736323239326664626262326239366232393232326462373735326236363232623537326262326437623237326464376637323262376232363732623732626266
63646135383964393034646634336230656433653334336138313862373063363237343338353030313863653566656237346438393737313137313432373431
cda589d904df43b0ed3e343a818b70c62743850018ce5feb74d8977117142741
d6b7bb226222bd72762722222bb72266277b72b27b26f2bb777262f2bb222d7b6227bb792257225222042002022090222961022190222202222276627725b62f62bfb272bb27b22776296b2702222290202000900002000400920000200200777622b2b72762292fdbbb2b96b29222db7752b6622b572bb2d7b272dd7f722b7b2672b72bbf
39346235383664613533623430323934376335303130616635613463636564643563656539643663633330643836383934333165363939393838663438643730
94b586da53b402947c5010af5a4ccedd5cee9d6cc30d8689431e699988f48d70
6462323230376236323232323736623735373237363762323632363262323236323232623632323232623266303739623532323437303237366232323262323262303530376232373062323262323732363037326237303230366464323266303237373632363932623232303230393237663962303237363230663066323262326230646437623232326264323232373062373232393230626632323662303237326431623462323237303230393262623237303662623632623962373732313232326232323932303932323730373032363662323730323736623236303232323732323264623739323930623737323036303732623232623237623735323230356232373237303266
35376566376164633636383565653036313734383965636333666235343565623531356332616436613834363639316461303562656462396531303335613737
57ef7adc6685ee0617489ecc3fb545eb515c2ad6a846691da05bedb9e1035a77
db2207b6222276b7572767b26262b226222b62222b2f079b522470276b222b22b0507b270b22b2726072b70206dd22f027762692b22020927f9b027620f0f22b2b0dd7b222bd22270b722920bf226b0272d1b4b22702092bb2706bb62b9b7721222b229209227070266b270276b2602227222db79290b77206072b22b27b752205b272702f
34363334343533653763386361653934323036653238393161643366626361373264343236643537316364366639633563646666656263323762633331383465
4634453e7c8cae94206e2891ad3fbca72d426d571cd6f9c5cdffebc27bc3184e
6436623762623232363232326264373237363237323232323262623732323636323737623732623237623236663262623737373236326632626232323264376236323237626237393232353732323532323230343230303230323230393032323239363130323231393032323232303232323232373636323737323562363266363262666232373262623237623232373736323936623237663232363232396232663237376239626662373262623737623739326262626632376632376230303032323230323030323032323239323031303030323039363032393232323130343035323032323232303534323030323134303230323131303030323230303032323432303032303030
32336531356234643166333461666336363231653061343165346438363863353463353664636162386165656264333862613463313561336130336430616263
23e15b4d1f34afc6621e0a41e4d868c54c56dcab8aeebd38ba4c15a3a03d0abc
d6b7bb226222bd72762722222bb72266277b72b27b26f2bb777262f2bb222d7b6227bb792257225222042002022090222961022190222202222276627725b62f62bfb272bb27b22776296b27f226229b2f277b9bfb72bb77b792bbbf27f27b0002220200202229201000209602922210405202222054200214020211000220002242002000
64653766333636623735633835393435356636343363356437306435326535316336373261393765626164613638346466373166343336396531653736313563
de7f366b75c859455f643c5d70d52e51c672a97ebada684df71f4369e1e7615c
6462323266303036323232323032623735373230323762323636323262323236323232623632323232303266303739303532323437623234366232323230323262303566303032373062323230323732363730326237303237323164323266623234373632363932303232303262393237663962663230363230666230323262326237313137623232323031323232376230303232393262303032323662373230326431623730323237303262393262623237373630623632623930303732313232323032323932623932323730376232323662323762323436623236663232323732323231303739323937303037323036663432623232623230303735323237353032373237623230
63643665633461643336316565386561613734396238343234346531646331636439613136313930643633356563313231636635623535316636306566316164
cd6ec4ad361ee8eaa749b84244e1dc1cd9a16190d635ec121cf5b551f60ef1ad
db22f006222202b7572027b26622b226222b6222202f079052247b246b222022b05f00270b2202726702b702721d22fb2476269202202b927f9bf20620fb022b2b7117b222012227b002292b00226b7202d1b7022702b92bb27760b62b90072122202292b922707b226b27b246b26f22272221079297007206f42b22b20075227502727b20
61333332653763643661663637343464313434613764386432616266656265646466333964613136363439636464383662336563393564396138323333316138
a332e7cd6af6744d144a7d8d2abfebeddf39da16649cdd86b3ec95d9a82331a8
6436623762623232363232326264373237363237323232323262623732323636323737623732623237623236663262623737373236326632626232323264376236323237626237393232353732323532323230343230303230323230393032323239363130323231393032323232303232323232373636323737323562363266363262666232373262623237623232373736323936623237663232363232396232663237376239626662373262623737623739326262626632376632376230303032323230323030323032323239323031303030323039363032393232323130343035326236363232623537326262326437623237326464376637323262376232363732623732626266
64376266663339363039343765383333623735336164303432373937353764313538366132393737336631613264616665393963313463653533313036646162
d7bff3960947e833b753ad04279757d1586a29773f1a2dafe99c14ce53106dab
d6b7bb226222bd72762722222bb72266277b72b27b26f2bb777262f2bb222d7b6227bb792257225222042002022090222961022190222202222276627725b62f62bfb272bb27b22776296b27f226229b2f277b9bfb72bb77b792bbbf27f27b00022202002022292010002096029222104052b6622b572bb2d7b272dd7f722b7b2672b72bbf
61613535626338373833313165623861363137623531613831326537383862633163626130383835623733333833666565326234353363623862343632346537
aa55bc878311eb8a617b51a812e788bc1cba0885b73383fee2b453cb8b4624e7
6462323266306236323232323036623735373230363762323636323262323236323232623632323232623266303739303532323437623237366232323230323262303566306232373062323262323732363730326237303237326464323266623237373632363932623232303262393237663962663237363230666230323262326237316437623232323064323232376230373232393262306632323662373237326431623730323237303262393262623237373662623632623930373732313232326232323932623932323730376232363662323762323736623236663232323732323231623739323937303737323036663432623232623230623735323237356232373237623266
35323730333033303736326533623331636137663337323764663538336433616161363230356366333034313336346362613236326238303630306130366535
52703030762e3b31ca7f3727df583d3aaa6205cf3041364cba262b80600a06e5
db22f0b6222206b7572067b26622b226222b62222b2f079052247b276b222022b05f0b270b22b2726702b70272dd22fb27762692b2202b927f9bf27620fb022b2b71d7b2220d2227b072292b0f226b7272d1b7022702b92bb2776bb62b907721222b2292b922707b266b27b276b26f22272221b79297077206f42b22b20b752275b2727b2f
30396366326138396238383433663937656464363163346166666330346565346531613038373266613737376664356437663338666662393936316338363037
09cf2a89b8843f97edd61c4affc04ee4e1a0872fa777fd5d7f38ffb9961c8607
6436623762623232363232326264373237363237323232323262623732323636323737623732623237623236663262623737373236326632626232323264376236323237626237393232353732323532323230343230303230323230393032323239363130323231393032323232303232323232373636323737323562363266363262666232373262623237623232373736323936623237663232363232396232663237376239626662373262623737623739326262626632376632376237373736323262326237323736323239326664626262326239366232393232326462373735323032323232303534323030323134303230323131303030323230303032323432303032303030
37663564646265383632623838313635333265353761323064666166336462633336623435626362613234323765343064306166303534373766343161336237
7f5ddbe862b8816532e57a20dfaf3dbc36b45bcba2427e40d0af05477f41a3b7
d6b7bb226222bd72762722222bb72266277b72b27b26f2bb777262f2bb222d7b6227bb792257225222042002022090222961022190222202222276627725b62f62bfb272bb27b22776296b27f226229b2f277b9bfb72bb77b792bbbf27f27b777622b2b72762292fdbbb2b96b29222db775202222054200214020211000220002242002000
62333833623439613061373139643864323032613033646662613139633438633639623066333530323232636665383731393632653164346461633336383935
b383b49a0a719d8d202a03dfba19c48c69b0f350222cfe871962e1d4dac36895
6462323266373036323232323732623735373237323762323636363262323236323232623632323232303266303739623532323437623234366232323262323262303566373032373062323230323732363737326237303237363164323266623234373632363932303232303262393237663962663230363230666266323262326237643137623232326231323232376262303232393262623032323662373230326431623762323237303262393262623237373630623632623962303732313232323032323932623932323730376232323662323762323436623236663232323732323264303739323937623037323036663732623232623237303735323237353032373237623230
64653964323437623138333333393166633834363536343863313562616436353136373739313437643931623031336630343163613962343764316563353434
de9d247b1833391fc8465648c15bad6516779147d91b013f041ca9b47d1ec544
db22f706222272b7572727b26662b226222b6222202f079b52247b246b222b22b05f70270b2202726772b702761d22fb2476269202202b927f9bf20620fbf22b2b7d17b222b12227bb02292bb0226b7202d1b7b22702b92bb27760b62b9b072122202292b922707b226b27b246b26f2227222d079297b07206f72b22b27075227502727b20
34363961346362313365383163333434326437383032323038383539373538626131353831623962393834393832323762383165613033303163306238396165
469a4cb13e81c3442d7802208859758ba1581b9b98498227b81ea0301c0b89ae
6436623762623232363232326264373237363237323232323262623732323636323737623732623237623236663262623737373236326632626232323264376236323237626237393232353732323532323230343230303230323230393032323239363130323231393032323232303232323232373636323737323562363266363262666232373262623237623232373736323936623237663232363232396232663237376239626662373262623737623739326262626632376632376237373736323262326237323736323239326664626262326239366232393232326462373735326236363232623537326262326437623237326464376637323262376232363732623732626266
38353361383437346462363232316131643932646634303565656561303264303161353661616666366266626139376635653237623635613633303934303831
853a8474db6221a1d92df405eeea02d01a56aaff6bfba97f5e27b65a63094081
d6b7bb226222bd72762722222bb72266277b72b27b26f2bb777262f2bb222d7b6227bb792257225222042002022090222961022190222202222276627725b62f62bfb272bb27b22776296b27f226229b2f277b9bfb72bb77b792bbbf27f27b777622b2b72762292fdbbb2b96b29222db7752b6622b572bb2d7b272dd7f722b7b2672b72bbf
62313163303465383432326333646362393532363363663834663631376232663935613365353031643962616164663530613033653564373339323635303532
b11c04e8422c3dcb95263cf84f617b2f95a3e501d9baadf50a03e5d739265052
6462323266376236323232323736623735373237363762323636363262323236323232623632323232623266303739623532323437623237366232323262323262303566376232373062323262323732363737326237303237366464323266623237373632363932623232303262393237663962663237363230666266323262326237646437623232326264323232376262373232393262626632323662373237326431623762323237303262393262623237373662623632623962373732313232326232323932623932323730376232363662323762323736623236663232323732323264623739323937623737323036663732623232623237623735323237356232373237623266
31313730356665616464653232383434373863323862633933663133313539363731613762383537323863656537373339633839346232643432386134653830
11705feadde2284478c28bc93f13159671a7b85728cee7739c894b2d428a4e80
db22f7b6222276b7572767b26662b226222b62222b2f079b52247b276b222b22b05f7b270b22b2726772b70276dd22fb27762692b2202b927f9bf27620fbf22b2b7dd7b222bd2227bb72292bbf226b7272d1b7b22702b92bb2776bb62b9b7721222b2292b922707b266b27b276b26f2227222db79297b77206f72b22b27b752275b2727b2f
35613666666537306539663536616336666133323230303738363465363133663839393531613664643332336366626561383837326537306137323463353532
5a6ffe70e9f56ac6fa322007864e613f89951a6dd323cfbea8872e70a724c552
6436623762623232363232326264373237363237323232323262623732323636323737623732623237623236663262623737373236326632626232323264376236323237626237393232353732323536323237373662623262323237396236323239366462363664396236323232623632323232303232323034323530323230323230303032303230303230303232303032323932303230303232323232393032303230303039303030303230303034303039323030303032303032303030303032323230323030323032323239323031303030323039363032393232323130343035323032323232303534323030323134303230323131303030323230303032323432303032303030
38333033663437396564663836653734346234333739353065343832363462343732353662373235623333636338343638333035313162393539313331663734
8303f479edf86e744b437950e48264b47256b725b33cc846830511b959131f74
d6b7bb226222bd72762722222bb72266277b72b27b26f2bb777262f2bb222d7b6227bb792257225622776bb2b2279b62296db66d9b6222b62222022204250220220002020020022002292020022222902020009000020004009200002002000002220200202229201000209602922210405202222054200214020211000220002242002000
35316166323636313762646636636431353838396163623934613738343839356536303135636265616362623232386461373939396431636465383765323134
51af26617bdf6cd15889acb94a784895e6015cbeacbb228da7999d1cde87e214
6462323230303036323232323032623735303230323762363232323262323232323232623632323232303266373039303532323734303234366236323230323262623530303032376230323230323732323030326237623230323164323230303234373632323932303232373230393237663930303230363262303030323262363030313137623232323031323232303030303232393230303032323630303230326464303430323237623230393262623630303630623636303930303732643232323032323932303932323762303032323662363030323436623232303232323732323231303739323930303037326232303432623236303230303735323230353032373230303230
33623761306434363130663835366266336230356638396232616433393535646632323230653936613361353738323437333131633565356630653931323663
3b7a0d4610f856bf3b05f89b2ad3955df2220e96a3a578247311c5e5f0e9126c
db220006222202b7502027b62222b222222b6222202f7090522740246b622022bb500027b02202722002b7b2021d220024762292022720927f9002062b00022b600117b222012220000229200022600202dd040227b2092bb60060b66090072d2220229209227b00226b600246b220222722210792900072b2042b26020075220502720020
37396461653239303862333530373561323565616130363763663864363263343233323136303431613431393561613339393133313931323730326537373661
79dae2908b35075a25eaa067cf8d62c423216041a4195aa399131912702e776a
6436623762623232363232326264373237363237323232323262623732323636323737623732623237623236663262623737373236326632626232323264376236323237626237393232353732323536323237373662623262323237396236323239366462363664396236323232623632323232303232323034323530323230323230303032303230303230303232303032323932303230303232323232393032303230303039303030303230303034303039323030303032303032303030303032323230323030323032323239323031303030323039363032393232323130343035326236363232623537326262326437623237326464376637323262376232363732623732626266
33636634663334636235346530613665636135343662653262366334363330643138346136356435343565626635393236306236373436653939333433363962
3cf4f34cb54e0a6eca546be2b6c4630d184a65d545ebf59260b6746e9934369b
d6b7bb226222bd72762722222bb72266277b72b27b26f2bb777262f2bb222d7b6227bb792257225622776bb2b2279b62296db66d9b6222b622220222042502202200020200200220022920200222229020200090000200040092000020020000022202002022292010002096029222104052b6622b572bb2d7b272dd7f722b7b2672b72bbf
62623761343061343063336365353936666461336561656337336233646235636433643837616461373536656664306537306364653230336466376233613962
bb7a40a40c3ce596fda3eaec73b3db5cd3d87ada756efd0e70cde203df7b3a9b
6462323230306236323232323036623735303230363762363232323262323232323232623632323232623266373039303532323734303237366236323230323262623530306232376230323262323732323030326237623230326464323230303237373632323932623232373230393237663930303237363262303030323262363030316437623232323064323232303030373232393230306632323630303237326464303430323237623230393262623630303662623636303930373732643232326232323932303932323762303032363662363030323736623232303232323732323231623739323930303737326232303432623236303230623735323230356232373230303266
61616238393633626639313961643532613364376138633161373735356266616638326433373766646639366638623932333564326562346361363638643739
aab8963bf919ad52a3d7a8c1a7755bfaf82d377fdf96f8b9235d2eb4ca668d79
db2200b6222206b7502067b62222b222222b62222b2f7090522740276b622022bb500b27b022b2722002b7b202dd220027762292b22720927f9002762b00022b6001d7b2220d2220007229200f22600272dd040227b2092bb6006bb66090772d222b229209227b00266b600276b22022272221b792900772b2042b26020b752205b272002f
35353135616366353664666465326166383730386135336638656636643264646437313036323130313766623164336164636133303830653064643064636264
5515acf56dfde2af8708a53f8ef6d2ddd710621017fb1d3adca3080e0dd0dcbd
6436623762623232363232326264373237363237323232323262623732323636323737623732623237623236663262623737373236326632626232323264376236323237626237393232353732323536323237373662623262323237396236323239366462363664396236323232623632323232303232323034323530323230323230303032303230303230303232303032323932303230303232323232393032303230303039303030303230303034303039323030303032303032303037373736323262326237323736323239326664626262326239366232393232326462373735323032323232303534323030323134303230323131303030323230303032323432303032303030
32643837396366623937306264636235623362666665646331323634393963396430306531393737333433383461633663323238346432316565653134383634
2d879cfb970bdcb5b3bffedc126499c9d00e197734384ac6c2284d21eee14864
d6b7bb226222bd72762722222bb72266277b72b27b26f2bb777262f2bb222d7b6227bb792257225622776bb2b2279b62296db66d9b6222b6222202220425022022000202002002200229202002222290202000900002000400920000200200777622b2b72762292fdbbb2b96b29222db775202222054200214020211000220002242002000
36326233306365646461646464303663626531666434616535626264353065633962336262653538653464343731323837613262313931366639376364636661
62b30ceddaddd06cbe1fd4ae5bbd50ec9b3bbe58e4d471287a2b1916f97cdcfa
6462323230373036323232323732623735303237323762363232363262323232323232623632323232303266373039623532323734303234366236323262323262623530373032376230323230323732323037326237623230363164323230303234373632323932303232373230393237663930303230363262303066323262363030643137623232326231323232303062303232393230623032323630303230326464303462323237623230393262623630303630623636303962303732643232323032323932303932323762303032323662363030323436623232303232323732323264303739323930623037326232303732623236303237303735323230353032373230303230
34616532346564323338343432653534346632656364663566613734326466643162623161623537306563393263396665326338353738323163383233323734
4ae24ed238442e544f2ecdf5fa742dfd1bb1ab570ec92c9fe2c857821c823274
db220706222272b7502727b62262b222222b6222202f709b522740246b622b22bb507027b02202722072b7b2061d220024762292022720927f9002062b00f22b600d17b222b122200b022920b022600202dd04b227b2092bb60060b6609b072d2220229209227b00226b600246b2202227222d079290b072b2072b26027075220502720020
35376230393861393862373336363235613964343831643164633533663266656132383664383439373965353365383331366238373964386137656333643465
57b098a98b736625a9d481d1dc53f2fea286d84979e53e8316b879d8a7ec3d4e
6436623762623232363232326264373237363237323232323262623732323636323737623732623237623236663262623737373236326632626232323264376236323237626237393232353732323536323237373662623262323237396236323239366462363664396236323232623632323232303232323034323530323230323230303032303230303230303232303032323932303230303232323232393032303230303039303030303230303034303039323030303032303032303037373736323262326237323736323239326664626262326239366232393232326462373735326236363232623537326262326437623237326464376637323262376232363732623732626266
65383264663035366563346432623064636565633365666131336339383732613664393931373764666161316234633538386434656239376439626638346564
e82df056ec4d2b0dceec3efa13c9872a6d99177dfaa1b4c588d4eb97d9bf84ed
d6b7bb226222bd72762722222bb72266277b72b27b26f2bb777262f2bb222d7b6227bb792257225622776bb2b2279b62296db66d9b6222b6222202220425022022000202002002200229202002222290202000900002000400920000200200777622b2b72762292fdbbb2b96b29222db7752b6622b572bb2d7b272dd7f722b7b2672b72bbf
64316131303433353236393534323335383536383330633065646565383336626134376366356236303061656135633736363564333062646364303232353732
d1a1043526954235856830c0edee836ba47cf5b600aea5c7665d30bdcd022572
6462323230376236323232323736623735303237363762363232363262323232323232623632323232623266373039623532323734303237366236323262323262623530376232376230323262323732323037326237623230366464323230303237373632323932623232373230393237663930303237363262303066323262363030646437623232326264323232303062373232393230626632323630303237326464303462323237623230393262623630303662623636303962373732643232326232323932303932323762303032363662363030323736623232303232323732323264623739323930623737326232303732623236303237623735323230356232373230303266
36383632356232386261326266343437313134653038623435656335326636333232373666373066656562623630653338333462653862376165623038343166
68625b28ba2bf447114e08b45ec52f632276f70feebb60e3834be8b7aeb0841f
db2207b6222276b7502767b62262b222222b62222b2f709b522740276b622b22bb507b27b022b2722072b7b206dd220027762292b22720927f9002762b00f22b600dd7b222bd22200b722920bf22600272dd04b227b2092bb6006bb6609b772d222b229209227b00266b600276b2202227222db79290b772b2072b26027b752205b272002f
30623733343337663139616562326136353339323661393333356533366165653338636162623661616531643037653638333964353635323536303635343564
0b73437f19aeb2a653926a9335e36aee38cabb6aae1d07e6839d56525606545d
6436623762623232363232326264373237363237323232323262623732323636323737623732623237623236663262623737373236326632626232323264376236323237626237393232353732323536323237373662623262323237396236323239366462363664396236323232623632323232303232323034323530323230323230303032303230303230303232303032323932303230663232363232396232663237376239626662373262623737623739326262626632376632376230303032323230323030323032323239323031303030323039363032393232323130343035323032323232303534323030323134303230323131303030323230303032323432303032303030
62356133666665373331316363633531656166613466643161303338623533383335316133623636343363393633343162383165346661663035326434623338
b5a3ffe7311ccc51eafa4fd1a038b538351a3b6643c96341b81e4faf052d4b38
d6b7bb226222bd72762722222bb72266277b72b27b26f2bb777262f2bb222d7b6227bb792257225622776bb2b2279b62296db66d9b6222b62222022204250220220002020020022002292020f226229b2f277b9bfb72bb77b792bbbf27f27b0002220200202229201000209602922210405202222054200214020211000220002242002000
34623863346532373334363738656665386564303433663864373730633231663734373932326235333766326335643737656464613034633939326163316335
4b8c4e2734678efe8ed043f8d770c21f747922b537f2c5d77edda04c992ac1c5
6462323266303036323232323032623735303230323762363236323262323232323232623632323232303266373039303532323734623234366236323230323262623566303032376230323230323732323730326237623237323164323230623234373632323932303232373262393237663930663230363262306230323262363037313137623232323031323232306230303232393262303032323630373230326464303730323237623262393262623630373630623636303930303732643232323032323932623932323762306232323662363062323436623232663232323732323231303739323937303037326232663432623236303230303735323237353032373230623230
31623763393365306131393338666462306464363861313934623061636563353738376436643633666633636139353461303663376231646530646530643933
1b7c93e0a1938fdb0dd68a194b0acec5787d6d63ff3ca954a06c7b1de0de0d93
db22f006222202b7502027b62622b222222b6222202f709052274b246b622022bb5f0027b02202722702b7b2721d220b2476229202272b927f90f2062b0b022b607117b222012220b002292b0022607202dd070227b2b92bb60760b66090072d22202292b9227b0b226b60b246b22f222722210792970072b2f42b26020075227502720b20
65636639376561653865663265346533663731313333616539303064616332383865643630663961626464653061616233326662653537356266636361316134
ecf97eae8ef2e4e3f71133ae900dac288ed60f9abdde0aab32fbe575bfcca1a4
6436623762623232363232326264373237363237323232323262623732323636323737623732623237623236663262623737373236326632626232323264376236323237626237393232353732323536323237373662623262323237396236323239366462363664396236323232623632323232303232323034323530323230323230303032303230303230303232303032323932303230663232363232396232663237376239626662373262623737623739326262626632376632376230303032323230323030323032323239323031303030323039363032393232323130343035326236363232623537326262326437623237326464376637323262376232363732623732626266
33633537336439663137373631393634386132363234356162663766393635363933303134656530313662633333666561356236613265303063613837636665
3c573d9f177619648a26245abf7f965693014ee016bc33fea5b6a2e00ca87cfe
d6b7bb226222bd72762722222bb72266277b72b27b26f2bb777262f2bb222d7b6227bb792257225622776bb2b2279b62296db66d9b6222b62222022204250220220002020020022002292020f226229b2f277b9bfb72bb77b792bbbf27f27b00022202002022292010002096029222104052b6622b572bb2d7b272dd7f722b7b2672b72bbf
63323365316338386661323837636335383236353561336162373538353363613436333666313666323563656139616263653338636236303839636139336139
c23e1c88fa287cc582655a3ab75853ca4636f16f25cea9abce38cb6089ca93a9
6462323266306236323232323036623735303230363762363236323262323232323232623632323232623266373039303532323734623237366236323230323262623566306232376230323262323732323730326237623237326464323230623237373632323932623232373262393237663930663237363262306230323262363037316437623232323064323232306230373232393262306632323630373237326464303730323237623262393262623630373662623636303930373732643232326232323932623932323762306232363662363062323736623232663232323732323231623739323937303737326232663432623236303230623735323237356232373230623266
37323061323834323164356665366331363565643463653832346261303264303431316662666164616261323939316664323562393532316433643637313062
720a28421d5fe6c165ed4ce824ba02d0411fbfadaba2991fd25b9521d3d6710b
db22f0b6222206b7502067b62622b222222b62222b2f709052274b276b622022bb5f0b27b022b2722702b7b272dd220b27762292b2272b927f90f2762b0b022b6071d7b2220d2220b072292b0f22607272dd070227b2b92bb6076bb66090772d222b2292b9227b0b266b60b276b22f22272221b792970772b2f42b26020b752275b2720b2f
36383565643832366532646165626133646430616232656463623566303464363637343465656233393335343562343064373639353862303162323563613830
685ed826e2daeba3dd0ab2edcb5f04d66744eeb393545b40d76958b01b25ca80
6436623762623232363232326264373237363237323232323262623732323636323737623732623237623236663262623737373236326632626232323264376236323237626237393232353732323536323237373662623262323237396236323239366462363664396236323232623632323232303232323034323530323230323230303032303230303230303232303032323932303230663232363232396232663237376239626662373262623737623739326262626632376632376237373736323262326237323736323239326664626262326239366232393232326462373735323032323232303534323030323134303230323131303030323230303032323432303032303030
61646533656264396538666533656665616461643762303263396336393062323264326564653632323839383232333032616336303761366263386437626162
ade3ebd9e8fe3efeadad7b02c9c690b22d2ede62289822302ac607a6bc8d7bab
d6b7bb226222bd72762722222bb72266277b72b27b26f2bb777262f2bb222d7b6227bb792257225622776bb2b2279b62296db66d9b6222b62222022204250220220002020020022002292020f226229b2f277b9bfb72bb77b792bbbf27f27b777622b2b72762292fdbbb2b96b29222db775202222054200214020211000220002242002000
30343838316633343363366164326236353466393138333736323834393666363662666566626163353130396531393537386332616232306538393732356232
04881f343c6ad2b654f91837628496f66bfefbac5109e19578c2ab20e89725b2
6462323266373036323232323732623735303237323762363236363262323232323232623632323232303266373039623532323734623234366236323262323262623566373032376230323230323732323737326237623237363164323230623234373632323932303232373262393237663930663230363262306266323262363037643137623232326231323232306262303232393262623032323630373230326464303762323237623262393262623630373630623636303962303732643232323032323932623932323762306232323662363062323436623232663232323732323264303739323937623037326232663732623236303237303735323237353032373230623230
39376665386536373565323864393564616338626334636332636665353065353261656565396436343535663432633763366166623566366336656461363063
97fe8e675e28d95dac8bc4cc2cfe50e52aeee9d6455f42c7c6afb5f6c6eda60c
db22f706222272b7502727b62662b222222b6222202f709b52274b246b622b22bb5f7027b02202722772b7b2761d220b2476229202272b927f90f2062b0bf22b607d17b222b12220bb02292bb022607202dd07b227b2b92bb60760b6609b072d22202292b9227b0b226b60b246b22f2227222d079297b072b2f72b26027075227502720b20
36633565636138633539303162653633393139653961636664656665666262653665613561343732333531393763653761653565393461313338663633356162
6c5eca8c5901be63919e9acfdefefbbe6ea5a47235197ce7ae5e94a138f635ab
6436623762623232363232326264373237363237323232323262623732323636323737623732623237623236663262623737373236326632626232323264376236323237626237393232353732323536323237373662623262323237396236323239366462363664396236323232623632323232303232323034323530323230323230303032303230303230303232303032323932303230663232363232396232663237376239626662373262623737623739326262626632376632376237373736323262326237323736323239326664626262326239366232393232326462373735326236363232623537326262326437623237326464376637323262376232363732623732626266
32656338373532326632326332633438373930363733623465383166313637653638346639616534636239393162623938343430346161383030336636383065
2ec87522f22c2c48790673b4e81f167e684f9ae4cb991bb984404aa8003f680e
d6b7bb226222bd72762722222bb72266277b72b27b26f2bb777262f2bb222d7b6227bb792257225622776bb2b2279b62296db66d9b6222b62222022204250220220002020020022002292020f226229b2f277b9bfb72bb77b792bbbf27f27b777622b2b72762292fdbbb2b96b29222db7752b6622b572bb2d7b272dd7f722b7b2672b72bbf
63366634393739396234303235666339316661626438353132313933306238616565646337626534333737366433323935373337393365313931393834633034
c6f49799b4025fc91fabd85121930b8aeedc7be43776d329573793e191984c04
6462323266376236323232323736623735303237363762363236363262323232323232623632323232623266373039623532323734623237366236323262323262623566376232376230323262323732323737326237623237366464323230623237373632323932623232373262393237663930663237363262306266323262363037646437623232326264323232306262373232393262626632323630373237326464303762323237623262393262623630373662623636303962373732643232326232323932623932323762306232363662363062323736623232663232323732323264623739323937623737326232663732623236303237623735323237356232373230623266
31623364343964326563343037653639306438336264356238306536383162363834396233616638393933633962613034313137346461366366636239366438
1b3d49d2ec407e690d83bd5b80e681b6849b3af8993c9ba041174da6cfcb96d8
db22f7b6222276b7502767b62662b222222b62222b2f709b52274b276b622b22bb5f7b27b022b2722772b7b276dd220b27762292b2272b927f90f2762b0bf22b607dd7b222bd2220bb72292bbf22607272dd07b227b2b92bb6076bb6609b772d222b2292b9227b0b266b60b276b22f2227222db79297b772b2f72b26027b752275b2720b2f
30636635316135383262636165336638383730356337653238333364626430623565613434333761616366383963303033326162326335386565613638663532
0cf51a582bcae3f88705c7e2833dbd0b5ea4437aacf89c0032ab2c58eea68f52
6436623762623232363232326264373237363237323232323262623732323636323737623732623237623236663262623737373236326632626232323264376236323237626237393232353732323536323237373662623262323237396236323239366462363664396236323232623632323232373636323737323562363266363262666232373262623237623232373736323936623237303232323232393032303230303039303030303230303034303039323030303032303032303030303032323230323030323032323239323031303030323039363032393232323130343035323032323232303534323030323134303230323131303030323230303032323432303032303030
36626530653062353436373361383334643964306664646436616530323831316535313635373663386137363762613864616332376462626562303663316439
6be0e0b54673a834d9d0fddd6ae02811e516576c8a767ba8dac27dbbeb06c1d9
d6b7bb226222bd72762722222bb72266277b72b27b26f2bb777262f2bb222d7b6227bb792257225622776bb2b2279b62296db66d9b6222b6222276627725b62f62bfb272bb27b22776296b27022222902020009000020004009200002002000002220200202229201000209602922210405202222054200214020211000220002242002000
31626437636566666433323636633135323338663831356164326262303739633230396132303138356366656662633564323039653263343566613764663366
1bd7ceffd3266c15238f815ad2bb079c209a20185cfefbc5d209e2c45fa7df3f
6462323230303036323232323032623735373230323762363632323262323236323232623632323232303266373739303532323737303234366236323230323262623530303032376262323230323732363030326237623230323164323266303234373632363932303232373230393237663962303230363262663030323262366230313137623232323031323232373030303232393230303032323662303230326464623430323237623230393262623637303630623636623930303732643232323032323932303932323762373032323662363730323436623236303232323732323231303739323930303037326236303432623236623230303735323230353032373237303230
38326636663363353236333562666366653866323031663463643636353037366166663536386131646535343963653563343136643363346263363435366664
82f6f3c52635bfcfe8f201f4cd665076aff568a1de549ce5c416d3c4bc6456fd
db220006222202b7572027b66222b226222b6222202f7790522770246b622022bb500027bb2202726002b7b2021d22f024762692022720927f9b02062bf0022b6b0117b2220122270002292000226b0202ddb40227b2092bb67060b66b90072d2220229209227b70226b670246b260222722210792900072b6042b26b20075220502727020
31656266303464316463663635306633643262653839336139646130373532643734656165616135633365313566616563323332323039633961313363343835
1ebf04d1dcf650f3d2be893a9da0752d74eaeaa5c3e15faec232209c9a13c485
6436623762623232363232326264373237363237323232323262623732323636323737623732623237623236663262623737373236326632626232323264376236323237626237393232353732323536323237373662623262323237396236323239366462363664396236323232623632323232373636323737323562363266363262666232373262623237623232373736323936623237303232323232393032303230303039303030303230303034303039323030303032303032303030303032323230323030323032323239323031303030323039363032393232323130343035326236363232623537326262326437623237326464376637323262376232363732623732626266
30353533346165393737653031643065386261386430366334346431383933363865636462343364653165363563653036376630363430343661333061353962
05534ae977e01d0e8ba8d06c44d189368ecdb43de1e65ce067f064046a30a59b
d6b7bb226222bd72762722222bb72266277b72b27b26f2bb777262f2bb222d7b6227bb792257225622776bb2b2279b62296db66d9b6222b6222276627725b62f62bfb272bb27b22776296b270222229020200090000200040092000020020000022202002022292010002096029222104052b6622b572bb2d7b272dd7f722b7b2672b72bbf
36336637633761393835313066313033396663353836326466326666653164373830356561636135666466326233656336643136383637643862373163376331
63f7c7a98510f1039fc5862df2ffe1d7805eaca5fdf2b3ec6d16867d8b71c7c1
6462323230306236323232323036623735373230363762363632323262323236323232623632323232623266373739303532323737303237366236323230323262623530306232376262323262323732363030326237623230326464323266303237373632363932623232373230393237663962303237363262663030323262366230316437623232323064323232373030373232393230306632323662303237326464623430323237623230393262623637303662623636623930373732643232326232323932303932323762373032363662363730323736623236303232323732323231623739323930303737326236303432623236623230623735323230356232373237303266
39623664393763353837383562383162353065363737663062616535326261303634386531386563643364373961333162666435613863646561306630303632
9b6d97c58785b81b50e677f0bae52ba0648e18ecd3d79a31bfd5a8cdea0f0062
db2200b6222206b7572067b66222b226222b62222b2f7790522770276b622022bb500b27bb22b2726002b7b202dd22f027762692b22720927f9b02762bf0022b6b01d7b2220d2227007229200f226b0272ddb40227b2092bb6706bb66b90772d222b229209227b70266b670276b26022272221b792900772b6042b26b20b752205b272702f
32376337333939633866326533613532323766373839383531343163333961313565383332363633346565303833613531326136363139663430386132376132
27c7399c8f2e3a5227f78985141c39a15e8326634ee083a512a6619f408a27a2
6436623762623232363232326264373237363237323232323262623732323636323737623732623237623236663262623737373236326632626232323264376236323237626237393232353732323536323237373662623262323237396236323239366462363664396236323232623632323232373636323737323562363266363262666232373262623237623232373736323936623237303232323232393032303230303039303030303230303034303039323030303032303032303037373736323262326237323736323239326664626262326239366232393232326462373735323032323232303534323030323134303230323131303030323230303032323432303032303030
66623939346239313939653162623631356130613133353533393166306430386364653739333961396633633065306465303261663263623064336562363431
fb994b9199e1bb615a0a1355391f0d08cde7939a9f3c0e0de02af2cb0d3eb641
d6b7bb226222bd72762722222bb72266277b72b27b26f2bb777262f2bb222d7b6227bb792257225622776bb2b2279b62296db66d9b6222b6222276627725b62f62bfb272bb27b22776296b2702222290202000900002000400920000200200777622b2b72762292fdbbb2b96b29222db775202222054200214020211000220002242002000
62323064376538646161383837363066666634323965393535333534376536623434653930353163333632393637643362346132306463323336616264643461
b20d7e8daa88760fff429e9553547e6b44e9051c362967d3b4a20dc236abdd4a
6462323230373036323232323732623735373237323762363632363262323236323232623632323232303266373739623532323737303234366236323262323262623530373032376262323230323732363037326237623230363164323266303234373632363932303232373230393237663962303230363262663066323262366230643137623232326231323232373062303232393230623032323662303230326464623462323237623230393262623637303630623636623962303732643232323032323932303932323762373032323662363730323436623236303232323732323264303739323930623037326236303732623236623237303735323230353032373237303230
34643838346666363562366665386130333431333033613762396532353962366461323132663563306237353930383635626337373566303461346236316439
4d884ff65b6fe8a0341303a7b9e259b6da212f5c0b7590865bc775f04a4b61d9
db220706222272b7572727b66262b226222b6222202f779b522770246b622b22bb507027bb2202726072b7b2061d22f024762692022720927f9b02062bf0f22b6b0d17b222b122270b022920b0226b0202ddb4b227b2092bb67060b66b9b072d2220229209227b70226b670246b2602227222d079290b072b6072b26b27075220502727020
61613065303732393439666438343937356366393233383438383563393037316563313663663565663064663831623566643633656431363162623664623639
aa0e072949fd84975cf92384885c9071ec16cf5ef0df81b5fd63ed161bb6db69
6436623762623232363232326264373237363237323232323262623732323636323737623732623237623236663262623737373236326632626232323264376236323237626237393232353732323536323237373662623262323237396236323239366462363664396236323232623632323232373636323737323562363266363262666232373262623237623232373736323936623237303232323232393032303230303039303030303230303034303039323030303032303032303037373736323262326237323736323239326664626262326239366232393232326462373735326236363232623537326262326437623237326464376637323262376232363732623732626266
61636437653164393331313136663032623235303662336538343039303635336136313166383135363661303461336262366236636339393066306332613437
acd7e1d931116f02b2506b3e84090653a611f81566a04a3bb6b6cc990f0c2a47
d6b7bb226222bd72762722222bb72266277b72b27b26f2bb777262f2bb222d7b6227bb792257225622776bb2b2279b62296db66d9b6222b6222276627725b62f62bfb272bb27b22776296b2702222290202000900002000400920000200200777622b2b72762292fdbbb2b96b29222db7752b6622b572bb2d7b272dd7f722b7b2672b72bbf
33353038383136616664646563623034396139616435396263666237346265323565656130323938386239336537633535366534313161336132373139353165
3508816afddecb049a9ad59bcfb74be25eea02988b93e7c556e411a3a271951e
6462323230376236323232323736623735373237363762363632363262323236323232623632323232623266373739623532323737303237366236323262323262623530376232376262323262323732363037326237623230366464323266303237373632363932623232373230393237663962303237363262663066323262366230646437623232326264323232373062373232393230626632323662303237326464623462323237623230393262623637303662623636623962373732643232326232323932303932323762373032363662363730323736623236303232323732323264623739323930623737326236303732623236623237623735323230356232373237303266
33303139393536376330636638656465626336383064323539663864306439363136356230393530373336373132616538333364333463356363333939653939
30199567c0cf8edebc680d259f8d0d96165b0950736712ae833d34c5cc399e99
db2207b6222276b7572767b66262b226222b62222b2f779b522770276b622b22bb507b27bb22b2726072b7b206dd22f027762692b22720927f9b02762bf0f22b6b0dd7b222bd22270b722920bf226b0272ddb4b227b2092bb6706bb66b9b772d222b229209227b70266b670276b2602227222db79290b772b6072b26b27b752205b272702f
35396339633537333362336537646663386435316262306335386262343563333863643232396233383530616264393532656162656232376634326139613339
59c9c5733b3e7dfc8d51bb0c58bb45c38cd229b3850abd952eabeb27f42a9a39
6436623762623232363232326264373237363237323232323262623732323636323737623732623237623236663262623737373236326632626232323264376236323237626237393232353732323536323237373662623262323237396236323239366462363664396236323232623632323232373636323737323562363266363262666232373262623237623232373736323936623237663232363232396232663237376239626662373262623737623739326262626632376632376230303032323230323030323032323239323031303030323039363032393232323130343035323032323232303534323030323134303230323131303030323230303032323432303032303030
31353761346637323732656164363839643561306563323332313561613931373538633839613563356564343038386633336366356364636238656464666362
157a4f7272ead689d5a0ec23215aa91758c89a5c5ed4088f33cf5cdcb8eddfcb
d6b7bb226222bd72762722222bb72266277b72b27b26f2bb777262f2bb222d7b6227bb792257225622776bb2b2279b62296db66d9b6222b6222276627725b62f62bfb272bb27b22776296b27f226229b2f277b9bfb72bb77b792bbbf27f27b0002220200202229201000209602922210405202222054200214020211000220002242002000
33646439623636343932356564356237313430363931313935346332626233386462653762313462313363396135633162626232616134376562353262666562
3dd9b664925ed5b71406911954c2bb38dbe7b14b13c9a5c1bbb2aa47eb52bfeb
6462323266303036323232323032623735373230323762363636323262323236323232623632323232303266373739303532323737623234366236323230323262623566303032376262323230323732363730326237623237323164323266623234373632363932303232373262393237663962663230363262666230323262366237313137623232323031323232376230303232393262303032323662373230326464623730323237623262393262623637373630623636623930303732643232323032323932623932323762376232323662363762323436623236663232323732323231303739323937303037326236663432623236623230303735323237353032373237623230
64646134623139303435373935393234656437393861343163643535633936356563393633386462626239343330633034633161333032306563393233633166
dda4b19045795924ed798a41cd55c965ec9638dbbb9430c04c1a3020ec923c1f
db22f006222202b7572027b66622b226222b6222202f779052277b246b622022bb5f0027bb2202726702b7b2721d22fb2476269202272b927f9bf2062bfb022b6b7117b222012227b002292b00226b7202ddb70227b2b92bb67760b66b90072d22202292b9227b7b226b67b246b26f222722210792970072b6f42b26b20075227502727b20
35626537613763613362363031653436363666656263346333626666393561636665383165343864633433313261306636616638306363653534333564326132
5be7a7ca3b601e4666febc4c3bff95acfe81e48dc4312a0f6af80cce5435d2a2
6436623762623232363232326264373237363237323232323262623732323636323737623732623237623236663262623737373236326632626232323264376236323237626237393232353732323536323237373662623262323237396236323239366462363664396236323232623632323232373636323737323562363266363262666232373262623237623232373736323936623237663232363232396232663237376239626662373262623737623739326262626632376632376230303032323230323030323032323239323031303030323039363032393232323130343035326236363232623537326262326437623237326464376637323262376232363732623732626266
62303839333339376438346666383762663631656432323835343036353135656131363237326434346130613035346134633765653235383931366339636235
b0893397d84ff87bf61ed2285406515ea16272d44a0a054a4c7ee258916c9cb5
d6b7bb226222bd72762722222bb72266277b72b27b26f2bb777262f2bb222d7b6227bb792257225622776bb2b2279b62296db66d9b6222b6222276627725b62f62bfb272bb27b22776296b27f226229b2f277b9bfb72bb77b792bbbf27f27b00022202002022292010002096029222104052b6622b572bb2d7b272dd7f722b7b2672b72bbf
63306237616663306433326230663138623963626533613564663431313037393939316537623832633466613131616231643764306432383262316462373834
c0b7afc0d32b0f18b9cbe3a5df411079991e7b82c4fa11ab1d7d0d282b1db784
6462323266306236323232323036623735373230363762363636323262323236323232623632323232623266373739303532323737623237366236323230323262623566306232376262323262323732363730326237623237326464323266623237373632363932623232373262393237663962663237363262666230323262366237316437623232323064323232376230373232393262306632323662373237326464623730323237623262393262623637373662623636623930373732643232326232323932623932323762376232363662363762323736623236663232323732323231623739323937303737326236663432623236623230623735323237356232373237623266
31656263346435623637383162653030303563656230653465613735616636323562383734313535363533363265373063306166393564346661653932653862
1ebc4d5b6781be0005ceb0e4ea75af625b87415565362e70c0af95d4fae92e8b
db22f0b6222206b7572067b66622b226222b62222b2f779052277b276b622022bb5f0b27bb22b2726702b7b272dd22fb27762692b2272b927f9bf2762bfb022b6b71d7b2220d2227b072292b0f226b7272ddb70227b2b92bb6776bb66b90772d222b2292b9227b7b266b67b276b26f22272221b792970772b6f42b26b20b752275b2727b2f
66306662663730383336356531633030623162383135356637326330376135346666633766646262653461326234316635623930333931373634313837366364
f0fbf708365e1c00b1b8155f72c07a54ffc7fdbbe4a2b41f5b903917641876cd
6436623762623232363232326264373237363237323232323262623732323636323737623732623237623236663262623737373236326632626232323264376236323237626237393232353732323536323237373662623262323237396236323239366462363664396236323232623632323232373636323737323562363266363262666232373262623237623232373736323936623237663232363232396232663237376239626662373262623737623739326262626632376632376237373736323262326237323736323239326664626262326239366232393232326462373735323032323232303534323030323134303230323131303030323230303032323432303032303030
36653038363836363933396665623862326164633436343031386136333933363465353034376164313930303961373561393162303630353233333534386131
6e086866939feb8b2adc464018a639364e5047ad19009a75a91b0605233548a1
d6b7bb226222bd72762722222bb72266277b72b27b26f2bb777262f2bb222d7b6227bb792257225622776bb2b2279b62296db66d9b6222b6222276627725b62f62bfb272bb27b22776296b27f226229b2f277b9bfb72bb77b792bbbf27f27b777622b2b72762292fdbbb2b96b29222db775202222054200214020211000220002242002000
39316133663965623038653065646131326264313964393130353666643336613830623364313534343336383536373639356534633839656532636133366163
91a3f9eb08e0eda12bd19d91056fd36a80b3d1544368567695e4c89ee2ca36ac
6462323266373036323232323732623735373237323762363636363262323236323232623632323232303266373739623532323737623234366236323262323262623566373032376262323230323732363737326237623237363164323266623234373632363932303232373262393237663962663230363262666266323262366237643137623232326231323232376262303232393262623032323662373230326464623762323237623262393262623637373630623636623962303732643232323032323932623932323762376232323662363762323436623236663232323732323264303739323937623037326236663732623236623237303735323237353032373237623230
37323837323764346462363538646539316365386331633133383839623839623539393762643439623635646530646463333732336636363133396135306636
728727d4db658de91ce8c1c13889b89b5997bd49b65de0ddc3723f66139a50f6
db22f706222272b7572727b66662b226222b6222202f779b52277b246b622b22bb5f7027bb2202726772b7b2761d22fb2476269202272b927f9bf2062bfbf22b6b7d17b222b12227bb02292bb0226b7202ddb7b227b2b92bb67760b66b9b072d22202292b9227b7b226b67b246b26f2227222d079297b072b6f72b26b27075227502727b20
33616566356636356432653534383439373365666330633036393339306134313134383636306461363933313364393436623365623161323866633830613537
3aef5f65d2e5484973efc0c069390a41148660da69313d946b3eb1a28fc80a57
6436623762623232363232326264373237363237323232323262623732323636323737623732623237623236663262623737373236326632626232323264376236323237626237393232353732323536323237373662623262323237396236323239366462363664396236323232623632323232373636323737323562363266363262666232373262623237623232373736323936623237663232363232396232663237376239626662373262623737623739326262626632376632376237373736323262326237323736323239326664626262326239366232393232326462373735326236363232623537326262326437623237326464376637323262376232363732623732626266
37323233313464373764356538373130313833316261663635353230616262393735363965656238623536303233313963653932386431366462363730356161
722314d77d5e87101831baf65520abb97569eeb8b5602319ce928d16db6705aa
d6b7bb226222bd72762722222bb72266277b72b27b26f2bb777262f2bb222d7b6227bb792257225622776bb2b2279b62296db66d9b6222b6222276627725b62f62bfb272bb27b22776296b27f226229b2f277b9bfb72bb77b792bbbf27f27b777622b2b72762292fdbbb2b96b29222db7752b6622b572bb2d7b272dd7f722b7b2672b72bbf
65663366623833636333393062383835326237376638386164396566353165393737633433373465373231636262333436326162303465356630343537623330
ef3fb83cc390b8852b77f88ad9ef51e977c4374e721cbb3462ab04e5f0457b30
6462323266376236323232323736623735373237363762363636363262323236323232623632323232623266373739623532323737623237366236323262323262623566376232376262323262323732363737326237623237366464323266623237373632363932623232373262393237663962663237363262666266323262366237646437623232326264323232376262373232393262626632323662373237326464623762323237623262393262623637373662623636623962373732643232326232323932623932323762376232363662363762323736623236663232323732323264623739323937623737326236663732623236623237623735323237356232373237623266
37653735663562363133633564613964333765633039323237646638663932346530363465323839333661323161663565313937386133323130323533346464
7e75f5b613c5da9d37ec09227df8f924e064e28936a21af5e1978a32102534dd
db22f7b6222276b7572767b66662b226222b62222b2f779b52277b276b622b22bb5f7b27bb22b2726772b7b276dd22fb27762692b2272b927f9bf2762bfbf22b6b7dd7b222bd2227bb72292bbf226b7272ddb7b227b2b92bb6776bb66b9b772d222b2292b9227b7b266b67b276b26f2227222db79297b772b6f72b26b27b752275b2727b2f
63633336336133313965393839363132653434363763373030366334623539346436363664636433323034313864626561643861653666663662373536643731
cc363a319e989612e4467c7006c4b594d666dcd320418dbead8ae6ff6b756d71
6632323166313031323164303731313030363262303532303966313135303237303030663030
37373239363539633236306531396436663233363666663837363733333433663339366237656164386131343132613566656432313463623630646165666265
7729659c260e19d6f2366ff87673343f396b7ead8a1412a5fed214cb60daefbe
f221f10121d07110062b05209f115027000f00
30376331626364333630373962323665323134666635623731663436323666613537646465666331346438633666636361316533613735656531616265316232
07c1bcd36079b26e214ff5b71f4626fa57ddefc14d8c6fcca1e3a75ee1abe1b2
3730303535323630353462316630343236633537313530313937303139303166313732353930
61353134353463316435663865303338356262356237333633383835613932343366336234313766343363313833633466656438396533383365353436373933
a51454c1d5f8e0385bb5b7363885a9243f3b417f43c183c4fed89e383e546793
7005526054b1f0426c5715019701901f172590
61643836393539666363633735323761363862633263313531313232373830343265656464323461373833353862376662653130343739623130333137323530
ad86959fccc7527a68bc2c15112278042eedd24a78358b7fbe10479b10317250
3331393435303130303437343730303137373264313736313737343137313233303335653334
30383532613937323865376637616432656566343538373563373937343164393164623737376163363234616633306138663466663337616632396436356534
0852a9728e7f7ad2eef45875c79741d91db777ac624af30a8f4ff37af29d65e4
3194501004747001772d176177417123035e34
36613730383737363565386261616131373561623330663834373061333330643435623130653666643636633231373539343633393038653436326630626139
6a7087765e8baaa175ab30f8470a330d45b10e6fd66c21759463908e462f0ba9
3535313437303130333937306136343035373164383732323564323035303865343734373831
65383235346434623264303964346434643937333335633530356531656430633965613934623962383761303738646564326234646537646634363633666264
e8254d4b2d09d4d4d97335c505e1ed0c9ea94b9b87a078ded2b4de7df4663fbd
551470103970a640571d87225d20508e474781
30333032303031313838396332366366323965313364383539383162313331386664333566363338646238386632346634303033646134623430376163313565
03020011889c26cf29e13d85981b1318fd35f638db88f24f4003da4b407ac15e
3730303437313731343633303931373536373833343738303762373037353337303036333033
39323530646166613462353161386135353033363839386662636564316233333135386436323539373938613537316334306237643336346532346438386532
9250dafa4b51a8a55036898fbced1b33158d6259798a571c40b7d364e24d88e2
7004717146309175678347807b707537006303
31616261366539386137383134393935383836653761353565333764643937643830356430636432303666353137623136616465666563613165646163393033
1aba6e98a7814995886e7a55e37dd97d805d0cd206f517b16adefeca1edac903
3938313035313231353133313735303732373137333731313736303037303035313030643931
34383437646337376232633634646262316665336664616334343233336636343739656162303661343536353066326666353534613435353231313437343036
4847dc77b2c64dbb1fe3fdac44233f6479eab06a45650f2ff554a45521147406
98105121513175072717371176007005100d91
38623765643165303765623938396333303631363662616132643061653234396133626165323330313635386231303064316232373666326538643830386464
8b7ed1e07eb989c306166baa2d0ae249a3bae2301658b100d1b276f2e8d808dd
6630323062323930303537326630333031633166313731303537313064343036333832373136
37646539613131343034316537363465313834653639333162363166303634366530653137363037613866313839656562346637383765316636666633653163
7de9a114041e764e184e6931b61f0646e0e17607a8f189eeb4f787e1f6ff3e1c
f020b2900572f0301c1f17105710d406382716
31306363393732393462383966623235396164383632623065636638346539396432313061613432386137373032663665643464636364643231653538643139
10cc97294b89fb259ad862b0ecf84e99d210aa428a7702f6ed4dccdd21e58d19
6632323166313031323164303731313030363262303532303966313135303237303030663030373030353532363035346231663034323663353731353031393730313930316631373235393033313934353031303034373437303031373732643137363137373431373132333033356533343535313437303130333937306136343035373164383732323564323035303865343734373831373030343731373134363330393137353637383334373830376237303735333730303633303339383130353132313531333137353037323731373337313137363030373030353130306439316630323062323930303537326630333031633166313731303537313064343036333832373136
62346239666333663531386561656431663137303236386565363963343236613765346633306534343462333065353738303262613730306363633332613165
b4b9fc3f518eaed1f170268ee69c426a7e4f30e444b30e57802ba700ccc32a1e
f221f10121d07110062b05209f115027000f007005526054b1f0426c5715019701901f1725903194501004747001772d176177417123035e34551470103970a640571d87225d20508e4747817004717146309175678347807b70753700630398105121513175072717371176007005100d91f020b2900572f0301c1f17105710d406382716
32393238363733613263316331333835393235643731366537323531326463376536353663366539333665313662653636316332336563623434326635616630
2928673a2c1c1385925d716e72512dc7e656c6e936e16be661c23ecb442f5af0
6637333537396632303135303830323039313031323135343434303066353537373562313230303131323036313137323931303030313130323530333435303134343936313564623737333337303134303031323766376139376631303036313530313430343730333032313035373030363735363231366337373737633235323138313162376464333766303131383433313535373737373732303632383131303131323031303939373537373566373764623637313034323730313131313030303035393735373764303031303530343231323833303037663365373536303130343031333037333730303830323534363032663565373364373039333830393130303431333136
32616362393432333137343939393434316662663534636436343131346165623063656461626366643034386466666361616336643062333038643762393562
2acb9423174999441fbf54cd64114aeb0cedabcfd048dffcaac6d0b308d7b95b
f73579f201508020910121544400f55775b12001120611729100011025034501449615db7733701400127f7a97f10061501404703021057006756216c7777c2521811b7dd37f01184315577777206281101120109975775f77db6710427011110000597577d001050421283007f3e756010401307370080254602f5e73d709380910041316
30653431376431323738656534633762313430666437373866343835663534353061336665343164313034363836363236306638643038396262383364386130
0e417d1278ee4c7b140fd778f485f5450a3fe41d1046866260f8d089bb83d8a0
37373239363539633236306531396436663233363666663837363733333433663339366237656164386131343132613566656432313463623630646165666265613531343534633164356638653033383562623562373336333838356139323433663362343137663433633138336334666564383965333833653534363739333038353261393732386537663761643265656634353837356337393734316439316462373737616336323461663330613866346666333761663239643635653465383235346434623264303964346434643937333335633530356531656430633965613934623962383761303738646564326234646537646634363633666264393235306461666134623531613861353530333638393866626365643162333331353864363235393739386135373163343062376433363465323464383865323438343764633737623263363464626231666533666461633434323333663634373965616230366134353635306632666635353461343535323131343734303637646539613131343034316537363465313834653639333162363166303634366530653137363037613866313839656562346637383765316636666633653163
61666164646134386533393336343965643939663065303037653433356532373435646331303065633866373034383336333637663133363539666432316231
afadda48e393649ed99f0e007e435e2745dc100ec8f704836367f13659fd21b1
37613065393437373538383238643231353235346539343235303739363561346464613534396461633139633734663731633132626137343264383234623036356564623234306637303563316538663931366531653764613437393061343864366433646461623436383234356265663565643531313262653930663833626637336534363534333633653662353338663666373835396439663337633861333836353566633137336330623462363837356334363738396565323133353731643366336134653133303439316462663633326430333634663439633334363333313931376539666465353930363362613865656262373964613137343734366237653137623230366137613935363064666362396137383436383734616133323739353831633461383666343161306135313138663735303832333338376639616330643132653534616563666566663864346662656566323035346464346262356632386634373437313966646461383465336533343763333737363565623861643435313633666665326630653234323136643539363431666134643664346665363633383733663735663834656239656265303165333464323663
65626539316239616338626664393266643662656163356265326161653565343530373536323263376232373338383233353132323264303536316639626166
ebe91b9ac8bfd92fd6beac5be2aae5e45075622c7b273882351222d0561f9baf
95b472fdad09c4b8c99fa86cc25113df09c8a7d1b821cb685ce557246dd3108c
61313030616534376432646265393539616536353237323330323033623964653634383261313239326465616538353633633934306237356465383530363039
a100ae47d2dbe959ae6527230203b9de6482a1292deae8563c940b75de850609
30376331626364333630373962323665323134666635623731663436323666613537646465666331346438633666636361316533613735656531616265316232616438363935396663636337353237613638626332633135313132323738303432656564643234613738333538623766626531303437396231303331373235303661373038373736356538626161613137356162333066383437306133333064343562313065366664363663323137353934363339303865343632663062613930333032303031313838396332366366323965313364383539383162313331386664333566363338646238386632346634303033646134623430376163313565316162613665393861373831343939353838366537613535653337646439376438303564306364323036663531376231366164656665636131656461633930333862376564316530376562393839633330363136366261613264306165323439613362616532333031363538623130306431623237366632653864383038646431306363393732393462383966623235396164383632623065636638346539396432313061613432386137373032663665643464636364643231653538643139
30323930656132323533373865656530656232613733646433616437383164636333383034396464363733303063303735653738366563383238313334383364
0290ea225378eee0eb2a73dd3ad781dcc38049dd67300c075e786ec82813483d
30613630313831376461336162306338373062376331363032616563623938303664396335373065313764393731396532336636313830393663353861373430636538376562376338393862383937626331393962356132343866323261363939623637616339633265613166353335323637323830393138353938366134626165363164666362316536386632333337363635633064616232623166383561623735383535613031313439653265663137383364633432303137306636326162646138323733316465343638333339326566303031373439613464386439393532346638616437653564303332646562333562316464313564613065643066306561663265366332616334363364333431616638323032343764643031386438366236366138333638663537633563383538373638326631623066623132373132633737346230666366356631303661623934366465316534306131646531363064623433303333653264613439646637633737306165366335393834636664656265626132646531343431653231303630653831613332376464656231666161383565373063633038313262313938646235613530643132303965336439
38343431353261323763323730353733326664383461353135643133313231393766303234633139356166323532333364396236303863303663343162663039
844152a27c2705732fd84a515d1312197f024c195af25233d9b608c06c41bf09
423d867ae81857090119a790f3fa0b463043817ca28793ce9db2eee5202815d2
33336230623166376132356365323231303636643036616362616561633133613631666666633537623566333566303633383732376566616531303938613535
33b0b1f7a25ce221066d06acbaeac13a61fffc57b5f35f0638727efae1098a55
3136376430373337373130633266643764323330363033613030376230633730646464306637
31353334663031633164306664303538306631633562663837353534333261646437653239353132653234626333353638626363333332326537643061363863
1534f01c1d0fd0580f1c5bf8755432add7e29512e24bc3568bcc3322e7d0a68c
167d0737710c2fd7d230603a007b0c70ddd0f7
33616262626566383334333761303636336431653363653038616432626465633962666165633431313134646464656133376361393339353065646236363237
3abbbef83437a0663d1e3ce08ad2bdec9bfaec41114dddea37ca93950edb6627
3361663734363736373730393033373337303734373439663835653130623730393733353966
39656165303665346161616264303037653365383033653537333739633736623863303463323366333532646435303331343631313333616364353566323162
9eae06e4aaabd007e3e803e57379c76b8c04c23f352dd5031461133acd55f21b
3af74676770903737074749f85e10b7097359f
61386235313662376236363463366235363866383438633361633036343834353838666233353338316466633135363363633061633930313165313433633633
a8b516b7b664c6b568f848c3ac06484588fb35381dfc1563cc0ac9011e143c63
3035393731376266373731353164356237323630353736663134376637373632333337303335
38666563616234323636313532346563313137636365633661393533373936393333306465666231346334336135613162626632343164333161343463366330
8fecab42661524ec117ccec6a9537969330defb14c43a5a1bbf241d31a44c6c0
059717bf77151d5b7260576f147f7762337035
63643439313763386433653062323438346565386363313463386630383439366232383966333639323436656163326266613534353363633661316663343937
cd4917c8d3e0b2484ee8cc14c8f08496b289f369246eac2bfa5453cc6a1fc497
3535623634393966333934373037366437363730393037373131373635623930353737343862
33353737353739353336303237383031636132653133666562313963323361663334356538653832633465613038393164396564316337623562383438336432
3577579536027801ca2e13feb19c23af345e8e82c4ea0891d9ed1c7b5b8483d2
55b6499f3947076d7670907711765b9057748b
38376133323364663265386233393332666431616532393832313866306465663933623431636137343335336333383861316162653163616463653731636332
87a323df2e8b3932fd1ae298218f0def93b41ca74353c388a1abe1cadce71cc2
3633623730353737343732643837373737333931373139663431373331373736376437316437
65323639316461383662356430353934663031323665626361663336393262336535353230633763656261643036393965383134313532323838363666633837
e2691da86b5d0594f0126ebcaf3692b3e5520c7cebad0699e81415228866fc87
63b70577472d87777391719f417317767d71d7
38663835666530303231353763383162666534633961383835626638613039383864303932666366663531366463376538633063353133366163306362373564
8f85fe002157c81bfe4c9a885bf8a0988d092fcff516dc7e8c0c5136ac0cb75d
3839396535333737376431393235613733366635373437373736666437393730666666303937
39636130376165356664333264356261376561643731373564633765646435346431663837356439366661393766306164396532613032656237373761663034
9ca07ae5fd32d5ba7ead7175dc7edd54d1f875d96fa97f0ad9e2a02eb777af04
899e53777d1925a736f5747776fd7970fff097
34343861336562386662326264376231396164626235373130666166373464636564316538313631393032393836343562346566316532333435656265383762
448a3eb8fb2bd7b19adbb5710faf74dced1e816190298645b4ef1e2345ebe87b
3065366130373966623733333166376362306631643662363435646630366630373933323737
32656363383466316130323765363939383639383634613863623561376537636366326563623461323935626433323930366438396538633564353733643734
2ecc84f1a027e699869864a8cb5a7e7ccf2ecb4a295bd32906d89e8c5d573d74
0e6a079fb7331f7cb0f1d6b645df06f0793277
37656138626532616566393439626361333232643932396665333332396332346565613263616361303839353964656364643835356530333332653935613263
7ea8be2aef949bca322d929fe3329c24eea2caca08959decdd855e0332e95a2c
3136376430373337373130633266643764323330363033613030376230633730646464306637336166373436373637373039303337333730373437343966383565313062373039373335396630353937313762663737313531643562373236303537366631343766373736323333373033353535623634393966333934373037366437363730393037373131373635623930353737343862363362373035373734373264383737373733393137313966343137333137373637643731643738393965353337373764313932356137333666353734373737366664373937306666663039373065366130373966623733333166376362306631643662363435646630366630373933323737
66623663633132663339346333636630326333663437306532373962653439376536396465643735663237643232636430303732356662376261656663313762
fb6cc12f394c3cf02c3f470e279be497e69ded75f27d22cd00725fb7baefc17b
167d0737710c2fd7d230603a007b0c70ddd0f73af74676770903737074749f85e10b7097359f059717bf77151d5b7260576f147f776233703555b6499f3947076d7670907711765b9057748b63b70577472d87777391719f417317767d71d7899e53777d1925a736f5747776fd7970fff0970e6a079fb7331f7cb0f1d6b645df06f0793277
35363734653964623563396461613533366665303065663732626137336633323761626666623938656163633837626362666437363836313561383038623836
5674e9db5c9daa536fe00ef72ba73f327abffb98eacc87bcbfd768615a808b86
3133303536383036613535333965376639626239366437373637656130343134303530373637393533373337623937373937366666373766373737333437623137373937643730303134323133633935376439333230313038323166336437373566643735363761373733626437376364373737373362323032363336303337363739666630343030313531363735393737643034373031343633393637393762616666376637363038313134373430353431313635376537373766646231663633646630303735313730636237623739363737363937376630303230363030643933353766376437333764663964333737376633303530343130326639333864393737663562373737
32363638643565646462656564316231313933663330633431613638643030623537373264316566616439396438353830323162626330643034343834633665
2668d5eddbeed1b1193f30c41a68d00b5772d1efad99d858021bbc0d04484c6e
13056806a5539e7f9bb96d7767ea0414050767953737b977976ff77f777347b17797d70014213c957d932010821f3d775fd7567a773bd77cd77773b202636037679ff0400151675977d0470146396797baff7f76081147405411657e777fdb1f63df0075170cb7b796776977f0020600d9357f7d737df9d3777f30504102f938d977f5b777
36363139653964316133343031326339666230323739633165346432646162346630636534356163613033613933653365313539633761363033643432383236
6619e9d1a34012c9fb0279c1e4d2dab4f0ce45aca03a93e3e159c7a603d42826
31353334663031633164306664303538306631633562663837353534333261646437653239353132653234626333353638626363333332326537643061363863396561653036653461616162643030376533653830336535373337396337366238633034633233663335326464353033313436313133336163643535663231623866656361623432363631353234656331313763636563366139353337393639333330646566623134633433613561316262663234316433316134346336633033353737353739353336303237383031636132653133666562313963323361663334356538653832633465613038393164396564316337623562383438336432653236393164613836623564303539346630313236656263616633363932623365353532306337636562616430363939653831343135323238383636666338373963613037616535666433326435626137656164373137356463376564643534643166383735643936666139376630616439653261303265623737376166303432656363383466316130323765363939383639383634613863623561376537636366326563623461323935626433323930366438396538633564353733643734
32666336626635366262333065316365383633636232333361313762653264643731633532356631653565333166333133353139313737383834356132303836
2fc6bf56bb30e1ce863cb233a17be2dd71c525f1e5e31f3135191778845a2086
31393833653932356566353263653361653736616334656337393063663061353137383036623764613431653439616566633432353835313161363336666164613636626430306131303533326662353264323764643237306465303034383535363530653039623938376331346139306531636637386633316130653631653732316139633863653264383530633136373662336533653134666563666237613835366563353837376162616463353339316663623537353933373534393363366561336337323964373237393332646561363661623537646239663334636438333365646337633334353166653030353566323234646532386539636538303763353266656335623133623837643432663132633961653334636536323235633462663934323465616135626433616439626364613030376433353538366633353061393930323633313139613938316264656430623462393839366336666531656463313264343238333134313161393333316335306532336437323238326133623265636563313538623537646162383764643534383637353035343436373761666338666133363236336366643831636438303763623032373434
65373938646238653237383135613263613737303336373662656430356431633339343338626130376465353562366134616464326234313463653631323733
e798db8e27815a2ca7703676bed05d1c39438ba07de55b6a4add2b414ce61273
6104e993d1fb6a053f81fe44a6f09e9ba73184f1f29011dfca9c563009037f72
35656265313537313532326134316539306332316631336331316636373932313732353734353530636363613536633663393031646331613336366162646333
5ebe1571522a41e90c21f13c11f6792172574550ccca56c6c901dc1a366abdc3
33616262626566383334333761303636336431653363653038616432626465633962666165633431313134646464656133376361393339353065646236363237613862353136623762363634633662353638663834386333616330363438343538386662333533383164666331353633636330616339303131653134336336336364343931376338643365306232343834656538636331346338663038343936623238396633363932343665616332626661353435336363366131666334393738376133323364663265386233393332666431616532393832313866306465663933623431636137343335336333383861316162653163616463653731636332386638356665303032313537633831626665346339613838356266386130393838643039326663666635313664633765386330633531333661633063623735643434386133656238666232626437623139616462623537313066616637346463656431653831363139303239383634356234656631653233343565626538376237656138626532616566393439626361333232643932396665333332396332346565613263616361303839353964656364643835356530333332653935613263
37343533343939383664636163666237646533323332613461623032373036656431366438363737336530623430633666316536323037643833313137643535
745349986dcacfb7de3232a4ab02706ed16d86773e0b40c6f1e6207d83117d55
33616338383437613864376634656262346138386162353933356138623131326633626536373365656566626364306232383738663038613362643232666534363365316266333665383532393734306237623461636233636439303632393837623662343331626336353832623161333634666639336438656465613231666531346432653838616362643334636539623963386332613532656331393837393033343838316638616332353065616338316266336430663866613332363066386632623438306137396438346430346365343965396432633536663863343938623938656562383233646465666638623031616162393439653265336631323863633533636631613433366163366331383937663161313132346639303164343335303834663635313239646365333639356431616364383964356333633664653632383734656133623865356333636661386264376361316334646330356130653861613462636635396335653531353339333131656539306363333230353163613633333031366461343365656163633532643131653065656234663763623936336331626535366334633738613236396335373237333732646263
35353333303031386636303739303031646138373531303332393638616338313165353236613039353834336331313435326664313532356332366266393866
55330018f6079001da8751032968ac811e526a095843c11452fd1525c26bf98f
6d43e2ca4ad069c9b0aee7c978ce34b0bc8952d3062660fd4559f9847d39871b
31383533383830333430333939326565643634346533623731383038393230336433636132396136336335326361633437633964613132383633383034666236
18538803403992eed644e3b718089203d3ca29a63c52cac47c9da12863804fb6
6636323166313037323164303731313064363362303032613966376235303737306430663030
32646538653365643361303162376630643530363635376565616435326165353631633937343638353361336233353966346261383039643966346336306631
2de8e3ed3a01b7f0d506657eead52ae561c9746853a3b359f4ba809d9f4c60f1
f621f10721d07110d63b002a9f7b50770d0f00
64363039633732313030376237656536306138306537393163376266613562313830373930623564316161343862336563336565366261623635363037376561
d609c721007b7ee60a80e791c7bfa5b180790b5d1aa48b3ec3ee6bab656077ea
3761303535323636353462316630343237633737313430663937653139303766313732353930
39343332343562616561376261343630363463666532383131333738356434393031303961313839623561626564373963376338336534336635623931356136
943245baea7ba46064cfe28113785d490109a189b5abed79c7c83e43f5b915a6
7a05526654b1f0427c77140f97e1907f172590
39393933383634346632366134633135363430353664353061653931353438393232313662313364656661663539356632373939316634346461343361633736
99938644f26a4c1564056d50ae9154892216b13defaf595f27991f44da43ac76
3335393435303166303437343730303137373664313736663737376637313633303335653334
37356338663333306639643530616163346238373038386566616630666334396163636333363632643534346263383438616164396233623166643432306465
75c8f330f9d50aac4b87088efaf0fc49accc3662d544bc848aad9b3b1fd420de
3594501f04747001776d176f777f7163035e34
65626532663032326161366337366163336337663465616364653339343231633462626635666562356162313238656363353436633537616163613533643136
ebe2f022aa6c76ac3c7f4eacde39421c4bbf5feb5ab128ecc546c57aaca53d16
3535313437303166333937306136343037373764383032373564373635303965343734373831
64346235333136386135666235303234643139653364373765356165346430653434653133656230646536613361356137636432383130613263353465636632
d4b53168a5fb5024d19e3d77e5ae4d0e44e13eb0de6a3a5a7cd2810a2c54ecf2
5514701f3970a640777d80275d76509e474781
35613438356232383162396537333531633531623361343132636638333836626366383038396238633166353135306430386539316266343466393366356533
5a485b281b9e7351c51b3a412cf8386bcf8089b8c1f5150d08e91bf44f93f5e3
3733303437313737343633303931373537373933343138663762373337353737306436333033
65393837353261343838363337633631663736666465653365333830343561626531353261303531643565316264663139353230323731333438323031366663
e98752a488637c61f76fdee3e38045abe152a051d5e1bdf195202713482016fc
73047177463091757793418f7b7375770d6303
30323039666365343336663933663735333536663735636561663430663465303965623933306333613130343361366461363464666131363636653534373837
0209fce436f93f75356f75ceaf40f4e09eb930c3a1043a6da64dfa1666e54787
3939313035313237353133313735303733376637333431373736666437303735316630643931
37643736373630633266333935633038356336613132366235373630613034623531313665363435666462393662313865366563363963303763623466656339
7d76760c2f395c085c6a126b5760a04b5116e645fdb96b18e6ec69c07cb4fec9
991051275131750737f7341776fd70751f0d91
31313031326462616139626663353135656335366361663331626339306264346539643435383961626464613235303935316365373538666431326163633465
11012dbaa9bfc515ec56caf31bc90bd4e9d4589abdda250951ce758fd12acc4e
6665323062323966303537326630333062636666313631363537646664346636333932373136
61613237363938633336373632383631373064663662663638313739376139316632616366366465316331383132626134613437646332393131373534396436
aa27698c3676286170df6bf681797a91f2acf6de1c1812ba4a47dc29117549d6
fe20b29f0572f030bcff161657dfd4f6392716
37373064646265376264383565313633373439643434336531306137623964366663636331346265666666663762333338393131653064663936363534336131
770ddbe7bd85e163749d443e10a7b9d6fccc14beffff7b338911e0df966543a1
6636323166313037323164303731313064363362303032613966376235303737306430663030376130353532363635346231663034323763373731343066393765313930376631373235393033353934353031663034373437303031373736643137366637373766373136333033356533343535313437303166333937306136343037373764383032373564373635303965343734373831373330343731373734363330393137353737393334313866376237333735373730643633303339393130353132373531333137353037333766373334313737366664373037353166306439316665323062323966303537326630333062636666313631363537646664346636333932373136
39656137616336313463616464613430663066386632383930636561313534343132303834346563316430383662316165336430313234656137373332623438
9ea7ac614cadda40f0f8f2890cea1544120844ec1d086b1ae3d0124ea7732b48
f621f10721d07110d63b002a9f7b50770d0f007a05526654b1f0427c77140f97e1907f1725903594501f04747001776d176f777f7163035e345514701f3970a640777d80275d76509e47478173047177463091757793418f7b7375770d6303991051275131750737f7341776fd70751f0d91fe20b29f0572f030bcff161657dfd4f6392716
66393331633738373564356631316334616239663962323831363936646536646562353038393961333033346364633236323837346266306337306262343638
f931c7875d5f11c4ab9f9b281696de6deb50899a3034cdc262874bf0c70bb468
6637333537396636613535333965323039313031323135343434303066353537373562313230303131323036313137323937366666373766323530333435303134343936313564623737333337303134303031323766376139376631303036313530313430343730333032313035373064373737373362366337373737633337363739666662376464333766303131383433313034373031343632303632383131616666376637363939373537373566373764623637376537373766646231663633646635393735373764303031303530343737363937376637663365373536303130343031336437333764663930323534363032663565373364373039333830393130303431333136
65323862363664363432396139386231633663373937316530643935376262616138613465633861643935323661663733356433323030666566363763373661
e28b66d6429a98b1c6c7971e0d957bbaa8a4ec8ad9526af735d3200fef67c76a
f73579f6a5539e20910121544400f55775b1200112061172976ff77f25034501449615db7733701400127f7a97f100615014047030210570d77773b6c7777c37679ffb7dd37f011843104701462062811aff7f769975775f77db677e777fdb1f63df597577d0010504776977f7f3e7560104013d737df90254602f5e73d709380910041316
34626263613364346637313062663364353433303466323237626665383763323836356262643633396238626538346234333261366638336137366263356465
4bbca3d4f710bf3d54304f227bfe87c2865bbd639b8be84b432a6f83a76bc5de
32646538653365643361303162376630643530363635376565616435326165353631633937343638353361336233353966346261383039643966346336306631393433323435626165613762613436303634636665323831313337383564343930313039613138396235616265643739633763383365343366356239313561363735633866333330663964353061616334623837303838656661663066633439616363633336363264353434626338343861616439623362316664343230646564346235333136386135666235303234643139653364373765356165346430653434653133656230646536613361356137636432383130613263353465636632653938373532613438383633376336316637366664656533653338303435616265313532613035316435653162646631393532303237313334383230313666633764373637363063326633393563303835633661313236623537363061303462353131366536343566646239366231386536656336396330376362346665633961613237363938633336373632383631373064663662663638313739376139316632616366366465316331383132626134613437646332393131373534396436
32613636653738383363386566306239623431393661623436323630613338333166313537333965393261663838373632366237663035623330633265303261
2a66e7883c8ef0b9b4196ab46260a3831f15739e92af887626b7f05b30c2e02a
32393764653761643435343964616533636238373238323835373637653466333537363335333132363965623336613038646130383463633365666138323361613935386636303764663633373162356233393662613035373532373461306363386636613236303630306334313831643634646635373534623137633030633839363664366637656661663665303364313635323864653262373838376536666531653733623665316665653538613361353337316437666138363735383065303039323566343461376164636435306165343430613439353939656262313630613465356631316334313132633063653531613939633132366337613333616566343136653036363638366235346438393230313565356264646466313335356535646361613436656231336234613139386265623362363133646361646232353738356631623939346131386166633837396534343761633536616263616432653461386432306337383339383236643065623137396339343330316332643362613330393966313234373166356663386331346264353262376339343430343536313265316634303530633665396661646666636431366532633936
31316564313736646362313331373161336433616134396434623333306632636536326239396537326662333066646238656331383062313738316662313131
11ed176dcb13171a3d3aa49d4b330f2ce62b99e72fb30fdb8ec180b1781fb111
2671292b1d784110f00a1578d36a599aca056df9d9661cadfc8636157c941898
31393630363031633065386333323363613061373465376331613761626536636234616133306132663738633731636136643066343537383839343534613466
1960601c0e8c323ca0a74e7c1a7abe6cb4aa30a2f78c71ca6d0f457889454a4f
64363039633732313030376237656536306138306537393163376266613562313830373930623564316161343862336563336565366261623635363037376561393939333836343466323661346331353634303536643530616539313534383932323136623133646566616635393566323739393166343464613433616337366562653266303232616136633736616333633766346561636465333934323163346262663566656235616231323865636335343663353761616361353364313635613438356232383162396537333531633531623361343132636638333836626366383038396238633166353135306430386539316266343466393366356533303230396663653433366639336637353335366637356365616634306634653039656239333063336131303433613664613634646661313636366535343738373131303132646261613962666335313565633536636166333162633930626434653964343538396162646461323530393531636537353866643132616363346537373064646265376264383565313633373439643434336531306137623964366663636331346265666666663762333338393131653064663936363534336131
32366563656666386165616162653435386533363164643863643335386133656666616633363634353333373832663937353235313133626339656139376630
26eceff8aeaabe458e361dd8cd358a3effaf3664533782f97525113bc9ea97f0
64396535303137363962613231373039653430303039333238393164633866356632643736306263646232343232656265313432383461373066613133616230326162363964373636396662386261636539663537343737336365656336336635316531613537313636356331353533303633633365376134633535633438303731363539303566626636646536343337633437646561356134393561346366333130633165336563616432613131376565636662306239336634636166313938303937613534336630623534323834623962383136656464313963623034363832346339656630326266653963373162386264633936663039346330623538333531623166393038343533656263396264646238336165316535636162666166613131646661616266306466346631353461663835323133323762393835613562333565303630336566636464393363326330613538333735383631396539346534633165393639646531363163316637656266356261353061343766313864623461343666663664613436643935616366363136363461396532363033353335613537613366346334376364353763336537316538346161363633376531
35643961303030303136383064333135396463386637313561626263613239643761643735356233303465316533376239363731663763643066376164343261
5d9a00001680d3159dc8f715abbca29d7ad755b304e1e37b9671f7cd0f7ad42a
9a35e0d661202c0d3a45052f3fc1cdadadf110d48d6e8bd7574ac5277dbfdb01
37356434653566383935363133653636313066653065326338396634383362303839653366383864613137633334633538653938313661663064383265356664
75d4e5f895613e6610fe0e2c89f483b089e3f88da17c34c58e9816af0d82e5fd
3132376430373331373130633266643730323230363533303030313130633230643064306637
35653830386364383236633661323931633932343661653033663933393537313930646138643839356461653738626365336162656666623836346633386564
5e808cd826c6a291c9246ae03f93957190da8d895dae78bce3abeffb864f38ed
127d0731710c2fd70220653000110c20d0d0f7
61386663306330613838396237626136643633613830346631626439633635383030663664313661353965623130366437326330613832633433656531653136
a8fc0c0a889b7ba6d63a804f1bd9c65800f6d16a59eb106d72c0a82c43ee1e16
3330663734363730373730393033373336303534373539313835303130623130393733353966
64313636323037356239323164653865333661646462626533393764656530663034326432396565373734316133333630313261666436653938623263656231
d1662075b921de8e36addbbe397dee0f042d29ee7741a336012afd6e98b2ceb1
30f74670770903736054759185010b1097359f
32356137623232636165313731653134333563333234313034623235613535623132393439636331386531363665393861356361646632306439653133663431
25a7b22cae171e1435c324104b25a55b12949cc18e166e98a5cadf20d9e13f41
3031393731376230373731353164356237323230353736313134343137373232333337303335
62353966373761386666633561383139303035323161306537666230616332363739396139353338633330333265386364656666643837383565306162393539
b59f77a8ffc5a81900521a0e7fb0ac26799a9538c3032e8cdeffd8785e0ab959
019717b077151d5b7220576114417722337035
34636639373761316163623635306464363739343366613038663934653632623662353461336235356430396331346130643938306333616630616563393965
4cf977a1acb650dd67943fa08f94e62b6b54a3b55d09c14a0d980c3af0aec99e
3535623634393930333934373037366435363130393737323131323035623830353737343862
33613764613132623065636264363361353433626630386538613230646339346539626138393066376239383063343339646235326166366334386630363032
3a7da12b0ecbd63a543bf08e8a20dc94e9ba890f7b980c439db52af6c48f0602
55b649903947076d5610977211205b8057748b
64613665313239373537616461666138663965663533643530306532373931373066653237353231636239376630373638366561326138626166613161653436
da6e129757adafa8f9ef53d500e279170fe27521cb97f07686ea2a8bafa1ae46
3630623730353731343732643837373736333831373739303431373031373336373037316437
63316232666431306139383336363732613130326438636433643137333162393066353634346132346432393463393233633665323462613861333430333134
c1b2fd10a9836672a102d8cd3d1731b90f5644a24d294c923c6e24ba8a340314
60b70571472d877763817790417017367071d7
31393832623837376266323532326633353935663161633837353530316134636364633461396661343135323836353634623265363863363935653933303835
1982b877bf2522f3595f1ac875501a4ccdc4a9fa415286564b2e68c695e93085
3838396535333731376431393235613732363135373737313736303037393030663066303937
35613665386439356530386535663562303231316161393035306431346661383339636265633230363761333832313136363338303237633532346438316265
5a6e8d95e08e5f5b0211aa9050d14fa839cbec2067a382116638027c524d81be
889e53717d1925a72615777176007900f0f097
61376436666135386435316165396632303237643236356263313738326366356132366530303864383965353836666663366333333131343666633138323036
a7d6fa58d51ae9f2027d265bc1782cf5a26e008d89e586ffc6c331146fc18206
3030366130373930623733333166376331303131643762303435313030363030373833323737
62653738313331316530383066363334646262653733313936623963393631396130616534643737396262336234383266343962663734646362306430613562
be781311e080f634dbbe73196b9c9619a0ae4d779bb3b482f49bf74dcb0d0a5b
006a0790b7331f7c1011d7b045100600783277
64366438393632636537386139356532653435393834386630366633626536343136636632633766396239396437313965373335393066653635343536366233
d6d8962ce78a95e2e459848f06f3be6416cf2c7f9b99d719e73590fe654566b3
3132376430373331373130633266643730323230363533303030313130633230643064306637333066373436373037373039303337333630353437353931383530313062313039373335396630313937313762303737313531643562373232303537363131343431373732323333373033353535623634393930333934373037366435363130393737323131323035623830353737343862363062373035373134373264383737373633383137373930343137303137333637303731643738383965353337313764313932356137323631353737373137363030373930306630663039373030366130373930623733333166376331303131643762303435313030363030373833323737
36333333626565633033346531353637626665393835376531623234326238316366613962636461346262363635663464356137383762336130343763376235
6333beec034e1567bfe9857e1b242b81cfa9bcda4bb665f4d5a787b3a047c7b5
127d0731710c2fd70220653000110c20d0d0f730f74670770903736054759185010b1097359f019717b077151d5b722057611441772233703555b649903947076d5610977211205b8057748b60b70571472d877763817790417017367071d7889e53717d1925a72615777176007900f0f097006a0790b7331f7c1011d7b045100600783277
37333432643661363566623138326261636265373062303230363061363765626337333731333364363930633962666361653966323634623634313835306662
7342d6a65fb182bacbe70b02060a67ebc737133d690c9bfcae9f264b641850fb
3133303536383032303135303830376639626239366437373637656130343134303530373637393533373337623937373931303030313130373737333437623137373937643730303134323133633935376439333230313038323166336437373566643735363761373733626437376330363735363231323032363336303235323138313130343030313531363735393737643535373737373733393637393762303131323031303038313134373430353431313635313034323730313131313030303030303735313730636237623739363231323833303030303230363030643933353766373037333730303864333737376633303530343130326639333864393737663562373737
64613536666363316465376337333039353332323939363363383163326163613331626335336337363936313966626665616133393134373635653961366166
da56fcc1de7c730953229963c81c2aca31bc53c769619fbfeaa3914765e9a6af
130568020150807f9bb96d7767ea0414050767953737b97791000110777347b17797d70014213c957d932010821f3d775fd7567a773bd77c0675621202636025218110400151675977d5577777396797b011201008114740541165104270111100000075170cb7b79621283000020600d9357f70737008d3777f30504102f938d977f5b777
64356465613265363866616564613333653662336265613835643963303831343936326265313939366534383564653037316465626330383135383261653964
d5dea2e68faeda33e6b3bea85d9c0814962be1996e485de071debc081582ae9d
35653830386364383236633661323931633932343661653033663933393537313930646138643839356461653738626365336162656666623836346633386564643136363230373562393231646538653336616464626265333937646565306630343264323965653737343161333336303132616664366539386232636562316235396637376138666663356138313930303532316130653766623061633236373939613935333863333033326538636465666664383738356530616239353933613764613132623065636264363361353433626630386538613230646339346539626138393066376239383063343339646235326166366334386630363032633162326664313061393833363637326131303264386364336431373331623930663536343461323464323934633932336336653234626138613334303331343561366538643935653038653566356230323131616139303530643134666138333963626563323036376133383231313636333830323763353234643831626562653738313331316530383066363334646262653733313936623963393631396130616534643737396262336234383266343962663734646362306430613562
30363363353866363639653561653264346233656130313064383464313061386361623830636365613232373064313765363231646361336263323466376433
063c58f669e5ae2d4b3ea010d84d10a8cab80ccea2270d17e621dca3bc24f7d3
35646233633562653135613161653836393762363730366664326538383237616638316330373164643364376132313931383538623035313262663061656536396665393030633263633838383631356233653061646164363566326538363666363938313337353331653961326234633330356130643936303431326232613533303162346432623231653664316664613761626130386133656230386339313065656564303933333738333536663966616430623937623231643933643030373163396561643334393565636331663637303239626131316636343938393930376530336130343939663930643239623563616164616136626538323938346534643935393463643865333061323739653866323037353763373436396437336264376261343039326162653133383933333761323034386238336563633234623338343931386336633332313265306439333666333165646336346132666236333962616635653862656664323230666664386134323766363766623734626538366163643839356338356336386534613262346230383334306632616634646433636230303830386539363331616562353031623564313932346562
65616564356662363830666662646631663765363735366135616264343232343061303261646332393266383232616139653562626466613164313537636137
eaed5fb680ffbdf1f7e6756a5abd42240a02adc292f822aa9e5bbdfa1d157ca7
25a019bac764cd21d34d5a9af524e3c492e45da5234d83440f063190970cc1f6
34323166386163363030616536316165353266316630346561383331356261343439316135376663393733623064313566613132623032663133323537353138
421f8ac600ae61ae52f1f04ea8315ba4491a57fc973b0d15fa12b02f13257518
61386663306330613838396237626136643633613830346631626439633635383030663664313661353965623130366437326330613832633433656531653136323561376232326361653137316531343335633332343130346232356135356231323934396363313865313636653938613563616466323064396531336634313463663937376131616362363530646436373934336661303866393465363262366235346133623535643039633134613064393830633361663061656339396564613665313239373537616461666138663965663533643530306532373931373066653237353231636239376630373638366561326138626166613161653436313938326238373762663235323266333539356631616338373535303161346363646334613966613431353238363536346232653638633639356539333038356137643666613538643531616539663230323764323635626331373832636635613236653030386438396535383666666336633333313134366663313832303664366438393632636537386139356532653435393834386630366633626536343136636632633766396239396437313965373335393066653635343536366233
34373266343037393231333465393233643866373131626132323264393564326335613830656337343665336139613631303638353938393239633635373137
472f40792134e923d8f711ba222d95d2c5a80ec746e3a9a61068598929c65717
61323464316164383563613937366661663638646463373965323638306237316266396332373238613630326139373532616331373738633861613562646538656337663537393162613231386237366435616137313561326539626530663239356131646166666536346438333232643336663530653635373939323433633965353735613334666664393832333531323830346633613634343161646335386630303538626631343830376330626266303531366432396535376639353432303833636165373132623635363961636535353231346636386262376335343031363063613130326266643236663935656336633634343234656664396137613032316333353930633663623266383761313531616466353835633438393965646231396265313039356539623639373235393136636638386430653130363637363934373566316438613636663937613038346365323564366236376363396532633330613861653335616430323633393866636138313032323338633166633061623634653464666139363633393066356635656561616563346531653139313531336361333836656639653032363134393438306236316536353633
38363539393433336361636636386464363830313133646231333439306335623134326162383066636234303336353635396666373565373037373431613138
86599433cacf68dd680113db13490c5b142ab80fcb40365659ff75e707741a18
73400f135022c424c2f970366d5174e20fb11e37124d987936a098915a6d92bf
66393964626635313438303438336363393234633466613031323664313463323037306330323565373362646637346566313162323937656261323266346634
f99dbf51480483cc924c4fa0126d14c2070c025e73bdf74ef11b297eba22f4f4
3136373166373337373164633731643030363330303033613066316235303237643064666637
34373430316234343639393762333762323766303363346162356561653461636630626134313464643236373033393232356138626130306231653936373838
47401b446997b37b27f03c4ab5eae4acf0ba414dd267039225a8ba00b1e96788
1671f73771dc71d00630003a0f1b5027d0dff7
65633137303064646539666636373734323661346134306166313466353038393365353631643435336630616664386635363133303736616435326637653232
ec1700dde9ff677426a4a40af14f50893e561d453f0afd8f5613076ad52f7e22
3361663535363736373462396630373236633734313439663837303139303166393733353966
36626465366435356566303763633535356239613138346264326436383938353764353036663139306361393434626366353165653532333661633763613765
6bde6d55ef07cc555b9a184bd2d689857d506f190ca944bcf51ee5236ac7ca7e
3af5567674b9f0726c74149f8701901f97359f
38643866623265303263663935383661313734666633326664303534393766653538393934383361346462356561363465346331306434393363653564613638
8d8fb2e02cf9586a174ff32fd05497fe5899483a4db5ea64e4c10d493ce5da68
3035393435376266373437353730353137373630313736663137346637313233333337653335
66353163656336306230303032613634653338383339386230653365396162666464303161643465626236343039653562626238653233373435333135663435
f51cec60b0002a64e388398b0e3e9abfdd01ad4ebb6409e5bbb8e23745315f45
059457bf747570517760176f174f7123337e35
66623333383734386634336366363934653935633936343061376561653466636565353666333531376439373565663631396264646234316532386365613335
fb338748f43cf694e95c9640a7eae4fcee56f3517d975ef619bddb41e28cea35
3535623437393966333937376136363035373730383037373164323635303865353737373862
65646566343039623864323933303262616363313331386364633137316436383563346634656161303134643366363431656665326335373136346661333833
edef409b8d29302bacc1318cdc171d685c4f4eaa014d3f641efe2c57164fa383
55b4799f3977a660577080771d26508e57778b
63356334306236643939346334663366303034653763386466623166386630653430313931326361633962366231363337303337363231623164363966373335
c5c40b6d994c4f3f004e7c8dfb1f8f0e401912cac9b6b1637037621b1d69f735
3633623437353737343633643931373536373931343139663462373337353337373037336437
37616535383962613036313038333234343530323466306431646334393034656465636638326265616363383139393938343533643166653461386335633061
7ae589ba0610832445024f0d1dc4904edecf82beacc819998453d1fe4a8c5c0a
63b47577463d91756791419f4b7375377073d7
61393036666233633266373038316130343537383336353262366331323035373064333830633939336138383562636435643061646136353238323239323930
a906fb3c2f7081a045783652b6c120570d380c993a885bcd5d0ada6528229290
3839393035333737373133393735613732376635333437373736306437303035663066643937
35663766636435366661373333373464623830373164363361653638396461366438623333313565313130326236363030393234336636613136333933336165
5f7fcd56fa73374db8071d63ae689da6d8b3315e1102b66009243f6a163933ae
89905377713975a727f53477760d7005f0fd97
33306436333936326438353538383661663933366365336339633263613233336666393938303335333861316133326538346139653432376465666338316334
30d63962d855886af936ce3c9c2ca233ff99803538a1a32e84a9e427defc81c4
3065363062373966623537336630373031636631313662363437316664343036373833373737
39333663373666626662653538346337373436393235393733393366393337363836313037623037346639666332356637313432393366613735373831613831
936c76fbfbe584c774692597393f937686107b074f9fc25f714293fa75781a81
0e60b79fb573f0701cf116b6471fd406783777
37303364646233376132336535366637613861343261653939363331316633363432656339666137333934626538353632663433383233663130373537336437
703ddb37a23e56f7a8a42ae996311f3642ec9fa7394be8562f43823f107573d7
3136373166373337373164633731643030363330303033613066316235303237643064666637336166353536373637346239663037323663373431343966383730313930316639373335396630353934353762663734373537303531373736303137366631373466373132333333376533353535623437393966333937376136363035373730383037373164323635303865353737373862363362343735373734363364393137353637393134313966346237333735333737303733643738393930353337373731333937356137323766353334373737363064373030356630666439373065363062373966623537336630373031636631313662363437316664343036373833373737
61663033623138303034613735613639623035613539373533643036656236333931316365393835333066363839363930306362663363336365313333316161
af03b18004a75a69b05a59753d06eb63911ce98530f6896900cbf3c3ce1331aa
1671f73771dc71d00630003a0f1b5027d0dff73af5567674b9f0726c74149f8701901f97359f059457bf747570517760176f174f7123337e3555b4799f3977a660577080771d26508e57778b63b47577463d91756791419f4b7375377073d789905377713975a727f53477760d7005f0fd970e60b79fb573f0701cf116b6471fd406783777
33383235383830393038653764373663653432643165363062616361623331366363663037396634333961323833326431343230343730376536623364636330
3825880908e7d76ce42d1e60bacab316ccf079f439a2832d14204707e6b3dcc0
3133303536383036613535333965376639626239363135343434303066353537373562373637393533373337623937373937366666373766373737333437623134343936313564623737333337633935376439333766376139376631303036313530643735363761373032313035373030363735363231366337373737633337363739666630343030313531303131383433313034373031343633393637393762616666376637363038313134373466373764623637313034323730316231663633646635393735373764303031303530343231323833303037663365373536643933353766373037333730303864333737376633663565373364376639333864393737663562373737
63353739636238303034306434386531646135303365663261383664313936363734313862646436306131386434356266346231376239336530613962316537
c579cb80040d48e1da503ef2a86d19667418bdd60a18d45bf4b17b93e0a9b1e7
13056806a5539e7f9bb961544400f55775b767953737b977976ff77f777347b1449615db77337c957d937f7a97f1006150d7567a7021057006756216c7777c37679ff040015101184310470146396797baff7f760811474f77db671042701b1f63df597577d001050421283007f3e756d9357f70737008d3777f3f5e73d7f938d977f5b777
39336530626635666630633732653434663064303833646133353134353966633131313063613334646362653166396638656538376230343265353733633738
93e0bf5ff0c72e44f0d083da351459fc1110ca34dcbe1f9f8ee87b042e573c78
34373430316234343639393762333762323766303363346162356561653461636630626134313464643236373033393232356138626130306231653936373838366264653664353565663037636335353562396131383462643264363839383537643530366631393063613934346263663531656535323336616337636137656635316365633630623030303261363465333838333938623065336539616266646430316164346562623634303965356262623865323337343533313566343565646566343039623864323933303262616363313331386364633137316436383563346634656161303134643366363431656665326335373136346661333833376165353839626130363130383332343435303234663064316463343930346564656366383262656163633831393939383435336431666534613863356330613566376663643536666137333337346462383037316436336165363839646136643862333331356531313032623636303039323433663661313633393333616539333663373666626662653538346337373436393235393733393366393337363836313037623037346639666332356637313432393366613735373831613831
38396230656237343735363939373235623666666662646262396262616637613136643636353036383261326661373433333336396533653964326561303231
89b0eb7475699725b6fffbdbb9bbaf7a16d6650682a2fa7433369e3e9d2ea021
34366665373539376235646166333464316565373630656366356663313665343863376264633039643634353639623566343530626136623665623830666639663064366162393030323137653737303930333562633233383338336361303337343735363232346362353462346437323565613462373762336335383466393863303036306138313237393331333334313263383931666435343438383036396162626364333762643064316133353265636465396564333163363361366537343866653839313939393439616430643361386236346137633566386536366637643564643830646463653836623530346362316130316666333034366134383337316664653231623431346162353064396561656537643062306131343263623163316636613634633039373934643832663034303331626333343966393632396265363936353263353439306632666231383037353562653439316131626635323438653865333432626565326433396135326331663330323335663666303337376561616236343134313731613536613635656333343833373937316663393836633561353331376166336333613837343830613838653533616531
34386139336339663264323163653731646135303261633762363936393839346331623631383331303365373462323561383234333730623031633138623730
48a93c9f2d21ce71da502ac7b6969894c1b6183103e74b25a824370b01c18b70
829be8fdbc3f55cfba4f5bff3f8674608cc8055796b21c0989c5ec2da19d2415
66313334306330376539353932666661393864353965323739663930353965346535663132313363646561306630333435363862663934323162313862613566
f1340c07e9592ffa98d59e279f9059e4e5f1213cdea0f034568bf9421b18ba5f
65633137303064646539666636373734323661346134306166313466353038393365353631643435336630616664386635363133303736616435326637653232386438666232653032636639353836613137346666333266643035343937666535383939343833613464623565613634653463313064343933636535646136386662333338373438663433636636393465393563393634306137656165346663656535366633353137643937356566363139626464623431653238636561333563356334306236643939346334663366303034653763386466623166386630653430313931326361633962366231363337303337363231623164363966373335613930366662336332663730383161303435373833363532623663313230353730643338306339393361383835626364356430616461363532383232393239303330643633393632643835353838366166393336636533633963326361323333666639393830333533386131613332653834613965343237646566633831633437303364646233376132336535366637613861343261653939363331316633363432656339666137333934626538353632663433383233663130373537336437
32313635303436656539396563346332306166636361623064613337316365376164356532373630303532323765313234383633656132663132323333363931
2165046ee99ec4c20afccab0da371ce7ad5e276005227e124863ea2f12233691
65386663613337636462353930303138336330643337663334363664306238306633643032376262396264653436333633643038646332376532663932646139633439663832666633343735336639636330356536356634383835373836663138363736393361366634613466306137323165303466613637393035393861343534373361346663653836346166393733633234333663366561303234383533656166306432633966646166623939313037623663363435653163323366346166316331353965383261313037346630326638666630353333396563653733363335653430663465386530646632353935313339653639363938396331346631303839643833326330663433356339336135613161393537333437633333336664643961383930623962386134613537363831626665356235616564616531623338383666366332356634363364653635653137353832363439306434663163623330613433316437613933303064366465383764623261343236343431363233613931623537666433653132643135633264386530326538363266376635633932633537646566393837656161373231333236333339636432383535303437
31396138373433613362663038333133626437623638633237323732343166626338353634333735303331396637393833363238653733393733363664343161
19a8743a3bf08313bd7b68c2727241fbc85643750319f7983628e7397366d41a
b6822771fd6dd988cc136f6fc13231d778cda7effdfce8cb2db80f04f084d9c9
66313338333661376233653833316133333731353632643937636264616231623264663964323930346139313135643735613939636262623166343737616634
f13836a7b3e831a3371562d97cbdab1b2df9d2904a9115d75a99cbbb1f477af4
6632326430313031323130303266313764323262363532303930373130633730306430303030
64323130613564366431326532633736376139363132313031323435373738383330636339343264646339666539633632346538643439356162316665383333
d210a5d6d12e2c767a9612101245778830cc942ddc9fe9c624e8d495ab1fe833
f22d010121002f17d22b652090710c700d0000
63373366316536316663613031333530313063356435653266313362666666363863366333373139313935363134643233316466656233323930366535623835
c73f1e61fca0135010c5d5e2f13bfff68c6c3719195614d231dfeb32906e5b85
3730303734323630353730313033343337303537373530313935653130623730313732353930
30373138656162666531326138633366323839366438613533393964326432363665396362323236343039663937393530376631393431666136346264363334
0718eabfe12a8c3f2896d8a5399d2d266e9cb226409f979507f1941fa64bd634
70074260570103437057750195e10b70172590
63306232646262636365313238653333616138663737346365373438333837396132353862323036386433306335623432366561343334343163643934616135
c0b2dbbcce128e33aa8f774ce7483879a258b2068d30c5b426ea43441cd94aa5
3331393731303130303731343164306237323264353736313734373137373632303335303334
33323464636565636532643339623330633632326263666564303363326261383763643963396163323231363935346630663864646265626437313136616362
324dceece2d39b30c622bcfed03c2ba87cd9c9ac2216954f0f8ddbebd7116acb
3197101007141d0b722d576174717762035034
34393765333838623230643964326138386433333035323932656564636534646432346665396335336366636336323035303664373966306134626230383466
497e388b20d9d2a88d3305292eedce4dd24fe9c53cfcc620506d79f0a4bb084f
3535313634303130333934303037346437363164393732323531373035623930343734343831
63346461626432613066653830376333363634303264393332646639333363323736643135646564663462623436396466336439656536316538306235383637
c4dabd2a0fe807c366402d932df933c276d15dedf4bb469df3d9ee61e80b5867
551640103940074d761d972251705b90474481
30363430653061396365626438336332663837356635353239653761653139353931626266376436623833633062623737343137633463613665303036393338
0640e0a9cebd83c2f875f5529e7ae19591bbf7d6b83c0bb77417c4ca6e006938
3730303730313731343732303837373737333833373738303731373031373736306436313033
37386234333539623265333939626137346436656264616336383337626163316264393861663533323932643863373734386534363734363133346165633534
78b4359b2e399ba74d6ebdac6837bac1bd98af53292d8c7748e46746134aec54
700701714720877773837780717017760d6103
33376339383336373634326664366232613164653037383366636261663765376636613938626163653065363064323665326134646136383330303864323735
37c98367642fd6b2a1de0783fcbaf7e7f6a98bace0e60d26e2a4da683008d275
3938316535313231356431313235303733363137373731313736663037393730316630303931
33616234363637653532356132333764396339373664303937313165323533336365353031363238336633626663386433303864656165383136313235303237
3ab4667e525a237d9c976d09711e2533ce5016283f3bfc8d308deae816125027
981e51215d1125073617771176f079701f0091
62653566323164623962373239626566663865653038646465306563343965633564653065653134646335623764653163633431383165616263313165653563
be5f21db9b729beff8ee08dde0ec49ec5de0ee14dc5b7de1cc4181eabc11ee5c
6630326130323930303733323166336362303166643731303535643030366630333932323136
61656266623438323132376334346235353737653866316532623761336664353439626462316264326330363833393662376162633966646361313434663261
aebfb482127c44b5577e8f1e2b7a3fd549bdb1bd2c068396b7abc9fdca144f2a
f02a029007321f3cb01fd71055d006f0392216
63616539336635613538373037366666613332613234303137386263353735333662616463316538386139323364373332633365343036396233333662313165
cae93f5a587076ffa32a240178bc57536badc1e88a923d732c3e4069b336b11e
6632326430313031323130303266313764323262363532303930373130633730306430303030373030373432363035373031303334333730353737353031393565313062373031373235393033313937313031303037313431643062373232643537363137343731373736323033353033343535313634303130333934303037346437363164393732323531373035623930343734343831373030373031373134373230383737373733383337373830373137303137373630643631303339383165353132313564313132353037333631373737313137366630373937303166303039316630326130323930303733323166336362303166643731303535643030366630333932323136
30366135623235306166313063393765643963616238303534336238316666623838363339356135616335376331356138346639613266373834613261363633
06a5b250af10c97ed9cab80543b81ffb886395a5ac57c15a84f9a2f784a2a663
f22d010121002f17d22b652090710c700d000070074260570103437057750195e10b701725903197101007141d0b722d576174717762035034551640103940074d761d972251705b90474481700701714720877773837780717017760d6103981e51215d1125073617771176f079701f0091f02a029007321f3cb01fd71055d006f0392216
62393539326531376437336664353134383462636362363564326665343464623838323135363066646461383831376462333538393261653032396264656438
b9592e17d73fd51484bccb65d2fe44db8821560fdda8817db35892ae029bded8
6637333537396632303135303830323039313031326437373637656130343134303530313230303131323036313137323931303030313130323530333435303137373937643730303134323133303134303031323230313038323166336437373566313430343730333733626437376364373737373362323032363336303235323138313162376464333766363735393737643535373737373732303632383131303131323031303939373537373530353431313635376537373766643131313030303030303735313730636237623739363737363937376630303230363030303130343031336437333764663930323534363032303530343130323039333830393130303431333136
30386464623634306234393635313961353931383033646639383431623266363432343763303234323037636666356438623163613438636139366437646134
08ddb640b496519a591803df9841b2f64247c024207cff5d8b1ca48ca96d7da4
f73579f20150802091012d7767ea0414050120011206117291000110250345017797d7001421301400122010821f3d775f140470373bd77cd77773b20263602521811b7dd37f675977d557777720628110112010997577505411657e777fd11100000075170cb7b796776977f00206000104013d737df90254602050410209380910041316
34626537333834353733383837623936633335643734303137353739613265636630313034343236346133656161646538323535323238303237316539353962
4be7384573887b96c35d74017579a2ecf01044264a3eaade82552280271e959b
64323130613564366431326532633736376139363132313031323435373738383330636339343264646339666539633632346538643439356162316665383333303731386561626665313261386333663238393664386135333939643264323636653963623232363430396639373935303766313934316661363462643633343332346463656563653264333962333063363232626366656430336332626138376364396339616332323136393534663066386464626562643731313661636263346461626432613066653830376333363634303264393332646639333363323736643135646564663462623436396466336439656536316538306235383637373862343335396232653339396261373464366562646163363833376261633162643938616635333239326438633737343865343637343631333461656335343361623436363765353235613233376439633937366430393731316532353333636535303136323833663362666338643330386465616538313631323530323761656266623438323132376334346235353737653866316532623761336664353439626462316264326330363833393662376162633966646361313434663261
38383364386136643730373936396235313331333334326565366230316466633730323761353065663639373437353732323735646463653935373664316363
883d8a6d707969b51313342ee6b01dfc7027a50ef69747572275ddce9576d1cc
64303363373361323732343861653131346462626230386461343466616563623336623561656435363464626532393738366663616265326465653032353131313266653232323264653335376561333839616332383930393234636362376233343733336361376236663033376435373263363439356138363664633739393234363937363632306537653164623262363832386364646466316166396130313035653363396531336432363732323930643831623439336633313735646339376561373232336232333764623361356638326163633364383638323133353336373762633430656336646539633964643935626363393138306439626335613162343239646636313232616535326264366364333864643432663233326330323439666339393162323330666636626462366539393438663839373536636333633934393738393635666437643632303066343362343766333830376566386465386138316439346462643964653665633434626537613939316536346566356662313638646161646531316362363738333661313431303431316662316261323465643635653534383661386330663333633635323233346237343761
62613962383466373139366231383662366261323764313131353866336362636532376236663837643764656464363864636134356338303336653765353566
ba9b84f7196b186b6ba27d11158f3cbce27b6f87d7dedd68dca45c8036e7e55f
cf20dbc8b320c0d574e50463e44ee2e36e2dba8c70bd5eed108f3153fd02fff2
37333936373639666461313237353239343932303461383964316337313039633034373634346661316264613530363732383966363065613937393865386566
7396769fda12752949204a89d1c7109c047644fa1bda5067289f60ea9798e8ef
63373366316536316663613031333530313063356435653266313362666666363863366333373139313935363134643233316466656233323930366535623835633062326462626363653132386533336161386637373463653734383338373961323538623230363864333063356234323665613433343431636439346161353439376533383862323064396432613838643333303532393265656463653464643234666539633533636663633632303530366437396630613462623038346630363430653061396365626438336332663837356635353239653761653139353931626266376436623833633062623737343137633463613665303036393338333763393833363736343266643662326131646530373833666362616637653766366139386261636530653630643236653261346461363833303038643237356265356632316462396237323962656666386565303864646530656334396563356465306565313464633562376465316363343138316561626331316565356363616539336635613538373037366666613332613234303137386263353735333662616463316538386139323364373332633365343036396233333662313165
30393539343764623562343862303362616661373961376336623562313935663036663532666162663163353562356131643833633039623338613434313732
095947db5b48b03bafa79a7c6b5b195f06f52fabf1c55b5a1d83c09b38a44172
63633430336263373039363765613362373463356566326530396639316433653832336562383033316636623861366435316362393762616663326336393563653065346238613164623237373032396466323031386438643937336532333662363533616362656630333832326666316138666166613061643831383363383337646532356633356565616437306630303235373535373834653432353864303263393233643166653239666537313765656330383334653762656262386461616363663363656634356638653137393766373439656535363964353763333861643966353663323231366462363534626165616338666239306433626566386563373239376265313130636461316539363536633438313833626564383964633830636135336633653539363063633662323163633030373334353662646464646232623265373234303736313333323537656332313630343263636465363161343366616437343165653437636438346233393461313033346663366536323430613861393931613633626230633465306333366462303031336539623038313635343036646562626138393265313861343337353135356638356365
66336433636361353139393835663864386361663734393330306564373635666139666563623539303330383837633762626238613531666435306461393232
f3d3cca519985f8d8caf749300ed765fa9fecb59030887c7bbb8a51fd50da922
0bcc80197bfbf7ab3516798ac20e010fad243f5ca689514531940ea77923fd60
63366230623866386161626664666133313762623337313839353966666462376438646165383066343638313735653066373837646239643637656230663262
c6b0b8f8aabfdfa317bb3718959ffdb7d8dae80f468175e0f787db9d67eb0f2b
6632323166313331373130303231643030363262303532303966313130303230303030663030
61636266643865646464353839616533623136666539363263383037646164306136393061313838373934646566396666336538363366376436663432626662
acbfd8eddd589ae3b16fe962c807dad0a690a188794def9ff3e863f7d6f42bfb
f221f131710021d0062b05209f110020000f00
32343737313839316361613632663466623266386137313430396536663138633036303036656331353639366666356466336135646265393666336234623133
24771891caa62f4fb2f8a71409e6f18c06006ec15696ff5df3a5dbe96f3b4b13
3730303535323730373430313030373236633537313530313937303130303130313732353930
37306565303735653336636533316161343739666566306362353839396536363561653766393130396566336336343964343663333663336536363561383434
70ee075e36ce31aa479fef0cb5899e665ae7f9109ef3c649d46c36c3e665a844
70055270740100726c57150197010010172590
30343135393461373263616662653934333132303964313739633430323332373536613133363266623132653133376462393238666539303465633639323235
041594a72cafbe9431209d179c40232756a1362fb12e137db928fe904ec69225
3331393435306230373431343130353137373264313736313737343137313232303335653334
32303936363636663963656132636137353739326261646638366663386264653630373762346135303131346262613664636462366630333436656630656264
2096666f9cea2ca75792badf86fc8bde6077b4a50114bba6dcdb6f0346ef0ebd
319450b074141051772d176177417122035e34
35323265633031353663356533653766303066636262306234323037353162323866313833663831646463313333636365643930303230336134383736333433
522ec0156c5e3e7f00fcbb0b420751b28f183f81ddc133cced900203a4876343
3535313437303930333934303036363035373164383732323564323035303830343734373831
35633732616336383736386236353034616464323231613961303836303739363333613130613130646364323361346138663836633562313331343234336236
5c72ac68768b6504add221a9a086079633a10a10dcd23a4a8f86c5b1314243b6
5514709039400660571d87225d205080474781
39656662633734306339393037313466306564656533343266386265663964366564363066316438323133323230333862393663333935653437353363363834
9efbc740c990714f0edee342f8bef9d6ed60f1d821322038b96c395e4753c684
3730303437313731343632303831373536373833343738303762373031353336303036333033
31656466613734656364383466383031613063396235636533373764626637333434316563376536633963343764376663623635653936623765383537383463
1edfa74ecd84f801a0c9b5ce377dbf73441ec7e6c9c47d7fcb65e96b7e85784c
7004717146208175678347807b701536006303
36363931666364386562323166336461633066653933646463643932356133323636346530373865636234386336653137663933633331623737366565336365
6691fcd8eb21f3dac0fe93ddcd925a32664e078ecb48c6e17f93c31b776ee3ce
3938313035313731373131313235613732373137333731313736303037303030313030643931
61656536316335373431336239303838393239616565646534613635303339326236373731303764326438363165326238303337643463626465643331633430
aee61c57413b9088929aeede4a650392b677107d2d861e2b8037d4cbded31c40
98105171711125a72717371176007000100d91
65333565313633666432616561303432343337373231303132303235383464396235623735656231333630393161363730316139363432333762353135653261
e35e163fd2aea04243772101202584d9b5b75eb136091a6701a964237b515e2a
6630323062323930623533323130373031633166313731303537313030343030333832373136
63653766383734346262353539306661336135656238313030383531303066336334616664343631666234643734316130653861663866656134373262326166
ce7f8744bb5590fa3a5eb810085100f3c4afd461fb4d741a0e8af8fea472b2af
f020b290b53210701c1f171057100400382716
34363737626634303562386235363265623561313262336533623063343165613732663365343739373436323438333533313238313038363136323130383366
4677bf405b8b562eb5a12b3e3b0c41ea72f3e47974624835312810861621083f
6632323166313331373130303231643030363262303532303966313130303230303030663030373030353532373037343031303037323663353731353031393730313030313031373235393033313934353062303734313431303531373732643137363137373431373132323033356533343535313437303930333934303036363035373164383732323564323035303830343734373831373030343731373134363230383137353637383334373830376237303135333630303633303339383130353137313731313132356137323731373337313137363030373030303130306439316630323062323930623533323130373031633166313731303537313030343030333832373136
63613036306261373562643834633434343339363064373835366632336162346664666431663538643761623638343831316339643833666163353133353965
ca060ba75bd84c4443960d7856f23ab4fdfd1f58d7ab684811c9d83fac51359e
f221f131710021d0062b05209f110020000f0070055270740100726c57150197010010172590319450b074141051772d176177417122035e345514709039400660571d87225d2050804747817004717146208175678347807b70153600630398105171711125a72717371176007000100d91f020b290b53210701c1f171057100400382716
65356465363834383433636664653264313664366663623735626133383463316336613532633334643761626164323239666361323538313532663331393266
e5de684843cfde2d16d6fcb75ba384c1c6a52c34d7abad229fca258152f3192f
6637333537396632303135303830323039313031323135343434303066353537373562313230303131323337623937373931303030313130373737333437623134343936313530303134323133303134303031323230313038323131303036313530643735363761373032313035373030363735363231366337373737633235323138313162376464333766303131383433313535373737373732303632383131303131323031303939373537373566373764623637313034323730313131313030303030303735313730303031303530343231323833303030303230363030303130343031333037333730303830323534363032663565373364373039333830393130303431333136
32373631626533396663636536333764303462393732656431383435613536633036346264353733376163356664383833366339356361383934626132336638
2761be39fcce637d04b972ed1845a56c064bd5737ac5fd8836c95ca894ba23f8
f73579f201508020910121544400f55775b120011237b97791000110777347b14496150014213014001220108211006150d7567a7021057006756216c7777c2521811b7dd37f01184315577777206281101120109975775f77db67104270111100000075170001050421283000020600010401307370080254602f5e73d709380910041316
65343435376333323736663666346261393330363031633766636163636233376562313431663961363138616130396562623335643035633932636639396466
e4457c3276f6f4ba930601c7fcaccb37eb141f9a618aa09ebb35d05c92cf99df
61636266643865646464353839616533623136666539363263383037646164306136393061313838373934646566396666336538363366376436663432626662373065653037356533366365333161613437396665663063623538393965363635616537663931303965663363363439643436633336633365363635613834343230393636363666396365613263613735373932626164663836666338626465363037376234613530313134626261366463646236663033343665663065626435633732616336383736386236353034616464323231613961303836303739363333613130613130646364323361346138663836633562313331343234336236316564666137346563643834663830316130633962356365333737646266373334343165633765366339633437643766636236356539366237653835373834636165653631633537343133623930383839323961656564653461363530333932623637373130376432643836316532623830333764346362646564333163343063653766383734346262353539306661336135656238313030383531303066336334616664343631666234643734316130653861663866656134373262326166
30643337363130393665393130353261636265303666353565306637636263306537633934396165343139653262613331663631373437323438646465346263
0d3761096e91052acbe06f55e0f7cbc0e7c949ae419e2ba31f61747248dde4bc
61373235316163633030636565656265393764653766653632663666643036616131383837366337633765353636343534646566386537346433393763346264366336643162356365383833353865616234623539333236663939613163353830306561613030386633613734313861623435616139333137376430326136393964633935666632323961656565623262656239666131356538363064616364313263663965653063623861333430383536303761383038663837363537396336643531643938306230306165623766333064366439373966303665363332336135363334626336613033343634396537613137613037373165376661666230633164313934613730343831613165373638303530366431373930646332663965316339646234663164633834643334323436646563623337313766366261646534393461343732316639366166626166646438633830333463666230656536643836333838636236353761363336636564663336663539343866633062366366373333316262656465343337646136363631656534663665343864373435663235333232613034373162623865333863326634626234346162346436633066
37313265663330646561663338393539363765376566646532383031323433656565663736323361303233613238336562376665363139336233633366663037
712ef30deaf3895967e7efde2801243eeef7623a023a283eb7fe6193b3c3ff07
def329e9361d1a9904bd7e182ebd74ec9967e5d72577bf7431013ad843181817
34346539306135343832626165376361393237333632303534316562303263646333363136666339303033653037613434623034313736393766346235613964
44e90a5482bae7ca9273620541eb02cdc3616fc9003e07a44b0417697f4b5a9d
32343737313839316361613632663466623266386137313430396536663138633036303036656331353639366666356466336135646265393666336234623133303431353934613732636166626539343331323039643137396334303233323735366131333632666231326531333764623932386665393034656336393232353532326563303135366335653365376630306663626230623432303735316232386631383366383164646331333363636564393030323033613438373633343339656662633734306339393037313466306564656533343266386265663964366564363066316438323133323230333862393663333935653437353363363834363639316663643865623231663364616330666539336464636439323561333236363465303738656362343863366531376639336333316237373665653363656533356531363366643261656130343234333737323130313230323538346439623562373565623133363039316136373031613936343233376235313565326134363737626634303562386235363265623561313262336533623063343165613732663365343739373436323438333533313238313038363136323130383366
38386139373635313766316166376261393034376530663536306237386439326436346432663339663665663032303032323564656465373136373434303637
88a976517f1af7ba9047e0f560b78d92d64d2f39f6ef0200225dede716744067
32303539366534343432653633363731326639353737356562316537313963636631623834303763366639613134643334313735303866306332366365643561636339623262616135393261383666653031656232623337666135666565313330363439373464343266346666613265623330306334623231306530333566326664663761383063656537316139626539323237646233333162313130346430333437623264316530393466633233396332386430626534306239323036303765323563663235663538343133313961343138326264336465633732363239613035386536623736366664363532306131363462663031383065373336333366303565653666313765346332386438623731663138653139356264326333373631643162363439326333343036366531323839326631333263313466333330366138353763336536336464633831373566626562373033333964396631316132393639613235383063333938646630336336316265323933343065393035313238393033656233363634613437373166653437376236336338353635326236373365313134393663653530623233363365383132343863323333353334656166
37326166633735303863393839376235353335626663313036333533636462386463323761393030383132363134316634393836386166636431356537623932
72afc7508c9897b5535bfc106353cdb8dc27a9008126141f49868afcd15e7b92
2f0fdec421c3db5dbbd2fba8f9a4e5ce93d32bf192686b675163a99ad837c92a
64316233613463353732323361613935396539363333323736643037636337613661333335366636383230353631343463376362353531626166333563303034
d1b3a4c57223aa959e9633276d07cc7a6a3356f682056144c7cb551baf35c004
3136376430373037323164633766313764323330363033613030376235633737646464306637
39636563333664613633393665646461343635636639663638633230663033316462306166386332653136656336383136636433356461613436306232623165
9cec36da6396edda465cf9f68c20f031db0af8c2e16ec6816cd35daa460b2b1e
167d070721dc7f17d230603a007b5c77ddd0f7
64616262636362303366643439343235616131343136306437383034663437656434363530356563393433626138653039663231383566343739366139313166
dabbccb03fd49425aa14160d7804f47ed46505ec943ba8e09f2185f4796a911f
3361663734363636353762396633343337303734373439663835653139623766393733353966
31626438636336613463333038653162313432303862323137326634306438343264663962653630333130333764363835626531656533643861636331653030
1bd8cc6a4c308e1b14208b2172f40d842df9be6031037d685be1ee3d8acc1e00
3af7466657b9f3437074749f85e19b7f97359f
61363531666531393564646263636464343562626265323734303338366165313462626330346363373438316564366565396563363837613138623663613863
a651fe195ddbccdd45bbbe2740386ae14bbc04cc7481ed6ee9ec687a18b6ca8c
3035393731373166303737353764306237323630353736663134376637373633333337303335
63326636353465346461326662393035616361306461353833623663633439353439356563373237343831346566656635616461393232383938663534353430
c2f654e4da2fb905aca0da583b6cc495495ec7274814efef5ada922898f54540
0597171f07757d0b7260576f147f7763337035
63623238383564616331373461393432303539633766353537333734643636636637336566373861336639653063336237353561663438326561333633353437
cb2885dac174a942059c7f557374d66cf73ef78a3f9e0c3b755af482ea363547
3535623634393166333937376137346437363730393037373131373635623965353737343862
64363266623261333339346638393064336135343739656132343664323634666239303433333131643437353836393332326438326331353264313964643538
d62fb2a3394f890d3a5479ea246d264fb9043311d475869322d82c152d19dd58
55b6491f3977a74d7670907711765b9e57748b
32383662666633313930356664386634616630323337633465616137663130613838393036623930396437653066656134366462653931306263343037666665
286bff31905fd8f4af0237c4eaa7f10a88906b909d7e0fea46dbe910bc407ffe
3633623730353737343733643937373737333931373139663431373337373737376437316437
35376638666635333237303966383965333239323736343264393161376465656265646465326435316135356132663965343865653566353966363463333237
57f8ff532709f89e32927642d91a7deebedde2d51a55a2f9e48ee5f59f64c327
63b70577473d97777391719f417377777d71d7
32636237663932656331666563353933303266366331383530633936616133313237343730666234643737333661663862653637373162636334363733303139
2cb7f92ec1fec59302f6c1850c96aa3127470fb4d7736af8be6771bcc4673019
3839396535333237356433393735303733366635373437373736666437393735666666303937
66333139313463393532653565346333393962353565626236643134343333613862396462653864643162323362393534646466386232346532346366326336
f31914c952e5e4c399b55ebb6d14433a8b9dbe8dd1b23b954ddf8b24e24cf2c6
899e53275d39750736f5747776fd7975fff097
38303231313530613966393135396535326336383632623332333233306132613165653238636161653663306462373238396338393162336337653131346662
8021150a9f9159e52c6862b323230a2a1ee28caae6c0db7289c891b3c7e114fb
3065366130373966303737336666336362306631643662363435646664366636373933323737
39303039653533613433326230653766356330353332383261633039643766653265646637316266633533653461353661633238306132386237643233396133
9009e53a432b0e7f5c053282ac09d7fe2edf71bfc53e4a56ac280a28b7d239a3
0e6a079f0773ff3cb0f1d6b645dfd6f6793277
30326431343037636137393638643332373338316165333433356435313936396462613931313963636431343939643364613665313133346530643461616137
02d1407ca7968d327381ae3435d51969dba9119ccd1499d3da6e1134e0d4aaa7
3136376430373037323164633766313764323330363033613030376235633737646464306637336166373436363635376239663334333730373437343966383565313962376639373335396630353937313731663037373537643062373236303537366631343766373736333333373033353535623634393166333937376137346437363730393037373131373635623965353737343862363362373035373734373364393737373733393137313966343137333737373737643731643738393965353332373564333937353037333666353734373737366664373937356666663039373065366130373966303737336666336362306631643662363435646664366636373933323737
32663530396366373733353838353834393664336137346461646534656632343863303861336630353461323766643438646635343331666563613932643639
2f509cf77358858496d3a74dade4ef248c08a3f054a27fd48df5431feca92d69
167d070721dc7f17d230603a007b5c77ddd0f73af7466657b9f3437074749f85e19b7f97359f0597171f07757d0b7260576f147f776333703555b6491f3977a74d7670907711765b9e57748b63b70577473d97777391719f417377777d71d7899e53275d39750736f5747776fd7975fff0970e6a079f0773ff3cb0f1d6b645dfd6f6793277
31666636383231323231393537653732393230333163383830303866666233326430616437666261313163663731613065393865303830663639666534623366
1ff6821221957e7292031c88008ffb32d0ad7fba11cf71a0e98e080f69fe4b3f
3133303536383036613535333965376639626239366437373637656130343134303530373637393533373036313137323937366666373766323530333435303137373937643764623737333337633935376439333766376139376666336437373566313430343730333733626437376364373737373362323032363336303337363739666630343030313531363735393737643034373031343633393637393762616666376637363038313134373430353431313635376537373766646231663633646635393735373764636237623739363737363937376637663365373536643933353766376437333764663964333737376633303530343130326639333864393737663562373737
34306533643061653439376637336361653135333936376137366266663266623061613732316436323131633662333366653933386262373330323763306639
40e3d0ae497f73cae153967a76bff2fb0aa721d6211c6b33fe938bb73027c0f9
13056806a5539e7f9bb96d7767ea04140507679537061172976ff77f250345017797d7db77337c957d937f7a97ff3d775f140470373bd77cd77773b202636037679ff0400151675977d0470146396797baff7f76081147405411657e777fdb1f63df597577dcb7b796776977f7f3e756d9357f7d737df9d3777f30504102f938d977f5b777
63333333343061666262623134616139666466333030326165303266666466343231316432376665653936303935623466336162626661633939626162303161
c33340afbbb14aa9fdf3002ae02ffdf4211d27fee96095b4f3abbfac99bab01a
39636563333664613633393665646461343635636639663638633230663033316462306166386332653136656336383136636433356461613436306232623165316264386363366134633330386531623134323038623231373266343064383432646639626536303331303337643638356265316565336438616363316530306332663635346534646132666239303561636130646135383362366363343935343935656337323734383134656665663561646139323238393866353435343064363266623261333339346638393064336135343739656132343664323634666239303433333131643437353836393332326438326331353264313964643538353766386666353332373039663839653332393237363432643931613764656562656464653264353161353561326639653438656535663539663634633332376633313931346339353265356534633339396235356562623664313434333361386239646265386464316232336239353464646638623234653234636632633639303039653533613433326230653766356330353332383261633039643766653265646637316266633533653461353661633238306132386237643233396133
35616334336262646562386631393763343334326465323835313736643064333630653738316637323564646537636433316366633036623339653230336337
5ac43bbdeb8f197c4342de285176d0d360e781f725dde7cd31cfc06b39e203c7
39316364356639636232363733306564663266313063383666383939336335626631653663343266343564366561356333616134333339613634643332353433636139373233393332343065323630666639356265386238666530646539393834656431303039633761623564653366343161333339353634636132396335326135396230633030343235356638643737353339626139366532663235653462383631386132623238373332643661633262343964633266363631313030346364613439663063323734643064343664333733383934653366313435666561656432346262383262643939656265306635306439646139653464646666626333656237386537333265316336323164386232303731356466653334643164633131383461313536303137356233653334353532656337653861333436646636326261383665396639353138663339353636353532653461636261323464636465646438643233316138656638356539326538306465326335626161333231663232616438353534383438393239656236613864663237306366313634646263353934633232313464636633626535643332393130343532636165303038373633
65336239633931656335303936363930613636303666653261313131373264316139663165333663656534663335343239633130663063336533633064663030
e3b9c91ec5096690a6606fe2a11172d1a9f1e36cee4f35429c10f0c3e3c0df00
a7051257fa0141eb33aacb1ef9d2f6451d369f7342d501af4a496953b3d1a544
36356362393930646565393132663365653965366466383865393264373566376237363163633063376166386562643635336532643631373733303533363861
65cb990dee912f3ee9e6df88e92d75f7b761cc0c7af8ebd653e2d6177305368a
64616262636362303366643439343235616131343136306437383034663437656434363530356563393433626138653039663231383566343739366139313166613635316665313935646462636364643435626262653237343033383661653134626263303463633734383165643665653965633638376131386236636138636362323838356461633137346139343230353963376635353733373464363663663733656637386133663965306333623735356166343832656133363335343732383662666633313930356664386634616630323337633465616137663130613838393036623930396437653066656134366462653931306263343037666665326362376639326563316665633539333032663663313835306339366161333132373437306662346437373336616638626536373731626363343637333031393830323131353061396639313539653532633638363262333233323330613261316565323863616165366330646237323839633839316233633765313134666230326431343037636137393638643332373338316165333433356435313936396462613931313963636431343939643364613665313133346530643461616137
32333936666337656337333666316564316135646662363739343132363961633135363231353335346262646164396638343236356433663937396566333836
2396fc7ec736f1ed1a5dfb67941269ac156215354bbdad9f84265d3f979ef386
64616332323830613662386330326235323662326462313862373131636638666631346365356639353062316433323037303961316561633335633963396166643130316637646437356639393462346665313639636164633538346339383539643264346639653335643234333532613430613032376135356632633331623930663638346263323638313162373363366136656637313265303235633862336437353435333437343765303233383033616333353033376139326434383437363335663664666130313461363161613937653630333236653163613161396434663832316434623738376562366233393465613563653037323930306636303831353437626663316563383962613963636130346163393733396465633434666437366433383937376331623165653330346165303036643938646366616239653633656637643065626138323339653734623864663935366539613265356436633631636162373865383666653739313538343931313166373831626233346132306333343731656263636539386163343730366233343665646136363037313439633337333161316135663034613138346631666166633765396237
63353036356366353163373039633433363431313338393432396532623437383364316432303965613331623630633833353961386364663033626535363936
c5065cf51c709c436411389429e2b4783d1d209ea31b60c8359a8cdf03be5696
31eee41acadd380a182eedb9bb8f008b027b0fb8befd6e06a88d0127d4f89f6f
66623836373062393437376331633364313038613735643864373930336535623362346564313063613533646333303837623062656639656238326139633366
fb8670b9477c1c3d108a75d8d7903e5b3b4ed10ca53dc3087b0bef9eb82a9c3f
3132326466313331373164303766643730363230363032303066313135633237303030663030
64643436303762653230306666343731323565316135666135376662376263346334336438666632343463373532643762333335353537393332306232633964
dd4607be200ff47125e1a5fa57fb7bc4c43d8ff244c752d7b3355579320b2c9d
122df13171d07fd7062060200f115c27000f00
30666435663132356131636430316138633732386335303636343831326632353162313139396332636339343132353930353265643065383235393931333738
0fd5f125a1cd01a8c728c50664812f251b1199c2cc941259052ed0e825991378
3330303735323730373762316633373336633534373430313837303139623166313732353930
39326330366130343931653866666338313033326162653139633336646166646331393665633438313636333436313330383663373531636537353739393936
92c06a0491e8ffc81032abe19c36dafdc196ec4816634613086c751ce7579996
3007527077b1f3736c54740187019b1f172590
36626632333863373334303634643438623339313262363936643761656230333931663930646236646437643765626131386633313965326237316138616635
6bf238c734064d48b3912b696d7aeb0391f90db6dd7d7eba18f319e2b71a8af5
3031393735306230373737343764356237373230353736313137343137373233303335653334
66646262633337356339333236303132386334373436393866336432333336323833383333643436353261393931653133396335616331306232326531303030
fdbbc375c93260128c474698f3d2336283833d4652a991e139c5ac10b22e1000
019750b077747d5b7720576117417723035e34
39616563386531656637353633363234663434373737343536396437346265353165323539653737373363356466623966383161313866383539323163323463
9aec8e1ef7563624f447774569d74be51e259e7773c5dfb9f81a18f85921c24c
3535313637303930333937306137366435373130393032323164323035623865343734373831
30306664323536393965303737316365373830613636336138646234336637633839353138346333636337343536646363393663383130356434333737363435
00fd25699e0771ce780a663a8db43f7c895184c3cc7456dcc96c8105d4377645
551670903970a76d571090221d205b8e474781
66316235316430663936333934373137633036383335636233636561346136653330366163303161393539633263663461323364633837303432383833633961
f1b51d0f96394717c06835cb3cea4a6e306ac01a959c2cf4a23dc87042883c9a
3630303737313731343733303937373736373831373138303462373037373337303036333033
31306431643939303133393262633863373566643839363961383538656636376333663163326365396564353436313431653139626339643037633537623963
10d1d9901392bc8c75fd8969a858ef67c3f1c2ce9ed546141e19bc9d07c57b9c
6007717147309777678171804b707737006303
66323835316136346235333364373835643861316262616634306563396562333562313931303463333834643230346431336539333735373336393838323962
f2851a64b533d785d8a1bbaf40ec9eb35b19104c384d204d13e937573698829b
3838316535313731376433313735613732373135373431313736303037393035313030643931
31333839633463613933616161623737393766326663313733336232333639666639313739656263656632376436623466626333316530333535356636653136
1389c4ca93aaab7797f2fc1733b2369ff9179ebcef27d6b4fbc31e03555f6e16
881e51717d3175a72715741176007905100d91
34613230646662643735363632623663373637613034353466333835366430333763626231376639326137313636353730363564376537656133323830373432
4a20dfbd75662b6c767a0454f3856d037cbb17f92a716657065d7e7ea3280742
3030326162323930623737326666376331633131643631303437313064363036333832373136
30613936653738356338363761666664623263613633373434646666326231383437653436373032313465666137646466613132646163613861333730333833
0a96e785c867affdb2ca63744dff2b1847e4670214efa7ddfa12daca8a370383
002ab290b772ff7c1c11d6104710d606382716
31306264383134306234363833613934353966353865633835366438363332336535363661366238626132366537643237373765303239353236633965333434
10bd8140b4683a9459f58ec856d86323e566a6b8ba26e7d2777e029526c9e344
3132326466313331373164303766643730363230363032303066313135633237303030663030333030373532373037376231663337333663353437343031383730313962316631373235393030313937353062303737373437643562373732303537363131373431373732333033356533343535313637303930333937306137366435373130393032323164323035623865343734373831363030373731373134373330393737373637383137313830346237303737333730303633303338383165353137313764333137356137323731353734313137363030373930353130306439313030326162323930623737326666376331633131643631303437313064363036333832373136
38646139643933616138666135313564383437353430333537623130623766386138633661393064393136626634616164366432666664636366633231333831
8da9d93aa8fa515d847540357b10b7f8a8c6a90d916bf4aad6d2ffdccfc21381
122df13171d07fd7062060200f115c27000f003007527077b1f3736c54740187019b1f172590019750b077747d5b7720576117417723035e34551670903970a76d571090221d205b8e4747816007717147309777678171804b707737006303881e51717d3175a72715741176007905100d91002ab290b772ff7c1c11d6104710d606382716
35623032623235636366323836633531666165633936316237653636386534316265366566306330623437383632313238626366323030653235616333666439
5b02b25ccf286c51faec961b7e668e41be6ef0c0b47862128bcf200e25ac3fd9
3133303536383032303135303830323039313031326437373637656166353537373562313230303131323337623937373931303030313130373737333437623137373937643764623737333337303134303031323766376139376666336437373566643735363761373733626437376330363735363231366337373737633235323138313130343030313531363735393737643034373031343632303632383131303131323031303038313134373466373764623637313034323730313131313030303035393735373764636237623739363231323833303037663365373536303130343031333037333730303830323534363032663565373364373039333830393130303431333136
33663332333363373335363434363836613634633738333138323466623832363039646437373836393934393366333831616230656437306439393163373635
3f3233c735644686a64c7831824fb82609dd778699493f381ab0ed70d991c765
130568020150802091012d7767eaf55775b120011237b97791000110777347b17797d7db7733701400127f7a97ff3d775fd7567a773bd77c06756216c7777c25218110400151675977d0470146206281101120100811474f77db6710427011110000597577dcb7b79621283007f3e756010401307370080254602f5e73d709380910041316
32396164343561353362323765643361303231636430643635396637333037633438623833323139643239643666623863303762383634336137363562316434
29ad45a53b27ed3a021cd0d659f7307c48b83219d29d6fb8c07b8643a765b1d4
64643436303762653230306666343731323565316135666135376662376263346334336438666632343463373532643762333335353537393332306232633964393263303661303439316538666663383130333261626531396333366461666463313936656334383136363334363133303836633735316365373537393939366664626263333735633933323630313238633437343639386633643233333632383338333364343635326139393165313339633561633130623232653130303030306664323536393965303737316365373830613636336138646234336637633839353138346333636337343536646363393663383130356434333737363435313064316439393031333932626338633735666438393639613835386566363763336631633263653965643534363134316531396263396430376335376239633133383963346361393361616162373739376632666331373333623233363966663931373965626365663237643662346662633331653033353535663665313630613936653738356338363761666664623263613633373434646666326231383437653436373032313465666137646466613132646163613861333730333833
36626430363766383034323631363333363564323036626364623831653839646165646639363362306538303637323061363335346436653833383264616663
6bd067f80426163365d206bcdb81e89daedf963b0e806720a6354d6e8382dafc
64396630313130643264303033613463626664383936306264313936303663326463653761333539343762303736396338653435393061353239633931396330313965333338306533303961366638323732613766663637626161346630316362663763316338376631383265633764323138373739623530633835373265333430666663313237616432616161343638663635623636396333666539333631376131386139373435396638613334376333643833646633646235626662363234383266376433336533326261336666366263663637363931346432633766386363383863663434313339333937333938356631656436333131373438653338633936666364343265376634346363623032383633656332343135633965313436326365663463366137643265373339343537663534393534646132363136363637643165643162643733316334346462303363316666333839396562613336633631633135633563393332353761386231643535633163656137313130393063396330356433613365626430353832373234373561303532336335336237653735663732393137373630633930366265333939303439313864363035633633
32313266353461373364346436316637393063653265353138396230323335343465633838626534633739626130343239383933376266323138623161393366
212f54a73d4d61f790ce2e5189b023544ec88be4c79ba04298937bf218b1a93f
bb0e7179ae8da263915b38b363be5fc7727be14fa964e484543875246be8c547
35316562626430353539366364346136306666353938643936353463373436666330313565376430376436636566643366353861343535633739633333303865
51ebbd05596cd4a60ff598d9654c746fc015e7d07d6cefd3f58a455c79c3308e
30666435663132356131636430316138633732386335303636343831326632353162313139396332636339343132353930353265643065383235393931333738366266323338633733343036346434386233393132623639366437616562303339316639306462366464376437656261313866333139653262373161386166353961656338653165663735363336323466343437373734353639643734626535316532353965373737336335646662396638316131386638353932316332346366316235316430663936333934373137633036383335636233636561346136653330366163303161393539633263663461323364633837303432383833633961663238353161363462353333643738356438613162626166343065633965623335623139313034633338346432303464313365393337353733363938383239623461323064666264373536363262366337363761303435346633383536643033376362623137663932613731363635373036356437653765613332383037343231306264383134306234363833613934353966353865633835366438363332336535363661366238626132366537643237373765303239353236633965333434
38316436643630363131363433396436643662363533356439663434386433323334326461386538373337353331313139633166323630656336663834393163
81d6d606116439d6d6b6535d9f448d32342da8e8737531119c1f260ec6f8491c
30363966663431666261313261306466656238326235326335353064663338313164383138656461663132633130366234353765663464306133663962376231343736353534633035333336366436363933363830343334643233316436373762616134323138363938383437356334636266636437353733343038363932393436613766383137383161356332373362303835623735623465303634636135633639356266343836363633346635346439633033363837646565386431613761633538326534343936366662626165643332306536623032353335653333333139313335376562316530626335316632363162363139356139623639303963313161396465303037366362373134666232363761633938636437393332626364333538616139376339343732346435636431363137643232366532656663303637356262663435643961393464373230316661313037353838323336373266313365353765336164396465643131633337303039383837653265656637353739383238303765353262353433613235373932363336393132383932633961313838383931386333383065336132633237333766343939343438356361623234
61386535383364326434623230656339623436626233363033653865383131613937356238363964386232306538366530316330623232363631646462613533
a8e583d2d4b20ec9b46bb3603e8e811a975b869d8b20e86e01c0b22661ddba53
a7661e6a8099fbaeb7b89dd2b977553e66636b145faa3e662530523e3a5301c6
35626462303032353634303162393862313263613838336137363533386634313465303365376437326562346537376135646331613233646638373161333035
5bdb00256401b98b12ca883a76538f414e03e7d72eb4e77a5dc1a23df871a305
6636373130373037323130633231313064323362303533613930376230303730646464306637
38653365356161633733633735376435303630666536636138656631363261633732633162643836643766363434643631626261643239303532663766393662
8e3e5aac73c757d5060fe6ca8ef162ac72c1bd86d7f644d61bbad29052f7f96b
f6710707210c2110d23b053a907b0070ddd0f7
32363264626236353236363839383234653761643334303038303931323133646462643235343132303163663039303866636362373364653861353565336339
262dbb6526689824e7ad34008091213ddbd2541201cf0908fccb73de8a55e3c9
3761663534363636353430393030343237303737313539663935653130303730393733353966
61346338663364313434626665306232336566306132336133663964303563333934326538653939653234353738306339643730306530616437626637623035
a4c8f3d144bfe0b23ef0a23a3f9d05c3942e8e99e245780c9d700e0ad7bf7b05
7af54666540900427077159f95e1007097359f
39353234373832313930643461343938383361636264313466383635623938646638623265333135396264356562343633313538316136643331303366623636
9524782190d4a49883acbd14f865b98df8b2e3159bd5eb4631581a6d3103fb66
3335393431373166303431353130303137323664313736663734376637313632333337303335
63376336336666326662353932356536316434373036663565313036326562303839653134666335386565636466646466323464653666373436373938353132
c7c63ff2fb5925e61d4706f5e1062eb089e14fc58eecdfddf24de6f746798512
3594171f04151001726d176f747f7162337035
37666134346362353665623332663838623165613264353939643339383965656362656431333136323031323431343235316661613866613238616662643866
7fa44cb56eb32f88b1ea2d599d3989eecbed13162012414251faa8fa28afbd8f
3535623434393166333934373036343037363764383737373531373635303930353737343862
32653337653638396431623830316339326330353939316536323732343233636136326134323564376437623732653934393264366435623063376631383834
2e37e689d1b801c92c05991e6272423ca62a425d7d7b72e9492d6d5b0c7f1884
55b4491f39470640767d87775176509057748b
34633634616232386663343432636136396165636162393664646639663638353530366333613831353436356561663162663839626265313336623437653066
4c64ab28fc442ca69aecab96ddf9f685506c3a815465eaf1bf89bbe136b47e0f
3733623430353737343632643831373537333933343739663731373331353736376437316437
66333465613832363063353030626536636532363065656536643135366138623138353765306533313563306134616161383538333137656164383639303234
f34ea8260c500be6ce260eee6d156a8b1857e0e315c0a4aaa858317ead869024
73b40577462d81757393479f717315767d71d7
65333232343033313161363235613935653134336466346365343063353564316433633664326464613435363464646533363239623030333237383434376534
e32240311a625a95e143df4ce40c55d1d3c6d2dda4564dde3629b003278447e4
3939393035333237353131393235303733366637333737373736666437303730666666303937
64626432653835636362653839323266343935653461656335303765323663393964393732383863333236303864623238336338333933316564326637366330
dbd2e85ccbe8922f495e4aec507e26c99d97288c32608db283c83931ed2f76c0
999053275119250736f7377776fd7070fff097
34666363653830383337376666623038646130653266346634323230633665633835353262633733333439313763343465353131343164643932336462343338
4fcce808377ffb08da0e2f4f4220c6ec8552bc7334917c44e51141dd923db438
6665363030373966303533333130333062306666313762363535646630346630373933323737
64333564343661363639633531343861333362653530313737316236616330656161353735303732316662386261313533303262376232333966613539383334
d35d46a669c5148a33be501771b6ac0eaa5750721fb8ba15302b7b239fa59834
fe60079f05331030b0ff17b655df04f0793277
65613039616133653761653536346632336165303261633732376566643834666231393737383936626332613235623130653264343336396562326230626434
ea09aa3e7ae564f23ae02ac727efd84fb1977896bc2a25b10e2d4369eb2b0bd4
6636373130373037323130633231313064323362303533613930376230303730646464306637376166353436363635343039303034323730373731353966393565313030373039373335396633353934313731663034313531303031373236643137366637343766373136323333373033353535623434393166333934373036343037363764383737373531373635303930353737343862373362343035373734363264383137353733393334373966373137333135373637643731643739393930353332373531313932353037333666373337373737366664373037306666663039376665363030373966303533333130333062306666313762363535646630346630373933323737
62383039623736646239316136626263353038306439623032363638646332633239623064343364333864313464643633663337303061303162666134326137
b809b76db91a6bbc5080d9b02668dc2c29b0d43d38d14dd63f3700a01bfa42a7
f6710707210c2110d23b053a907b0070ddd0f77af54666540900427077159f95e1007097359f3594171f04151001726d176f747f716233703555b4491f39470640767d87775176509057748b73b40577462d81757393479f717315767d71d7999053275119250736f7377776fd7070fff097fe60079f05331030b0ff17b655df04f0793277
33306166343537616561643061356131333163363835616130666265393735383861636132313863366238633530303466633935323238343831643263653365
30af457aead0a5a131c685aa0fbe97588aca218c6b8c5004fc95228481d2ce3e
6637333537396636613535333965376639626239363135343434303030343134303530373637393533373036313137323937366666373766323530333435303134343936313530303134323133633935376439333230313038323131303036313530313430343730333032313035373064373737373362323032363336303337363739666662376464333766303131383433313535373737373733393637393762616666376637363939373537373530353431313635376537373766646231663633646630303735313730303031303530343737363937376630303230363030643933353766376437333764663964333737376633303530343130326639333864393737663562373737
31613766353039373866323266636438383766383232373837366530616163383837363661613630363338626235633339373334383636623162323931306138
1a7f50978f22fcd887f8227876e0aac88766aa60638bb5c39734866b1b2910a8
f73579f6a5539e7f9bb96154440004140507679537061172976ff77f250345014496150014213c957d932010821100615014047030210570d77773b202636037679ffb7dd37f01184315577777396797baff7f76997577505411657e777fdb1f63df00751700010504776977f0020600d9357f7d737df9d3777f30504102f938d977f5b777
30353839303837306531313631616138633664623961613661393563616236383665383137383035366562663933333134306562343565333865623836643764
05890870e1161aa8c6db9aa6a95cab686e8178056ebf933140eb45e38eb86d7d
38653365356161633733633735376435303630666536636138656631363261633732633162643836643766363434643631626261643239303532663766393662613463386633643134346266653062323365663061323361336639643035633339343265386539396532343537383063396437303065306164376266376230356337633633666632666235393235653631643437303666356531303632656230383965313466633538656563646664646632346465366637343637393835313232653337653638396431623830316339326330353939316536323732343233636136326134323564376437623732653934393264366435623063376631383834663334656138323630633530306265366365323630656565366431353661386231383537653065333135633061346161613835383331376561643836393032346462643265383563636265383932326634393565346165633530376532366339396439373238386333323630386462323833633833393331656432663736633064333564343661363639633531343861333362653530313737316236616330656161353735303732316662386261313533303262376232333966613539383334
63346434613764393833313333366537643037373536623539636463623666653130396537613532646637656263323834623364616330323238383138333032
c4d4a7d9831336e7d07756b59cdcb6fe109e7a52df7ebc284b3dac0228818302
38616332666464653437653362333363633334643565383637653264356633656165346133663638383661646638323561633132393663363734666430633633346231636239636235623565633766393830383535653230303931373035316232346462656365323835323639366661303331326334333665646365393330663430323562663037353665656561303930343536323639656130633366316565316161356565633738336536363537656631326430316639303731376231643632356536363032343632613235653261366361636233386330633330636239653739386131396132343936386461633265323539353165316137373762383434653235646566323038303839633565383736393564336332646538373133313732656435326666346537633662363563623030383437643761386234386632346461643064656162313663643961323531396634613833626432393833306237343235633261306464383862643065363333373265366431396239306635373332306137626531333564343061653932373663646466666237373832613766396636663566373831393739396235383036383630313832633362353234343034
32383732633132303761643466353832633831633765643434363036646237313034653733393138613066323966396239336663633234323636356565323662
2872c1207ad4f582c81c7ed44606db7104e73918a0f29f9b93fcc242665ee26b
38c676dab3e41e0bbd7bcf0e7ec5ebafe6b3a69afe3c02e32611245a10426128
31336432373564666564656432653330316461353937393565376234353366363034386564393666366563323438356232653466373862376631623933303735
13d275dfeded2e301da59795e7b453f6048ed96f6ec2485b2e4f78b7f1b93075
32363264626236353236363839383234653761643334303038303931323133646462643235343132303163663039303866636362373364653861353565336339393532343738323139306434613439383833616362643134663836356239386466386232653331353962643565623436333135383161366433313033666236363766613434636235366562333266383862316561326435393964333938396565636265643133313632303132343134323531666161386661323861666264386634633634616232386663343432636136396165636162393664646639663638353530366333613831353436356561663162663839626265313336623437653066653332323430333131613632356139356531343364663463653430633535643164336336643264646134353634646465333632396230303332373834343765343466636365383038333737666662303864613065326634663432323063366563383535326263373333343931376334346535313134316464393233646234333865613039616133653761653536346632336165303261633732376566643834666231393737383936626332613235623130653264343336396562326230626434
66323462613230376464653433663539626232356462393339643839343466313436656531646133373765343064313737326134333566623338633236653762
f24ba207dde43f59bb25db939d8944f146ee1da377e40d1772a435fb38c26e7b
32393734653465363566633366613232613632633064343434326339623734613465616238636230386136326232333033353135383138653239366631333736306563613761366462343637653834333432663539613232356636383466636162343239386139306634383836353832653862396564333733316131616161616565343065646361633365303362326164323234646462666661303135393434633034393663663738663964653432303864643432373936336630326531353939633066326238663563643139393635363833386538646534646465353163666466633564386262386230333531646265366335393232646336323735653133646237343333613263383131313864373932353631643336303932356133623162303434346363643136353932663532353631613065346534373239623161646335303434666434623836323165343166333562336530633131663635656335663832313262386139393164373161626234343361386230313364366665306436656461313364393833323332396561313836373262353061623833323533663434646265666237346230336264653734626336383065336439366666343834
38333966623833343162363333323437326132633330616661396138386336306637646139373465363031313237653762616430393631393939663135366332
839fb8341b6332472a2c30afa9a88c60f7da974e601127e7bad0961999f156c2
c62e26de73b3fafd4eaad51fb9f7aca95fe288a8c2805dd6fef5c81ffbdf2327
39323562376537353534636334636638323130613734656666303964333263306433306336303261623766633635363739626132363864303664303933363437
925b7e7554cc4cf8210a74eff09d32c0d30c602ab7fc65679ba268d06d093647
3136373130373037323130633231313030323330303033613030316230303230643064306637
34326365333232366630623165623034316235353834333365366139386639333861323638643466343630653965326139326666346466323463343834373961
42ce3226f0b1eb041b558433e6a98f938a268d4f460e9e2a92ff4df24c48479a
16710707210c21100230003a001b0020d0d0f7
38346237643463303638386630616233383132306236303437393262303465626132336162643832346263636434336437363831333963363735376333613533
84b7d4c0688f0ab38120b604792b04eba23abd824bccd43d768139c6757c3a53
3361663534363636353430393030343236303734313439663835303130303130393733353966
30373063386262373863326439613833613165366132316138376335393431323362353930343965623462323131326239623566663230306639633736646539
070c8bb78c2d9a83a1e6a21a87c594123b59049eb4b2112b9b5ff200f9c76de9
3af54666540900426074149f8501001097359f
64376535336465376364653931393432323262636135306230393566303537616139346432653533323833333837353236613065363265623534613635383130
d7e53de7cde9194222bca50b095f057aa94d2e53283387526a0e62eb54a65810
3035393431373166303431353130303137323630313736663134346637313232333337303335
34393837383266396530353539666539633532383764386262323765373437396436643266343431363833643730366561656439363739356163386266346534
498782f9e0559fe9c5287d8bb27e7479d6d2f441683d706eaed96795ac8bf4e4
0594171f041510017260176f144f7122337035
62326262663134616332356337666631376634653737373361343932303230333864653032666131373034383564616433663938313130666563373034653862
b2bbf14ac25c7ff17f4e7773a49202038de02fa170485dad3f98110fec704e8b
3535623434393166333934373036343035363730383037373131323635303830353737343862
63353839663966393736383030363331346265656635636264343762626435313430396161363666303331636532306432666430393532363636373835326236
c589f9f9768006314beef5cbd47bbd51409aa66f031ce20d2fd09526667852b6
55b4491f39470640567080771126508057748b
30343235323636336634383961383434613766373436613763373531333862316336313633646634336633303062613431643834363134343135663031363236
04252663f489a844a7f746a7c75138b1c6163df43f300ba41d84614415f01626
3633623430353737343632643831373536333931343139663431373331353336373037316437
32386462323830626561376531626237333530393736616332313165376663656134313839643131393663343331313434373534373938356162613831343866
28db280bea7e1bb7350976ac211e7fcea4189d1196c4311447547985aba8148f
63b40577462d81756391419f417315367071d7
38356338306461313933623766323831366564303730393432643837343062396236643465646161393365306439336332643630383830373864393532623765
85c80da193b7f2816ed070942d8740b9b6d4edaa93e0d93c2d6088078d952b7e
3839393035333237353131393235303732366635333437373736306437303030663066303937
35336434626661373936633931653163636366363036656333383133363131306231376532653831336635373838306137373661633062613462316334623231
53d4bfa796c91e1cccf606ec38136110b17e2e813f57880a776ac0ba4b1c4b21
899053275119250726f53477760d7000f0f097
33643261623736346330666130323132363937616164313030333061303636383362616464646532336630663532346535316262663530363636356335623438
3d2ab764c0fa0212697aad10030a06683baddde23f0f524e51bbf506665c5b48
3065363030373966303533333130333031306631313662363435316630343030373833323737
37316338356330636138313230653032636636363730383065663436643762343763313762663834616332393861333938653564396364373133613939356139
71c85c0ca8120e02cf667080ef46d7b47c17bf84ac298a398e5d9cd713a995a9
0e60079f0533103010f116b6451f0400783277
39623431386431633461396233663237303165396238383637356230633638663130366335303432386465366430343465383639613137623736323866616334
9b418d1c4a9b3f2701e9b88675b0c68f106c50428de6d044e869a17b7628fac4
3136373130373037323130633231313030323330303033613030316230303230643064306637336166353436363635343039303034323630373431343966383530313030313039373335396630353934313731663034313531303031373236303137366631343466373132323333373033353535623434393166333934373036343035363730383037373131323635303830353737343862363362343035373734363264383137353633393134313966343137333135333637303731643738393930353332373531313932353037323666353334373737363064373030306630663039373065363030373966303533333130333031306631313662363435316630343030373833323737
62366234393161636566653066393337316631653861666238626130633262356238663263663836303165303636373231623332323639386362336365646434
b6b491acefe0f9371f1e8afb8ba0c2b5b8f2cf8601e066721b322698cb3cedd4
16710707210c21100230003a001b0020d0d0f73af54666540900426074149f8501001097359f0594171f041510017260176f144f712233703555b4491f39470640567080771126508057748b63b40577462d81756391419f417315367071d7899053275119250726f53477760d7000f0f0970e60079f0533103010f116b6451f0400783277
35303333646163613166363332633734633266363537363433336633653736363465353434343165623133313034353139356263646564353165333463383634
5033daca1f632c74c2f6576433f3e7664e54441eb131045195bcded51e34c864
3133303536383036613535333965376639626239363135343434303030343134303530373637393533373036313137323937366666373766323530333435303134343936313530303134323133633935376439333230313038323131303036313530313430343730333032313035373030363735363231323032363336303337363739666630343030313531303131383433313034373031343633393637393762616666376637363038313134373430353431313635313034323730316231663633646630303735313730303031303530343231323833303030303230363030643933353766373037333730303864333737376633303530343130326639333864393737663562373737
66656237333336346335346663643864623637303733386539623130383731343537316233373930643762363831363133323862383031386235616533633633
feb73364c54fcd8db670738e9b108714571b3790d7b68161328b8018b5ae3c63
13056806a5539e7f9bb96154440004140507679537061172976ff77f250345014496150014213c957d9320108211006150140470302105700675621202636037679ff040015101184310470146396797baff7f76081147405411651042701b1f63df0075170001050421283000020600d9357f70737008d3777f30504102f938d977f5b777
38343038343766646339373164656537363535303139656331353638666230643334626632616261383136343337623538656535383661303063643138343566
840847fdc971dee7655019ec1568fb0d34bf2aba816437b58ee586a00cd1845f
34326365333232366630623165623034316235353834333365366139386639333861323638643466343630653965326139326666346466323463343834373961303730633862623738633264396138336131653661323161383763353934313233623539303439656234623231313262396235666632303066396337366465393439383738326639653035353966653963353238376438626232376537343739643664326634343136383364373036656165643936373935616338626634653463353839663966393736383030363331346265656635636264343762626435313430396161363666303331636532306432666430393532363636373835326236323864623238306265613765316262373335303937366163323131653766636561343138396431313936633433313134343735343739383561626138313438663533643462666137393663393165316363636636303665633338313336313130623137653265383133663537383830613737366163306261346231633462323137316338356330636138313230653032636636363730383065663436643762343763313762663834616332393861333938653564396364373133613939356139
65653462373661373132333064323764386631653837343136356539633139623938326438373334363839356231613236303636646132316633323333653365
ee4b76a71230d27d8f1e874165e9c19b982d87346895b1a26066da21f3233e3e
34303463323537323739353833316330383864646365633739623438333838663262353262323938666332626666306130363739396237636638653765396130633036613638623235383763313164353065393265393930313130626166366265653038653362313034333931376332316163343363636231356235636635653265306636353638653936363861376637303734326435363630333138636165383361626263633065386264323365363732343138666163373731313439356562653336383937623736646634346466313739313735633162333239316530343833643461623761623630343163323564393137313639326138653738306661393262643434366465663439343631383866653166313134346236303933613634383336666330623331633532653264633437393931376533383865313032313861323236303130336162656434613939396132343738326265663737656635646435363566663930346164346636393763396432373539306366303932386264323035363561373466613661343163396336626233346338376131613837623838633934366635313439376434323462353965656238326161393436663139
37313733343338643432383237633165333463316632393439336531323364333937386539346236316530356133373064616233383064616534376130386464
7173438d42827c1e34c1f29493e123d3978e94b61e05a370dab380dae47a08dd
c30b09313eece3f602ecaea9f1221bc34e46d7eb9c272e4536ca68a98c614626
31366637316632333234303633343438663762313239623165306135313535316531306538336534323632393962616364333338313837616130356637613635
16f71f2324063448f7b129b1e0a51551e10e83e426299bacd338187aa05f7a65
38346237643463303638386630616233383132306236303437393262303465626132336162643832346263636434336437363831333963363735376333613533643765353364653763646539313934323232626361353062303935663035376161393464326535333238333338373532366130653632656235346136353831306232626266313461633235633766663137663465373737336134393230323033386465303266613137303438356461643366393831313066656337303465386230343235323636336634383961383434613766373436613763373531333862316336313633646634336633303062613431643834363134343135663031363236383563383064613139336237663238313665643037303934326438373430623962366434656461613933653064393363326436303838303738643935326237653364326162373634633066613032313236393761616431303033306130363638336261646464653233663066353234653531626266353036363635633562343839623431386431633461396233663237303165396238383637356230633638663130366335303432386465366430343465383639613137623736323866616334
66643962663233353131323437393364373236376666633564353462363265663136363236373935626130613733393230356262613735653533636338643732
fd9bf2351124793d7267ffc5d54b62ef16626795ba0a739205bba75e53cc8d72
38646230383339343732343564626265623263323437356235386131643366323062383464313664376463653436613631303761333134633663636639633438643234333061386535386266396639633937616230313761663033613966383232666234663438313233323134313237383237613636303132663765393132623466643765306365373061396261373437616236353736306438303037613931383462333734303637306163323037393934376433353235393538306262663231376130303030333430633435323830363665373062623638626133313938666161386362333132396436366230333465316461366164303634646362323233656435646566646464303835616661653432333134613232343237333933386238306633666463333433653065633338303066366438353064356434376462393230333561613334346432643463653437363331323565366166646431383830393836623631653834306239333631363866613932313138353163653034303037366266343736623735653138363735346335643636376137663935326336303035633833353431323566613865366262613531383237346333306236653834
64336662663534363466366335323636663464333765383130626535633330646533356665343264376434356632353066376135303438383965376236613231
d3fbf5464f6c5266f4d37e810be5c30de35fe42d7d45f250f7a504889e7b6a21
c66f09d78a650bf07d6647d9488abb7ddd94e18e0d8e5e50aa21f71c45bbb01c
31636161353632353733323566313833653339306534396334643032383166306233353139633134393437666663356162333261313031306361613062373965
1caa56257325f183e390e49c4d0281f0b3519c14947ffc5ab32a1010caa0b79e
6632326466313331373164303766643764363262363532303966373135633737306430663030
64666530623239376635303864366634623639326462316236393636386631613831376634376539383833656338333933373661623530623536656365323135
dfe0b297f508d6f4b692db1b69668f1a817f47e9883ec839376ab50b56ece215
f22df13171d07fd7d62b65209f715c770d0f00
31373761623936363461633262366637613434306136663761633632643933336332363061653036623036336463626663623966326535363265636131633036
177ab9664ac2b6f7a440a6f7ac62d933c260ae06b063dcbfcb9f2e562eca1c06
3730303735323730373762316633373337633537373530313937653139623766313732353930
33646438316139306165323038373330636261636537663537366164626162626465633863363338326161663632643862363566626636303639636365356461
3dd81a90ae208730cbace7f576adbabbdec8c6382aaf62d8b65fbf6069cce5da
7007527077b1f3737c57750197e19b7f172590
63303031313237663532366262303633633661373332653664343837613664343432383236663737316266393135303261666531633433373263343431353261
c001127f526bb063c6a732e6d487a6d442826f771bf91502afe1c4372c44152a
3331393735306230373737343764356237373264353736313737373137373633303335653334
66656162306334323534643566643439353132643533336438653665346632333234386234663032356162613031643636643535373365613065613737623334
feab0c4254d5fd49512d533d8e6e4f23248b4f025aba01d66d5573ea0ea77b34
319750b077747d5b772d576177717763035e34
63313066373265653466626165616533393763376261306433396661326339373538316564666434636665633435633732333761623135656434643864633539
c10f72ee4fbaeae397c7ba0d39fa2c97581edfd4cfec45c7237ab15ed4d8dc59
3535313637303930333937306137366437373164393732323564373035623965343734373831
66623636343534346138323937656463343038326566643266333437373235383666646565643039656131353031363134633639643762666338343865366663
fb664544a8297edc4082efd2f34772586fdeed09ea1501614c69d7bfc848e6fc
551670903970a76d771d97225d705b9e474781
31383865353438363339396364346363636238363030356134396635633939623361363134653732363362653635663038376365333930633431386639383262
188e5486399cd4cccb86005a49f5c99b3a614e7263be65f087ce390c418f982b
3730303737313731343733303937373737373833373738303762373037373737306436333033
65393032333463643833663430653831396430366431663461346234306561353734316166343166316238343235313038316263323135663962303366396162
e90234cd83f40e819d06d1f4a4b40ea5741af41f1b84251081bc215f9b03f9ab
7007717147309777778377807b7077770d6303
31323036373838376266633636343538343363393666303763343533343163363331626433616537653933653563393961323035363330633962663537643264
12067887bfc6645843c96f07c45341c631bd3ae7e93e5c99a205630c9bf57d2d
3938316535313731376433313735613733373137373731313736663037393735316630643931
36303938363034376431303563306536656135623136323063613361383035616462386663666431323836373938656139333137626638633065633333336432
60986047d105c0e6ea5b1620ca3a805adb8fcfd1286798ea9317bf8c0ec333d2
981e51717d3175a73717771176f079751f0d91
39666437616437303964333938333037386337656534333533656336336665323530323632663434336330336465386363346361613136383465373232373237
9fd7ad709d3983078c7ee4353ec63fe250262f443c03de8cc4caa1684e722727
6630326162323930623737326666376362633166643731303537643064366636333932373136
31643434363731333166306230353364633465326338373135376539666361356665373266616232313338646434333936653665633531373465343762326661
1d4467131f0b053dc4e2c87157e9fca5fe72fab2138dd4396e6ec5174e47b2fa
f02ab290b772ff7cbc1fd71057d0d6f6392716
65316635323138663638356164636165643637346430316330313533346333663539386230646535313336313133306562373065313033613531376636316336
e1f5218f685adcaed674d01c01534c3f598b0de51361130eb70e103a517f61c6
6632326466313331373164303766643764363262363532303966373135633737306430663030373030373532373037376231663337333763353737353031393765313962376631373235393033313937353062303737373437643562373732643537363137373731373736333033356533343535313637303930333937306137366437373164393732323564373035623965343734373831373030373731373134373330393737373737383337373830376237303737373730643633303339383165353137313764333137356137333731373737313137366630373937353166306439316630326162323930623737326666376362633166643731303537643064366636333932373136
36623735323562316639653737366139323530363865653563326338613237383932646630633466616431303832613038646536663438383739663636363965
6b7525b1f9e776a925068ee5c2c8a27892df0c4fad1082a08de6f48879f6669e
f22df13171d07fd7d62b65209f715c770d0f007007527077b1f3737c57750197e19b7f172590319750b077747d5b772d576177717763035e34551670903970a76d771d97225d705b9e4747817007717147309777778377807b7077770d6303981e51717d3175a73717771176f079751f0d91f02ab290b772ff7cbc1fd71057d0d6f6392716
65323930663066303963636632316133313564663231653837313335626630633030623663643732616230316533333466383762363363356538343265343834
e290f0f09ccf21a315df21e87135bf0c00b6cd72ab01e334f87b63c5e842e484
6637333537396632303135303830323039313031326437373637656166353537373562313230303131323337623937373931303030313130373737333437623137373937643764623737333337303134303031323766376139376666336437373566643735363761373733626437376364373737373362366337373737633235323138313162376464333766363735393737643535373737373732303632383131303131323031303939373537373566373764623637376537373766643131313030303035393735373764636237623739363737363937376637663365373536303130343031336437333764663930323534363032663565373364373039333830393130303431333136
34336536626336643634323034393130313762366630363731643233346136316431656661633463373233343136643132653435623236366661653937353635
43e6bc6d6420491017b6f0671d234a61d1efac4c723416d12e45b266fae97565
f73579f20150802091012d7767eaf55775b120011237b97791000110777347b17797d7db7733701400127f7a97ff3d775fd7567a773bd77cd77773b6c7777c2521811b7dd37f675977d5577777206281101120109975775f77db677e777fd1110000597577dcb7b796776977f7f3e7560104013d737df90254602f5e73d709380910041316
66653737393965363033356664353131373933303563383734396534323232393264356537373134346433646561636435373765613130396134326365306462
fe7799e6035fd51179305c8749e422292d5e77144d3deacd577ea109a42ce0db
64666530623239376635303864366634623639326462316236393636386631613831376634376539383833656338333933373661623530623536656365323135336464383161393061653230383733306362616365376635373661646261626264656338633633383261616636326438623635666266363036396363653564616665616230633432353464356664343935313264353333643865366534663233323438623466303235616261303164363664353537336561306561373762333466623636343534346138323937656463343038326566643266333437373235383666646565643039656131353031363134633639643762666338343865366663653930323334636438336634306538313964303664316634613462343065613537343161663431663162383432353130383162633231356639623033663961623630393836303437643130356330653665613562313632306361336138303561646238666366643132383637393865613933313762663863306563333333643231643434363731333166306230353364633465326338373135376539666361356665373266616232313338646434333936653665633531373465343762326661
37386135346662353938363738636232373836643561613233616630343035323765333335646230303930613934336662313266623334326130313234316564
78a54fb598678cb2786d5aa23af040527e335db0090a943fb12fb342a01241ed
64336666653631666465623930646564613630393430386236323834623130343336363261633534303739393434633431373032346437336661356138643135653438333166303264326630303830353934356264386637306330363764656530356633346438653334303963313664626335343965633662313064613439613238303565326364323662326465356564316362373366313638316633646632376235643234303136373866616335393665333461373661363462336536646537346139386234373038666661663265306331623235613561616233383561353864323637646631653466346265376338643138376638626561663234633465666366373666643466616533303031646239383239663132383235653132313861616162383333616231383638656661353437646336303032396438323131353834336464363165333938363130613933623634383936373664633133653635353662313661663539633765626237643262633566333731663530366562353831623061666663373536306339303436396538626565656361343063346363373833333765653765663362323562363933323164336661646635613463623261
38623830353336386531646564626665626664616261356435613866613735306366376636386334313330343461316163306436613961313062353466336438
8b805368e1dedbfebfdaba5d5a8fa750cf7f68c413044a1ac0d6a9a10b54f3d8
732bd298ea2e190bdf2e8fa45b857a804505e2a63250c395dcccf5fa2248e284
38333963393563663635313364373136383232656435616465663734623538663637363639326235313865633032373031663238363035636666356534323466
839c95cf6513d716822ed5adef74b58f676692b518ec02701f28605cff5e424f
31373761623936363461633262366637613434306136663761633632643933336332363061653036623036336463626663623966326535363265636131633036633030313132376635323662623036336336613733326536643438376136643434323832366637373162663931353032616665316334333732633434313532616331306637326565346662616561653339376337626130643339666132633937353831656466643463666563343563373233376162313565643464386463353931383865353438363339396364346363636238363030356134396635633939623361363134653732363362653635663038376365333930633431386639383262313230363738383762666336363435383433633936663037633435333431633633316264336165376539336535633939613230353633306339626635376432643966643761643730396433393833303738633765653433353365633633666532353032363266343433633033646538636334636161313638346537323237323765316635323138663638356164636165643637346430316330313533346333663539386230646535313336313133306562373065313033613531376636316336
64326563636665366439373134356130343135636333643631306237386561306231356362616239306261626336326330386439666265653635666631643839
d2eccfe6d97145a0415cc3d610b78ea0b15cbab90babc62c08d9fbee65ff1d89
31636331313965373031383266313730303830646661316665363735623137353761323932323438643136376538383738366665363730663435343362393661326639666438633662396333353262616336396162626564363864363061343433636636656335306137333363383765616339633438643436376233633634616338633737303737363965346133623036656436326130663430666530353033313736646137356361643334633330633439393465313638666635633532376135333633646132633433343936633931666333643939636533333437623632666334353333353532323861313039363831366232383032653164366261366434333230656666656166643037643765346536373432373435623163366533313062663339633336666562333036333963656533316431343635643163353535636533623063663938306632373039636563613238616362626633373234373965376330633066316165356165326362333661316534313933313035333530303633363765636338613232643439343565633431626531633464386637376134386635326631316439373236633563386437313032353232326336613962643736
30333037393264336638373165306139346261346630393331336265363539343637636262643738626137643531616132363339383133303538393638346664
030792d3f871e0a94ba4f09313be659467cbbd78ba7d51aa26398130589684fd
62de7909242a034a27657568f32ca8f0da8d4891c1947891110bb06d13217692
37383833396534393366613266646166663363323365666432633766396132383539646364626563323361643733393032623036663733653732346664636234
78839e493fa2fdaff3c23efd2c7f9a2859dcdbec23ad73902b06f73e724fdcb4
3136373166313337373130633266313030363330303533613066316235303230303064303037
38396361343263633433343430323264326239393064663032623435343736316130626530613165376662623632623432303336343835376333386565343461
89ca42cc4344022d2b990df02b454761a0be0a1e7fbb62b420364857c38ee44a
1671f137710c2f100630053a0f1b502000d007
34613061353334373330363263646533313331656265633764326561383136343033393465373831383364393737636565663735383331626432636465663736
4a0a53473062cde3131ebec7d2ea81640394e78183d977ceef75831bd2cdef76
3361663535323736373430393033343236633734313539663837303139303130313733353966
39306261636638636431653364323166363436646162353739636134356537666535616566313165326535333031313732613435613461336436326431333930
90bacf8cd1e3d21f646dab579ca45e7fe5aef11e2e5301172a45a4a3d62d1390
3af55276740903426c74159f8701901017359f
33616436346362663263383639326462353636613463626266376334373235393233643764613138616636636464366434656661386434643465356563646164
3ad64cbf2c8692db566a4cbbf7c4725923d7da18af6cdd6d4efa8d4d4e5ecdad
3035393435306266373431353164303137373630313736663137346637313232303337303335
38326663336263663966336361636631626465363234366635656435653437393535363135616264623463306331623466626336376561393936333132393965
82fc3bcf9f3cacf1bde6246f5ed5e47955615abdb4c0c1b4fbc67ea99631299e
059450bf74151d017760176f174f7122037035
63326366653239663539656565303964326461383732646539376131343738656265386235333164613764386337323139326530643236396236303837316235
c2cfe29f59eee09d2da872de97a1478ebe8b531da7d8c72192e0d269b60871b5
3535623437303966333934373037343035373730383737373164323635303830343737343862
36366562616661323763626333623139373137373633646437323736383639336137373234323434366235643135656462396434303166313762313866333065
66ebafa27cbc3b19717763dd72768693a77242446b5d15edb9d401f17b18f30e
55b4709f39470740577087771d26508047748b
64636561653039623265373033393538393236393636616266386165636565323135316232653035626438663037646563343534636363303762373431613130
dceae09b2e703958926966abf8aecee2151b2e05bd8f07dec454ccc07b741a10
3633623437313737343632643837373536373931343739663462373337353336303037313037
39343433363366613364326465373763316231323131353039623534613061613461613035346461636534366632313034663864303665643533396665643030
944363fa3d2de77c1b1211509b54a0aa4aa054dace46f2104f8d06ed539fed00
63b47177462d87756791479f4b737536007107
35383638396430303736613633656565656538633761653631653361623163623234383538363337646136386665346364643763313231303837656163653032
58689d0076a63eeeee8c7ae61e3ab1cb24858637da68fe4cdd7c121087eace02
3839393035313737373131393235303732376635333737373736306437303030313066303937
64646634636362663730326630393465316639626161393764343263393631356565336333363437326135306563653734623434383638333635653332343966
ddf4ccbf702f094e1f9baa97d42c9615ee3c36472a50ece74b44868365e3249f
899051777119250727f53777760d700010f097
38666231656463646530366531636636666433343730356139376265333931353362656232346233333166666433363463336666383065303561393766366636
8fb1edcde06e1cf6fd34705a97be39153beb24b331ffd364c3ff80e05a97f6f6
3065363062323966623533333166333031636631313762363437316664343030333833323137
65363238333932356331663239663135383630613563303732623339343361323934316532386332613665363538353836373335383934643866306335666564
e6283925c1f29f15860a5c072b3943a2941e28c2a6e658586735894d8f0c5fed
0e60b29fb5331f301cf117b6471fd400383217
30613337613764636332613364333765613661366334623366623363646432663637653130383633613864386437326630346563396662643534363566306662
0a37a7dcc2a3d37ea6a6c4b3fb3cdd2f67e10863a8d8d72f04ec9fbd5465f0fb
3136373166313337373130633266313030363330303533613066316235303230303064303037336166353532373637343039303334323663373431353966383730313930313031373335396630353934353062663734313531643031373736303137366631373466373132323033373033353535623437303966333934373037343035373730383737373164323635303830343737343862363362343731373734363264383737353637393134373966346237333735333630303731303738393930353137373731313932353037323766353337373737363064373030303130663039373065363062323966623533333166333031636631313762363437316664343030333833323137
63353732666163343834633730356632616435623939373262373232666566616637333736333332343465333633636536373963303233623865646361346661
c572fac484c705f2ad5b9972b722fefaf737633244e363ce679c023b8edca4fa
1671f137710c2f100630053a0f1b502000d0073af55276740903426c74159f8701901017359f059450bf74151d017760176f174f712203703555b4709f39470740577087771d26508047748b63b47177462d87756791479f4b737536007107899051777119250727f53777760d700010f0970e60b29fb5331f301cf117b6471fd400383217
65653863313233626563356630303963306239386662623537373437383765663437353834343032663834346535373365656137313336363934373336303437
ee8c123bec5f009c0b98fbb5774787ef47584402f844e573eea7136694736047
3133303536383036613535333965376639626239363135343434303066353537373562313230303131323337623937373937366666373766373737333437623134343936313530303134323133633935376439333230313038323166336437373566313430343730333032313035373030363735363231366337373737633337363739666630343030313531303131383433313535373737373733393637393762616666376637363038313134373466373764623637313034323730316231663633646635393735373764303031303530343231323833303030303230363030303130343031333037333730303864333737376633303530343130323039333830393137663562373737
65333038313830333566653863363133336161323562623064643262666430353936653266313766356432393164363666373366646339643061613331323664
e30818035fe8c6133aa25bb0dd2bfd0596e2f17f5d291d66f73fdc9d0aa3126d
13056806a5539e7f9bb961544400f55775b120011237b977976ff77f777347b14496150014213c957d932010821f3d775f1404703021057006756216c7777c37679ff040015101184315577777396797baff7f760811474f77db671042701b1f63df597577d00105042128300002060001040130737008d3777f3050410209380917f5b777
37636230376436623938616537643061623565633239633535343566353532323766653136353336353263316430373337623438316334633237336138336336
7cb07d6b98ae7d0ab5ec29c5545f55227fe1653652c1d0737b481c4c273a83c6
38396361343263633433343430323264326239393064663032623435343736316130626530613165376662623632623432303336343835376333386565343461393062616366386364316533643231663634366461623537396361343565376665356165663131653265353330313137326134356134613364363264313339303832666333626366396633636163663162646536323436663565643565343739353536313561626462346330633162346662633637656139393633313239396536366562616661323763626333623139373137373633646437323736383639336137373234323434366235643135656462396434303166313762313866333065393434333633666133643264653737633162313231313530396235346130616134616130353464616365343666323130346638643036656435333966656430306464663463636266373032663039346531663962616139376434326339363135656533633336343732613530656365373462343438363833363565333234396665363238333932356331663239663135383630613563303732623339343361323934316532386332613665363538353836373335383934643866306335666564
31663331313364663133666638626338326536623833323636636338333138323935653531643831393232383436303639323330363435353036633430303961
1f3113df13ff8bc82e6b83266cc8318295e51d81922846069230645506c4009a
38393836396465393032363464366362666534663261616362333438346333613663333266626633633963386361666232636366326166353464393733376333316663643031346533623232663433636364663230646133653039323263623739663231663137343164663139636535323662373131386234643162663639366537313930396436373262613061323631613564623433316163663536643539303037666430373732393537396432626365326234623461643735323335343536346339343565386139343765343630363336373739613161316639336135326165356134653930353537616534626136376133316565313230636530663534353332613161323436383131623464346365656434613732373262366332616665346265613662356335343565623330643630363630633166653532313135326338623162653165353437346430373832326662343436306162396662373334636438343336353634643435346137303038383834653136363935616166653834373339316433646364393735363833363662333566383233313965306564313866336365313266653235343339336434663439393030396561306565306664
66306634616131626630386437666533393666396139373261653565653237666132393931613030313864636138366562613033373335383830373433653863
f0f4aa1bf08d7fe396f9a972ae5ee27fa2991a0018dca86eba03735880743e8c
52f88f4dfdd736fd01e606d5ff030ee98781a9a6cc85f1552b9d9a8f41fabb38
37356566363438353739633835663831383865636463383533323039636332306230343838363462396666366164306539323562393635306536353035363337
75ef648579c85f8188ecdc853209cc20b048864b9ff6ad0e925b9650e6505637
34613061353334373330363263646533313331656265633764326561383136343033393465373831383364393737636565663735383331626432636465663736336164363463626632633836393264623536366134636262663763343732353932336437646131386166366364643664346566613864346434653565636461646332636665323966353965656530396432646138373264653937613134373865626538623533316461376438633732313932653064323639623630383731623564636561653039623265373033393538393236393636616266386165636565323135316232653035626438663037646563343534636363303762373431613130353836383964303037366136336565656565386337616536316533616231636232343835383633376461363866653463646437633132313038376561636530323866623165646364653036653163663666643334373035613937626533393135336265623234623333316666643336346333666638306530356139376636663630613337613764636332613364333765613661366334623366623363646432663637653130383633613864386437326630346563396662643534363566306662
63663062353539386130343765396335663333653862613838373836333934313932313432366630383536356136306235356630323831666635653866336132
cf0b5598a047e9c5f33e8ba887863941921426f08565a60b55f0281ff5e8f3a2
34336364353830616132633866613064636536623361366661383137353465653965613363323064643734623939306364376666623064633332353237656330633965363032363865376136613236653036653363396533333164643230396563336564393565663733626438653665313532396566613336643265643631366136383361656138396334366234373637376365633236613034636264616535623762656236613364663966313966323737386537626563616133623361343165616563383734636233643132376531396436353865633132343965326235663032623132333633336535346237396438313865653437626235623165643532383230376133653634383831313033623631386435373333386161626433613366376461313864366438366664396338663866383764633066646437643737653337633632643436326564316563346665343963646330666532346433343766653537666535613034636663383864633138393364326332306631343663316562626439303030646434623738353532653662376134633530376539366465383461373565633731636666666431616536303761623130666636643530323662
32383131303565666564646435393964333266306631303931353661393632356664663766343666633065303035346266386265386465346162306338613832
281105efeddd599d32f0f109156a9625fdf7f46fc0e0054bf8be8de4ab0c8a82
b317caed3f11779b4fab280638992fa0f35cea6675ad905bed541db2d8f78171
62326662333233623131653532353862366264613134323532623431666235616430373932343766666265373962373238393465646464393365353138346430
b2fb323b11e5258b6bda14252b41fb5ad079247ffbe79b72894eddd93e5184d0
6632326430373031323164303731643764323262363032303930373130633737646430666630
32616530333362376139626338363736653062373233386338633533653661623434376131666464353236653835353532396330323438306665333262393035
2ae033b7a9bc8676e0b7238c8c53e6ab447a1fdd526e855529c02480fe32b905
f22d070121d071d7d22b602090710c77dd0ff0
38646134613565373739396336653365333866633236313239343263653966613230376530333065326664666364383162313738636264376535393831663864
8da4a5e7799c6e3e38fc2612942ce9fa207e030e2fdfcd81b178cbd7e5981f8d
3730303734363630353762316630373337303537373430313935653130623766393732353930
35623561656239643462623133363231366632366366326435363364653164376239666533623965383061623932616139356464616530663330313537323366
5b5aeb9d4bb136216f26cf2d563de1d7b9fe3b9e80ab92aa95ddae0f3015723f
7007466057b1f0737057740195e10b7f972590
65316636373933643066626332393732316132663233366532656134666436396331343862653861613737376231623763623663373834633466616464313665
e1f6793d0fbc29721a2f236e2ea4fd69c148be8aa777b1b7cb6c784c4fadd16e
3331393731373130303737343730356237323264353736313734373137373633333335653334
32393562383734303433636362366431333838336235326632346165383731643133333833653433393661363961353966633765343835663265353439376363
295b874043ccb6d13883b52f24ae871d13383e4396a69a59fc7e485f2e5497cc
319717100774705b722d576174717763335e34
66376235613839646335623366393561333736653332393830663263323930653032366433356466626435323439323131306561323264653830643164373233
f7b5a89dc5b3f95a376e32980f2c290e026d35dfbd52492110ea22de80d1d723
3535313634393130333937306136366437363164393032323531373035623965353734373831
34633934383265353061333732363239623664663864373131393037333737346134656164666534353231376566363565636166383935346337373931366661
4c9482e50a372629b6df8d7119073774a4eadfe45217ef65ecaf8954c77916fa
551649103970a66d761d902251705b9e574781
35303738323163643136303237353062376231333461643538316631313632373330306634613362363066383163646434616433613132636337623037623331
507821cd1602750b7b134ad581f11627300f4a3b60f81cdd4ad3a12cc7b07b31
3730303730353731343733303931373737333833373138303731373031373737376436336433
36393062623362633064643239636434616364633062663932366238353361633165383539336439656133623337313964623865643262643039313433336433
690bb3bc0dd29cd4acdc0bf926b853ac1e8593d9ea3b3719db8ed2bd091433d3
700705714730917773837180717017777d63d3
66386638333937626535623062303539643432656439363137396334643863303030353562396365326265336431333333336237353833626135356661323235
f8f8397be5b0b059d42ed96179c4d8c00055b9ce2be3d13333b7583ba55fa225
3938316535333231356433313735613733363137373431313736663037393735666630643931
33616663373633653536383634646165313930666330333062323133666334343863616338336631623934316561396431316639316436633563336562326165
3afc763e56864dae190fc030b213fc448cac83f1b941ea9d11f91d6c5c3eb2ae
981e53215d3175a73617741176f07975ff0d91
32313463356138626133366363613934343633316238363838326665623761336564313935326563653866396538633632653632313732613330666331326238
214c5a8ba36cca944631b86882feb7a3ed1952ece8f9e8c62e62172a30fc12b8
6630326130373930303737326630376362303166643631303535643030366636373932373736
39376438393062353337396337393731613335303961663930656535323034396266303332356236303531376234396230623266306266363266326639633865
97d890b5379c7971a3509af90ee52049bf0325b60517b49b0b2f0bf62f2f9c8e
f02a07900772f07cb01fd61055d006f6792776
34636133633037343662393335346639633239326666346238643032343966306661636139653631633139636437353637646164653663373930376237636133
4ca3c0746b9354f9c292ff4b8d0249f0faca9e61c19cd7567dade6c7907b7ca3
6632326430373031323164303731643764323262363032303930373130633737646430666630373030373436363035376231663037333730353737343031393565313062376639373235393033313937313731303037373437303562373232643537363137343731373736333333356533343535313634393130333937306136366437363164393032323531373035623965353734373831373030373035373134373330393137373733383337313830373137303137373737643633643339383165353332313564333137356137333631373734313137366630373937356666306439316630326130373930303737326630376362303166643631303535643030366636373932373736
38386661666235623662306538396361386431316265373834376338633462643762393032363264396661393962646633336665656461336330653639663330
88fafb5b6b0e89ca8d11be7847c8c4bd7b90262d9fa99bdf33feeda3c0e69f30
f22d070121d071d7d22b602090710c77dd0ff07007466057b1f0737057740195e10b7f972590319717100774705b722d576174717763335e34551649103970a66d761d902251705b9e574781700705714730917773837180717017777d63d3981e53215d3175a73617741176f07975ff0d91f02a07900772f07cb01fd61055d006f6792776
61326538613064383831346134653231303661313636663533306436653461653636356263623362393237366338626333323432616166323966626462653133
a2e8a0d8814a4e2106a166f530d6e4ae665bcb3b9276c8bc3242aaf29fbdbe13
6637333537396632303135303830323039313031326437373637656130343134303530373637393533373036313137323931303030313130323530333435303137373937643764623737333337303134303031323766376139376631303036313530643735363761373733626437376364373737373362323032363336303235323138313162376464333766363735393737643034373031343632303632383131303131323031303939373537373530353431313635376537373766643131313030303030303735313730636237623739363737363937376637663365373536643933353766376437333764663930323534363032663565373364376639333864393730303431333136
31366365373361343539376338383265346136326231653863336266666264366535643339613538323930336137336664623638663638623436653036643266
16ce73a4597c882e4a62b1e8c3bffbd6e5d39a582903a73fdb68f68b46e06d2f
f73579f20150802091012d7767ea0414050767953706117291000110250345017797d7db7733701400127f7a97f1006150d7567a773bd77cd77773b20263602521811b7dd37f675977d047014620628110112010997577505411657e777fd11100000075170cb7b796776977f7f3e756d9357f7d737df90254602f5e73d7f938d970041316
35636230323637356361333837326666636662346365663033613366326163333633373233363638333032623361626331383065363037333431646361366538
5cb02675ca3872ffcfb4cef03a3f2ac363723668302b3abc180e607341dca6e8
32616530333362376139626338363736653062373233386338633533653661623434376131666464353236653835353532396330323438306665333262393035356235616562396434626231333632313666323663663264353633646531643762396665336239653830616239326161393564646165306633303135373233663239356238373430343363636236643133383833623532663234616538373164313333383365343339366136396135396663376534383566326535343937636334633934383265353061333732363239623664663864373131393037333737346134656164666534353231376566363565636166383935346337373931366661363930626233626330646432396364346163646330626639323662383533616331653835393364396561336233373139646238656432626430393134333364333361666337363365353638363464616531393066633033306232313366633434386361633833663162393431656139643131663931643663356333656232616539376438393062353337396337393731613335303961663930656535323034396266303332356236303531376234396230623266306266363266326639633865
38353534613662666134393365313435313763306536656439313565323765383739366266313038656633666136626461336562396632356464313630356139
8554a6bfa493e14517c0e6ed915e27e8796bf108ef3fa6bda3eb9f25dd1605a9
32353234363339616239633961376535353930666430616234626338336538386237393362373233363062393465623362376430356365356134343030353339623361643637626263336438396331633732366338336232393437363636366364393732643264613736313139346531653633626131613066383663393362323864643035373633666366303263623830633933663564623061383232376633666364663139303938353231326230633634393632653533613062316533646537383335656538333566323631373733633061643137613434623764346334393462316131386234393334656366376633653861306165386135633331333364393832666265663333356439346564666264653334393136353839356562303230363261393536616131333431656236376231373839396533656235326166376134356135363139393561393539646232396665643130393563636231626364376138663230646566653966326134386431303465383932646238303535623666306666346463366633326330353265306537396366333135373133323235343934656662373931336239393237363332633033636664613835666361336565
63316531363031633138623439643366323465306131613032306237613538313662393838636536336230366364636236646665636336653134393936633063
c1e1601c18b49d3f24e0a1a020b7a5816b988ce63b06cdcb6dfecc6e14996c0c
d05a88b8c73e88a4174e85cf7d8938b4677cf07a40190bdc6d948fa35d0f57ff
66643239633263366137356562653265653335363333383933356337623566656363373461363961326431356431373731393363613534353836646530373662
fd29c2c6a75ebe2ee356338935c7b5fecc74a69a2d15d177193ca54586de076b
38646134613565373739396336653365333866633236313239343263653966613230376530333065326664666364383162313738636264376535393831663864653166363739336430666263323937323161326632333665326561346664363963313438626538616137373762316237636236633738346334666164643136656637623561383964633562336639356133373665333239383066326332393065303236643335646662643532343932313130656132326465383064316437323335303738323163643136303237353062376231333461643538316631313632373330306634613362363066383163646434616433613132636337623037623331663866383339376265356230623035396434326564393631373963346438633030303535623963653262653364313333333362373538336261353566613232353231346335613862613336636361393434363331623836383832666562376133656431393532656365386639653863363265363231373261333066633132623834636133633037343662393335346639633239326666346238643032343966306661636139653631633139636437353637646164653663373930376237636133
61376438303766396561626563333939396232313031623661633235626533373262373461303861303563393534653233633032323038663536336564326562
a7d807f9eabec3999b2101b6ac25be372b74a08a05c954e23c02208f563ed2eb
38656635663234643137303831636166623766346134363538386333613761323335633539383139613065333963373837376464646262343730633165613639663536353362396262306236396363333230633336326637626335653939353061343337353035396665326162393439333133376434633861376234363266323631323339636665336531323232333464626636333261393866313639643636343265383531386239323038373838346566313932643261326663663063346331346532656632316462343964393638373966363032636166613965373033303263303330656630313230306461373436303531636538646635396130623334623539336535613932653038643363653665616662656331326162363265636637643062383164373566656639663732383339636362343164656464313963313837386232643363353137316433363662633134333237316230613365643736656462366138636133373264633732613531656238323138373664346432333263376365636261376534386361333935663037353030396164623566373864313066636231646437613137663137623232633836323332626164653331353833
61653535356237303030333032386539353639343535373465376132386263373264343433313834623434356632363438333534656238313465666436353738
ae555b70003028e956945574e7a28bc72d443184b445f2648354eb814efd6578
5e88f60e88dee5293e23e373426d0d29c4d2b7235784c769405599bfe88caecf
34663035363137316437303238393063363362326361346438616361666334333535393631343166336236636134303432623336376238613166376339393864
4f056171d702890c63b2ca4d8acafc435596141f3b6ca4042b367b8a1f7c998d
3132373166313031373164303231643030363230363032303966313130633230646464303030
31343066343865306435666365333935333063636539306164353266623766333865393538326136303535363230653564663262643235303462613235626266
140f48e0d5fce39530cce90ad52fb7f38e9582a6055620e5df2bd2504ba25bbf
1271f10171d021d0062060209f110c20ddd000
65613639386563323339333566366265366365313038663563623036613933623232356332643863346333346665663362353861373339346136336338646266
ea698ec23935f6be6ce108f5cb06a93b225c2d8c4c34fef3b58a7394a63c8dbf
3330663535323630373762313030373236633534373430313937303130623130393733353930
30623261613536643637643931616637343138313963393932386130623038396162616664393364323261396662373561393462333166623863343737646533
0b2aa56d67d91af741819c9928a0b089abafd93d22a9fb75a94b31fb8c477de3
30f5526077b100726c54740197010b10973590
30616534626365333634316562666439656430386236366535616264653264666264653064313562646462633833663131326263626137323033383932376139
0ae4bce3641ebfd9ed08b66e5abde2dfbde0d15bddbc83f112bcba72038927a9
3031393435303130373737343130353137373230353736313737343137373232333337303334
31623263373938366665343739313165666533643735326437393632643163653934616462376438323634393839656662336136373262383734633662653037
1b2c7986fe47911efe3d752d7962d1ce94adb7d8264989efb3a672b874c6be07
01945010777410517720576177417722337034
65313663336137653336313133643163653566336439653066306163633030363965326630326663303735653664623334663966613737623531353565333534
e16c3a7e36113d1ce5f3d9e0f0acc0069e2f02fc075e6db34f9fa77b5155e354
3535623437303130333937303036363035373130393032323564323035623830353737343831
30396239323339316230643662343939643231646535653162376335353865633536373361666562376264306134313235336665616235623231383637363833
09b92391b0d6b499d21de5e1b7c558ec5673afeb7bd0a41253feab5b21867683
55b4701039700660571090225d205b80577481
63366330376132613363653738393338313366386432386462303661306536306239343235333138666333626538353331366134623465613537656138346633
c6c07a2a3ce7893813f8d28db06a0e60b9425318fc3be85316a4b4ea57ea84f3
3630623437313731343733303831373536373831373138303762373031373336376437313033
39663436336364653264613737326266353464383632356637353838363533353063336236623137353433623332626563306262343134656232346561616435
9f463cde2da772bf54d8625f758865350c3b6b17543b32bec0bb414eb24eaad5
60b4717147308175678171807b7017367d7103
39356433363734396662653163616230333237343038653732376638646233333234363934383262353131613738383162656466616430613063393965316462
95d36749fbe1cab0327408e727f8db332469482b511a7881bedfad0a0c99e1db
3838393035313231376433313235613732373135373431313736303037393030666666303931
61333230373765383361613338353062326266383738393335346636633137616661313831323765333762343334616539303535633061623937346531326463
a32077e83aa3850b2bf8789354f6c17afa18127e37b434ae9055c0ab974e12dc
889051217d3125a72715741176007900fff091
64653837646537383061363937636533373839326332663062303037663238323439333236303565306663383337356338313030316562626637613031623733
de87de780a697ce37892c2f0b007f2824932605e0fc8375c81001ebbf7a01b73
3030363062323930623737323130373031633131643631303537313030363030373933323136
61303338663133366362613063373064383462306261626631616264633733336430663834346165623734353334383936386361303636623465386432396463
a038f136cba0c70d84b0babf1abdc733d0f844aeb745348968ca066b4e8d29dc
0060b290b77210701c11d61057100600793216
31363165376133636664636630313039636538303166333337643234323661326366303137356535303437303830313438336662366531363666663438636334
161e7a3cfdcf0109ce801f337d2426a2cf0175e50470801483fb6e166ff48cc4
3132373166313031373164303231643030363230363032303966313130633230646464303030333066353532363037376231303037323663353437343031393730313062313039373335393030313934353031303737373431303531373732303537363137373431373732323333373033343535623437303130333937303036363035373130393032323564323035623830353737343831363062343731373134373330383137353637383137313830376237303137333637643731303338383930353132313764333132356137323731353734313137363030373930306666663039313030363062323930623737323130373031633131643631303537313030363030373933323136
32363939663061643266396465383364623965613861353364636639386564666337663730343230326537613962653163643930373762666161333733616533
2699f0ad2f9de83db9ea8a53dcf98edfc7f704202e7a9be1cd9077bfaa373ae3
1271f10171d021d0062060209f110c20ddd00030f5526077b100726c54740197010b109735900194501077741051772057617741772233703455b4701039700660571090225d205b8057748160b4717147308175678171807b7017367d7103889051217d3125a72715741176007900fff0910060b290b77210701c11d61057100600793216
61356231393466323532316533363665613763633963303736633434343530393239646163313136316336633363323034326430353838383065663762646538
a5b194f2521e366ea7cc9c076c44450929dac1161c6c3c2042d058880ef7bde8
3133303536383032303135303830376639626239363135343434303066353537373562313230303131323036313137323931303030313130373737333437623137373937643764623737333337303134303031323230313038323131303036313530643735363761373032313035373030363735363231366337373737633235323138313130343030313531363735393737643034373031343632303632383131303131323031303939373537373566373764623637313034323730313131313030303030303735313730636237623739363231323833303030303230363030643933353766376437333764663964333737376633303530343130323039333830393130303431333136
36316536363339323338306362343263633930333161633837383034333262333438613131303265623361376238363530306336393963653764373332396435
61e66392380cb42cc9031ac8780432b348a1102eb3a7b86500c699ce7d7329d5
130568020150807f9bb961544400f55775b120011206117291000110777347b17797d7db77337014001220108211006150d7567a7021057006756216c7777c25218110400151675977d0470146206281101120109975775f77db67104270111100000075170cb7b79621283000020600d9357f7d737df9d3777f3050410209380910041316
61313464353165666538346531643732303539313933623234383162386566333163346566323732313831353663373633353762386662383165383936393437
a14d51efe84e1d72059193b2481b8ef31c4ef27218156c76357b8fb81e896947
31343066343865306435666365333935333063636539306164353266623766333865393538326136303535363230653564663262643235303462613235626266306232616135366436376439316166373431383139633939323861306230383961626166643933643232613966623735613934623331666238633437376465333162326337393836666534373931316566653364373532643739363264316365393461646237643832363439383965666233613637326238373463366265303730396239323339316230643662343939643231646535653162376335353865633536373361666562376264306134313235336665616235623231383637363833396634363363646532646137373262663534643836323566373538383635333530633362366231373534336233326265633062623431346562323465616164356133323037376538336161333835306232626638373839333534663663313761666131383132376533376234333461653930353563306162393734653132646361303338663133366362613063373064383462306261626631616264633733336430663834346165623734353334383936386361303636623465386432396463
33616466643863313239633435323137663037326632326631386334663266326633616562386235313864303366306530313361346435653934303237343635
3adfd8c129c45217f072f22f18c4f2f2f3aeb8b518d03f0e013a4d5e94027465
31303130396161346262396633303032326234323366616339363038346137323337663835393363373165363839646533306436316538366436666232336335376530646162666434646161616339373637333065313962373863336131343235373966313962303035376539666264333466643532383031653234623463383331646662633164643838306539376536376239633535323861303932653539626139643166336664323762373531353839373534613261366338666266303235383664626264353663633730313835313766386365333733333965633561333861393530666465623436636130396161373331663566643362383838646261363134323937666232346133646531376136643862376565303232373533623532366234373735613464336234363939306234353266386133333330623934323434653765316261383535663265653964616235633936663933333030383234616662356362623665623561643337613463303231326231303635666235346136306238626562623438373262393462633431323765613463383434383237363665656435376237613132626465366132396265303864646466333733356363
30643139333631316664393465316565626633306339613562353962306434396237346531626630306461396264363263316537623663356434376365313563
0d193611fd94e1eebf30c9a5b59b0d49b74e1bf00da9bd62c1e7b6c5d47ce15c
91ee0d9a2010ec5ca6fd452c08ebed24c13f7e6faeacc4f4ae1cbdc6f9287f0d
66343631633561333931343030663938616666333436663338313965336532656333366332326331356563633064613566316432633335376133383332656661
f461c5a391400f98aff346f3819e3e2ec36c22c15ecc0da5f1d2c357a3832efa
65613639386563323339333566366265366365313038663563623036613933623232356332643863346333346665663362353861373339346136336338646266306165346263653336343165626664396564303862363665356162646532646662646530643135626464626338336631313262636261373230333839323761396531366333613765333631313364316365356633643965306630616363303036396532663032666330373565366462333466396661373762353135356533353463366330376132613363653738393338313366386432386462303661306536306239343235333138666333626538353331366134623465613537656138346633393564333637343966626531636162303332373430386537323766386462333332343639343832623531316137383831626564666164306130633939653164626465383764653738306136393763653337383932633266306230303766323832343933323630356530666338333735633831303031656262663761303162373331363165376133636664636630313039636538303166333337643234323661326366303137356535303437303830313438336662366531363666663438636334
38333661303031633239353563636433653938336535316366386538643432383735323333303562353863353335306436313339633132353938343633663231
836a001c2955ccd3e983e51cf8e8d4287523305b58c5350d6139c12598463f21
65306563396431616131363565363665366364383139346330333765386233373664376563616137656163653732343733323365613938633336333366306639343663626164333131656536633565313731396666623338633730366664396163316264313362653065396338303339366565313337636364353332386565306666373938313833383432303062646430633138363932383266663665386566333565306437303363356662326237626130303730643062613666303236646361383734616563306466323932306562323633643036333861626636303332323262396232346332646539343966356532343633306330663239323132643035343637643132333830353835663132356563626338626535346430663530306364376331663433623533316337346365626138306638366537333865336438383730666662353835313331333331633462313431623838353266366531333862396164306661636634663062376261626131363361373464656539373765306231343262616162366130353530663636333137633766333835653961666339356139303438326538653138643733343162636261356664376366393433623334
63373563643266356165343766303735356630386232633664633865333538616532323834326137306436636537376364663039393734303635393339333933
c75cd2f5ae47f0755f08b2c6dc8e358ae22842a70d6ce77cdf09974065939393
9a6bb1785b9a4a19f38460d23ba68a911a8bf0a3304f372b422907d037c7bbdd
37343836313234396337353931336133333836616266646434313238316461333536616531303835643761363461643338643636373866323763356132333363
74861249c75913a3386abfdd41281da356ae1085d7a64ad38d6678f27c5a233c
6636326430373337323130633766313764323362303533613030376235303737303030666637
32393362373536303938313265383436636265666233306666623565373762646263646539313836306164303662336363376639393065646663646461376561
293b75609812e846cbefb30ffb5e77bdbcde91860ad06b3cc7f990edfcdda7ea
f62d0737210c7f17d23b053a007b5077000ff7
31643665353839386135363232393732613638666532643937383638666333623664363062663034643034643063636636386664386237653766363037336130
1d6e5898a5622972a68fe2d97868fc3b6d60bf04d04d0ccf68fd8b7e7f6073a0
3761303734363736353430396633343337303737313539663835653139303766313732353966
36643133623631636636353335326136653231666164623938373639613430643162623136366264613766383433656465313137316361346236643930636363
6d13b61cf65352a6e21fadb98769a40d1bb166bda7f843ede1171ca4b6d90ccc
7a0746765409f3437077159f85e1907f17259f
62356139383565666532613066613735306361373032343563623961313432343262656334306238623739613939356262356336636564616230616635306439
b5a985efe2a0fa750ca70245cb9a14242bec40b8b79a995bb5c6cedab0af50d9
3335393731376266303431353764306237323664313736663134376637313633303335653335
32323733636230343830303163303138386165343139623564666530313134386565323761663062366336616431636630356263353235383837323435396639
2273cb048001c0188ae419b5dfe01148ee27af0b6c6ad1cf05bc5258872459f9
359717bf04157d0b726d176f147f7163035e35
35666462313732633635303262623739646630643163323461393763643137656339326364613137383766393964346162333038393338376133656130643539
5fdb172c6502bb79df0d1c24a97cd17ec92cda1787f99d4ab3089387a3ea0d59
3535313634393966333934376137346437363764383737373131373635303965343734373862
30336631376166366663653331363637343063666361646133643739383761636436613764316461303136353533373932653138303266353335363563363333
03f17af6fce3166740cfcada3d7987acd6a7d1da016553792e1802f53565c633
5516499f3947a74d767d87771176509e47478b
61363738653036363338663437396538646536363030366163336131363765376532386531656166396165616637646430616561313836376662643539333366
a678e06638f479e8de66006ac3a167e7e28e1eaf9aeaf7dd0aea1867fbd5933f
3733303730353737343632643937373737333933343739663431373337353737303036336437
33353637323130336165633335636135663263633832343563343234363732373237346637376665633632656630343663343062613635346237666239383133
35672103aec35ca5f2cc8245c4246727274f77fec62ef046c40ba654b7fb9813
73070577462d97777393479f417375770063d7
33303830343265636331373934633036393261336265663237613363636535643737633737346636383830366561616661393436663066616534663161636538
308042ecc1794c0692a3bef27a3cce5d77c774f68806eaafa946f0fae4f1ace8
3939316535333737353131393735303733366637333737373736666437303735313030643937
30346361303734313438393738333835623634323364333065343831653562653631646434373262343162613638333662623637663134666366633033646130
04ca074148978385b6423d30e481e5be61dd472b41ba6836bb67f14fcfc03da0
991e53775119750736f7377776fd7075100d97
62393835303738626566343532343662383463613864656432663965376337386631333636313365666430363935646266646163653932383532396638343035
b985078bef45246b84ca8ded2f9e7c78f136613efd0695dbfdace928529f8405
6665326130373966303533336666336362306666313762363435646664346636333832373737
64663663613261363739643762353134306261373734366666393731396331386333303438346638616634653065363731336363653439383133363130323661
df6ca2a679d7b5140ba7746ff9719c18c30484f8af4e0e6713cce4981361026a
fe2a079f0533ff3cb0ff17b645dfd4f6382777
38313764616338383462626635313935626334643261646338373466373530616565346438613930613939373035663533396136376435393064333763363663
817dac884bbf5195bc4d2adc874f750aee4d8a90a99705f539a67d590d37c66c
6636326430373337323130633766313764323362303533613030376235303737303030666637376130373436373635343039663334333730373731353966383565313930376631373235396633353937313762663034313537643062373236643137366631343766373136333033356533353535313634393966333934376137346437363764383737373131373635303965343734373862373330373035373734363264393737373733393334373966343137333735373730303633643739393165353337373531313937353037333666373337373737366664373037353130306439376665326130373966303533336666336362306666313762363435646664346636333832373737
36303332366561363965333063383033323830386635613330373861656535376466393864616663633338393061663463396431623631663263623030393662
60326ea69e30c8032808f5a3078aee57df98dafcc3890af4c9d1b61f2cb0096b
f62d0737210c7f17d23b053a007b5077000ff77a0746765409f3437077159f85e1907f17259f359717bf04157d0b726d176f147f7163035e355516499f3947a74d767d87771176509e47478b73070577462d97777393479f417375770063d7991e53775119750736f7377776fd7075100d97fe2a079f0533ff3cb0ff17b645dfd4f6382777
32643438653635393830626530346333353466623866646235653534303330626661643332303932623766393139623832346333663365346466346339353035
2d48e65980be04c354fb8fdb5e54030bfad32092b7f919b824c3f3e4df4c9505
6637333537396636613535333965323039313031326437373637656130343134303530373637393533373337623937373937366666373766323530333435303134343936313530303134323133633935376439333766376139376666336437373566313430343730333733626437376364373737373362323032363336303337363739666662376464333766303131383433313535373737373733393637393762616666376637363038313134373430353431313635376537373766646231663633646635393735373764303031303530343737363937376637663365373536303130343031333037333730303830323534363032663565373364376639333864393737663562373737
64363639663334643266313838393338316464633961303664383334366438363237353031646531393439666332376636653666333931393362383738633436
d669f34d2f1889381ddc9a06d8346d8627501de1949fc27f6e6f39193b878c46
f73579f6a5539e2091012d7767ea0414050767953737b977976ff77f250345014496150014213c957d937f7a97ff3d775f140470373bd77cd77773b202636037679ffb7dd37f01184315577777396797baff7f76081147405411657e777fdb1f63df597577d0010504776977f7f3e756010401307370080254602f5e73d7f938d977f5b777
32656464323538313364396333616331613461303733313537393865636666363663653830346532316331653461653439396564616536353833343335636437
2edd25813d9c3ac1a4a07315798ecff66ce804e21c1e4ae499edae6583435cd7
32393362373536303938313265383436636265666233306666623565373762646263646539313836306164303662336363376639393065646663646461376561366431336236316366363533353261366532316661646239383736396134306431626231363662646137663834336564653131373163613462366439306363633232373363623034383030316330313838616534313962356466653031313438656532376166306236633661643163663035626335323538383732343539663930336631376166366663653331363637343063666361646133643739383761636436613764316461303136353533373932653138303266353335363563363333333536373231303361656333356361356632636338323435633432343637323732373466373766656336326566303436633430626136353462376662393831333034636130373431343839373833383562363432336433306534383165356265363164643437326234316261363833366262363766313466636663303364613064663663613261363739643762353134306261373734366666393731396331386333303438346638616634653065363731336363653439383133363130323661
64653962386661363334396630633139356166333532626362343539386534333638306665306564333361386365393638346135306562363565323037323563
de9b8fa6349f0c195af352bcb4598e43680fe0ed33a8ce9684a50eb65e20725c
32363230333064396432333534663331376636633662333331376163376263373230613536626131373236313066303461306334363331363966386661343738363063653839313530656339643233313333373765356331353862383230366333353461313661383136363837353534636538346662306232613032366265316563633461666634666332376261316338333733643961326434306262643433366639356135306666386433636566623766643434393536653732383765393039343131376131383665393734313737356362303461326231646438633765386231656432366363626536373133646232613464306531373766643439366164373438313666313737343862306466326636646261656238306136306334616137633136316664663636326234303861356561653634643566363062333133303865336563373433366364663936363763653032636231373135653462336631623130366339376338623763393135306166653063323236313465613566353439643438353466386662383362633163363735376633646432366663366439343562303161303563393330376339363864326563663331613661633933333061
66633833393637303863356563383438653566356237343637363639336663336633336166343465346666613935316636666366386265626434306438346335
fc8396708c5ec848e5f5b74676693fc3f33af44e4ffa951f6fcf8bebd40d84c5
8b6bf66a8d2006abacf206c3477a5bd51a793dc7e8fd3c7061ea6f67931f9335
38313964366164656264643737343433633863613631313764343162376465646333656639313732633535353634306435303266373465343539623139383666
819d6adebdd77443c8ca6117d41b7dedc3ef9172c555640d502f74e459b1986f
31643665353839386135363232393732613638666532643937383638666333623664363062663034643034643063636636386664386237653766363037336130623561393835656665326130666137353063613730323435636239613134323432626563343062386237396139393562623563366365646162306166353064393566646231373263363530326262373964663064316332346139376364313765633932636461313738376639396434616233303839333837613365613064353961363738653036363338663437396538646536363030366163336131363765376532386531656166396165616637646430616561313836376662643539333366333038303432656363313739346330363932613362656632376133636365356437376337373466363838303665616166613934366630666165346631616365386239383530373862656634353234366238346361386465643266396537633738663133363631336566643036393564626664616365393238353239663834303538313764616338383462626635313935626334643261646338373466373530616565346438613930613939373035663533396136376435393064333763363663
63353963633866666537663636363730383533633431626165333730616238333165623662366238363931336538663937333732666330343263653631313531
c59cc8ffe7f66670853c41bae370ab831eb6b6b86913e8f97372fc042ce61151
31623561336238643566363039313661643738383765396238303564353831653430613835373032376339653236653838386663366362386165363363653435323538316662366130663734623230323439356632666237343235396162396334313737376530363932353938366235613064643938623663666532346338613036616334663764363361646530313062383232326330656461643432366665643935346132646337636163373238386239336166373639376133393438616331636566663164366337376334313765633533323765353730623465376438613632636537666564623932373165366532386333343063636537366462346431373638663061653431613062316166333934383766366530646238393866613037376138643934396665303039646139613636373039396665393063396437613535633534646164666662616466623536626230616633383533613964396663306534616164363861366336386339316665376265333830396437643836663235656137376138393762616665353066303362343264366165646639333066613531663737353039613863333064336334366164353365303630393966383563
39626238323535326635396238623934356131356131656165383763323937383261396463646138396535333131356532313465316132646266363035353935
9bb82552f59b8b945a15a1eae87c29782a9dcda89e53115e214e1a2dbf605595
591cc3d27fb7286e0167e5110bc299a90592a45ca65385820995aacf2ca9539e
64366133303735336661393462343962373863663562333930623362366632386563343962663361653362326239383139326133333535333936393431613865
d6a30753fa94b49b78cf5b390b3b6f28ec49bf3ae3b2b98192a3355396941a8e
3136373166373031373164303731643730363262363033613966313135633237646464663030
63323139386261366531346339323236303436386139346461666534303634663163313764333931383763336162373538363064653539333162643539646337
c2198ba6e14c92260468a94dafe4064f1c17d39187c3ab75860de5931bd59dc7
1671f70171d071d7062b603a9f115c27dddf00
37343736303063363261663030383238396666383936366531363231313339343830313031323263373261633331363030346138623532353661323163656338
747600c62af008289ff8966e162113948010122c72ac316004a8b5256a21cec8
3361663535363630373462316630373336633537373439663937303139623166393733353930
38363935616535393237656364616533373731393330363730623261333635633236623031366262643237393033313335366364346636396663636630363665
8695ae5927ecdae3771930670b2a365c26b016bbd279031356cd4f69fccf066e
3af5566074b1f0736c57749f97019b1f973590
63663366633938393835663231633265666364656133663432656365346466336363393939336330666261363633336162353632646531303830376438366637
cf3fc98985f21c2efcdea3f42ece4df3cc9993c0fba6633ab562de10807d86f7
3035393435373130373437343730356237373264353736663737343137373233333337653334
63636136356237386163313661393138336238396430616431373233333162333237633831643765663033363935646138643261643435333238643931333039
cca65b78ac16a9183b89d0ad172331b327c81d7ef03695da8d2ad45328d91309
059457107474705b772d576f77417723337e34
30306563343531353562643464666635653064633736663165636133353762613262343336396265303537653664383335633062633631333365373362373432
00ec45155bd4dff5e0dc76f1eca357ba2b4369be057e6d835c0bc6133e73b742
3535623437393130333937306136366435373164393037373564323035623865353737373831
62393561643363323236633936333765376366663038343834653530373566306464373536616363316330373664656432366230636565666336653031336338
b95ad3c226c9637e7cff08484e5075f0dd756acc1c076ded26b0ceefc6e013c8
55b479103970a66d571d90775d205b8e577781
66373061336539306231643430636466323563616134323061383162376666323865636433393431326435666630323961643565666463626566353365623634
f70a3e90b1d40cdf25caa420a81b7ff28ecd39412d5ff029ad5efdcbef53eb64
3633623437353731343633303931373736373833373139663762373037373337376437333033
65636532326530306631626563363330656630323461393533643163313965636535326132663134636333643962346264663236623937346235396536323233
ece22e00f1bec630ef024a953d1c19ece52a2f14cc3d9b4bdf26b974b59e6223
63b47571463091776783719f7b7077377d7303
61626361373865333833323731633839656230383333653061643939303539333133313937396264356136303666613466306662383638313131663535396432
abca78e383271c89eb0833e0ad990593131979bd5a606fa4f0fb868111f559d2
3839393035333231373133313735613732373137373437373736303037393035666666643931
33366161613663623137613332393164636232646566356133313938373061376535366337373066303464626663383263346231613035353762346262313064
36aaa6cb17a3291dcb2def5a319870a7e56c770f04dbfc82c4b1a0557b4bb10d
89905321713175a72717747776007905fffd91
65363261326639326435623439633937356230303334323834396237356562316236363639343462376635356532633335663065323834613835646164303061
e62a2f92d5b49c975b00342849b75eb1b666944b7f55e2c35f0e284a85dad00a
3065363062373930623537326630376331633166643662363537313064363036373933373136
66363133336339613433353433346264323538313661643537313730306131663764333262333862376461313330373965303635386465363466383262366563
f6133c9a435434bd25816ad571700a1f7d32b38b7da13079e0658de64f82b6ec
0e60b790b572f07c1c1fd6b65710d606793716
37383639623137623865396235613066663439376130373538336230376163333766316564366266356565386163356237336634656461393335393035306165
7869b17b8e9b5a0ff497a07583b07ac37f1ed6bf5ee8ac5b73f4eda9359050ae
3136373166373031373164303731643730363262363033613966313135633237646464663030336166353536363037346231663037333663353737343966393730313962316639373335393030353934353731303734373437303562373732643537366637373431373732333333376533343535623437393130333937306136366435373164393037373564323035623865353737373831363362343735373134363330393137373637383337313966376237303737333737643733303338393930353332313731333137356137323731373734373737363030373930356666666439313065363062373930623537326630376331633166643662363537313064363036373933373136
32353233646466313762623865323462343062666230323736396438633864616161376130373464343862326633316565663336373238313762313936353061
2523ddf17bb8e24b40bfb02769d8c8daaa7a074d48b2f31eef3672817b19650a
1671f70171d071d7062b603a9f115c27dddf003af5566074b1f0736c57749f97019b1f973590059457107474705b772d576f77417723337e3455b479103970a66d571d90775d205b8e57778163b47571463091776783719f7b7077377d730389905321713175a72717747776007905fffd910e60b790b572f07c1c1fd6b65710d606793716
38396234643932626162626634366239386337656636363963323337313866663135323135343762663965666566363964316164626665303430636466346334
89b4d92babbf46b98c7ef669c23718ff1521547bf9efef69d1adbfe040cdf4c4
3133303536383036613535333965376639626239363135343434303066353537373562373637393533373036313137323931303030313130373737333437623134343936313564623737333337303134303031323766376139376631303036313530643735363761373733626437376330363735363231366337373737633235323138313162376464333766363735393737643034373031343633393637393762616666376637363939373537373566373764623637313034323730313131313030303035393735373764636237623739363231323833303037663365373536643933353766376437333764663964333737376633663565373364373039333830393130303431333136
32656433376164613831396437653566313264333239633438306235363731326535343163333931303437643665356139353931316236343537643031333837
2ed37ada819d7e5f12d329c480b56712e541c391047d6e5a95911b6457d01387
13056806a5539e7f9bb961544400f55775b767953706117291000110777347b1449615db7733701400127f7a97f1006150d7567a773bd77c06756216c7777c2521811b7dd37f675977d0470146396797baff7f769975775f77db6710427011110000597577dcb7b79621283007f3e756d9357f7d737df9d3777f3f5e73d709380910041316
35343865336663366261306563376235323962363939653162313864346562623262666462393864376162643930393439383862333162366662303135656631
548e3fc6ba0ec7b529b699e1b18d4ebb2bfdb98d7abd9094988b31b6fb015ef1
63323139386261366531346339323236303436386139346461666534303634663163313764333931383763336162373538363064653539333162643539646337383639356165353932376563646165333737313933303637306232613336356332366230313662626432373930333133353663643466363966636366303636656363613635623738616331366139313833623839643061643137323333316233323763383164376566303336393564613864326164343533323864393133303962393561643363323236633936333765376366663038343834653530373566306464373536616363316330373664656432366230636565666336653031336338656365323265303066316265633633306566303234613935336431633139656365353261326631346363336439623462646632366239373462353965363232333336616161366362313761333239316463623264656635613331393837306137653536633737306630346462666338326334623161303535376234626231306466363133336339613433353433346264323538313661643537313730306131663764333262333862376461313330373965303635386465363466383262366563
64343236373434303538636532626532636431316337333563323563316364346530626436316135663433343235353236623062333236383134393461626337
d426744058ce2be2cd11c735c25c1cd4e0bd61a5f43425526b0b32681494abc7
63386362653366323663396336363139613565613139353661326133386135643261336265623365366361353763306339363938323062616532613266313431376336313733346531636261356363363965333439646136633233326139333639343265313733316236333865306464303733376563323437626366623536313866303238383939663264316133643034653639303038616661343661343935646437643835613561303134333337666237656431316532323531393734613330633830303333373137303636313539306134356266656131666333306337663132326465653763363764353564316263373236333730383561633264313136323762333664616637333962376331303831626563346662386466316330373732306363346463373330336461333936376462316130393639663362333564626330373164653438373533616462323938353832646365363664366634303063326232623664646130363135653464636261383566346539306439363565373565333933663435363166326362373462633836356266646364653934383566393065623239303131366262643633333231366336306332306537653938336463
38623439636134643331343538356233333532346162623833316465366366646562633939383866373933343165633430616462333530396562366432623838
8b49ca4d314585b33524abb831de6cfdebc9988f79341ec40adb3509eb6d2b88
1d2b1914e936593335a98ed580491704bd6e59080ccc07e180a824818874feaa
37376231646430313662346462346463633533303639626334376335393130633831393436313533363333316132376432373461313736333966653839346337
77b1dd016b4db4dcc53069bc47c5910c819461536331a27d274a17639fe894c7
37343736303063363261663030383238396666383936366531363231313339343830313031323263373261633331363030346138623532353661323163656338636633666339383938356632316332656663646561336634326563653464663363633939393363306662613636333361623536326465313038303764383666373030656334353135356264346466663565306463373666316563613335376261326234333639626530353765366438333563306263363133336537336237343266373061336539306231643430636466323563616134323061383162376666323865636433393431326435666630323961643565666463626566353365623634616263613738653338333237316338396562303833336530616439393035393331333139373962643561363036666134663066623836383131316635353964326536326132663932643562343963393735623030333432383439623735656231623636363934346237663535653263333566306532383461383564616430306137383639623137623865396235613066663439376130373538336230376163333766316564366266356565386163356237336634656461393335393035306165
62303365396136343861303736363363626139626335356162636531313663346162616433646234353136376330663766363934393732393937653332646139
b03e9a648a07663cba9bc55abce116c4abad3db45167c0f7f694972997e32da9
37633066616537346630376236383733653063323636666361616139306334333732623039356538663163383139653937363935303332623238356238643861356231333565666664643262393032343437346230316430313935386366636363613232666438393038653566393766396665326535666663303562623466646463303039386563613830373961376133336136333634333430366666326532376534313030383531326561613438366563386439333263613139626231653362393730313435373035373364376635656139666266396263343361323331333863323831623730636265333666313934633136313039336439366531393633373964323339393934363263623462346263306531646266376630323537353262356461666561613735363565633665663035383336366636656131336430663263363338326163353061333934336230623561663537343563643066336136303566306638326265626534626463663832653565366436386432313163383461353033623161393638336531383361306566313535323737356664393164333335613063386265356435653637623930306366343664306138373234326165
30656364343537656664373464306430373633373466393832303332663962376334663230333238616462383038663838356630633562636664376663363766
0ecd457efd74d0d076374f982032f9b7c4f20328adb808f885f0c5bcfd7fc67f
792654c09d0a1d3de2af40f61bc957ce3366ea5adaf6eecc9c9e138f9ac3cd6f
39333536333463346437356564366362663963646630383462326562396138303734393238353465626532366665353535376235616231303466666164613464
935634c4d75ed6cbf9cdf084b2eb9a807492854ebe26fe5557b5ab104ffada4d
6632326430313337323130633266313064323330303532303030376230303730303030306637
64303162626561653334323830346661353663613561323334356463633763636235363832376230363765646530633239356531346334336433636539363961
d01bbeae342804fa56ca5a2345dcc7ccb56827b067ede0c295e14c43d3ce969a
f22d0137210c2f10d2300520007b00700000f7
36636231383962333236666633316331643637393632373237623765346666363239653635663730656432633862373930653331643734623561313139626465
6cb189b326ff31c1d67962727b7e4ff629e65f70ed2c8b790e31d74b5a119bde
3730303734323736353730393033343237303734313530313835653130303730313732353966
64656636633336313235323062353838313563306237353637346464353535653136343361396563343163353437393934663134663131396564383930306563
def6c3612520b58815c0b75674dd555e1643a9ec41c547994f14f119ed8900ec
70074276570903427074150185e1007017259f
33613762656538303530396563333436343630343734666661313133633565663363366432326235313935393736323466383538616431346639323933313664
3a7bee80509ec346460474ffa113c5ef3c6d22b519597624f858ad14f929316d
3331393731306266303731353164303137323630313736313134376637313632303335303335
32333664316662653530363566656434363838623563386162613430326661333931376239663639623839396164663233333335393532393764386137383733
236d1fbe5065fed4688b5c8aba402fa3917b9f69b899adf2333595297d8a7873
319710bf07151d0172601761147f7162035035
65343163383336333139383266613739333166303230323635633333346364366261636263666439383236303663383734663061306137353266633437613865
e41c83631982fa7931f020265c334cd6bacbcfd982606c874f0a0a752fc47a8e
3535313634303966333934373037343037363730383732323131373635303930343734343862
32656232643762386361343037343238396133663736393464666233633538383039653235323239383063653164626262313066383961313834623237383837
2eb2d7b8ca4074289a3f7694dfb3c58809e2522980ce1dbbb10f89a184b27887
5516409f39470740767087221176509047448b
61633537626531653836633533616366393765303639353432353366306137633862643431396530623139396237336432363166653061663934386361663162
ac57be1e86c53acf97e06954253f0a7c8bd419e0b199b73d261fe0af948caf1b
3730303730313737343732643837373537333931343738303431373331353736303036316437
32666662383335336438633264336230623664666634303335386365363239313066333262353531326139363431643630616466383835356131386232356664
2ffb8353d8c2d3b0b6dff40358ce62910f32b5512a9641d60adf8855a18b25fd
70070177472d877573914780417315760061d7
36626432646539303230373164663431336261346463363362616564616132363034336562613963376430393762353234643864623031643062316633313563
6bd2de902071df413ba4dc63baedaa26043eba9c7d097b524d8db01d0b1f315c
3938316535313737356431393235303733366635333731313736666437303730313030303937
32643335633939343062303561643665323137393439616434653233313662393331373734386132343863333433383563373764626333356130393735383433
2d35c9940b05ad6e217949ad4e2316b9317748a248c34385c77dbc35a0975843
981e51775d19250736f5371176fd7070100097
39363830356664386334313433633865653937623137616434646165656333666231396631343866303039636330633731356632333431396265633939376633
96805fd8c4143c8ee97b17ad4daeec3fb19f148f009cc0c715f23419bec997f3
6630326130323966303733333166333062306631313731303435646630346630333832323737
35326161333063303139383934336133613235396137656236383231323964353837393061346435626266363663336231336565343137393830613261353533
52aa30c0198943a3a259a7eb682129d58790a4d5bbf66c3b13ee417980a2a553
f02a029f07331f30b0f1171045df04f0382277
38386535626365323735646238383636353664323931333362396534653466663533353363396135373330366239306230323663616661323636316437616532
88e5bce275db886656d29133b9e4e4ff5353c9a57306b90b026cafa2661d7ae2
6632326430313337323130633266313064323330303532303030376230303730303030306637373030373432373635373039303334323730373431353031383565313030373031373235396633313937313062663037313531643031373236303137363131343766373136323033353033353535313634303966333934373037343037363730383732323131373635303930343734343862373030373031373734373264383737353733393134373830343137333135373630303631643739383165353137373564313932353037333666353337313137366664373037303130303039376630326130323966303733333166333062306631313731303435646630346630333832323737
65643763346162343561303833376363383430396266343331636461356139303730353533333731663836643866363261363463336463613862393266386334
ed7c4ab45a0837cc8409bf431cda5a9070553371f86d8f62a64c3dca8b92f8c4
f22d0137210c2f10d2300520007b00700000f770074276570903427074150185e1007017259f319710bf07151d0172601761147f71620350355516409f39470740767087221176509047448b70070177472d877573914780417315760061d7981e51775d19250736f5371176fd7070100097f02a029f07331f30b0f1171045df04f0382277
65363832356466646561343237363339633634323063626639633730363635316333343937396430393365646135373761303361383934303839346337616664
e6825dfdea427639c6420cbf9c706651c34979d093eda577a03a8940894c7afd
6637333537396632303135303830323039313031326437373637656130343134303530313230303131323337623937373937366666373766323530333435303137373937643730303134323133633935376439333230313038323166336437373566313430343730333032313035373064373737373362323032363336303337363739666630343030313531303131383433313535373737373732303632383131303131323031303038313134373430353431313635376537373766646231663633646630303735313730303031303530343737363937376630303230363030303130343031333037333730303830323534363032303530343130326639333864393737663562373737
61643731636132396233343565623037303963373263396238366432623564316262663130653464323238353034303037663764613135323132306462396465
ad71ca29b345eb0709c72c9b86d2b5d1bbf10e4d228504007f7da152120db9de
f73579f20150802091012d7767ea0414050120011237b977976ff77f250345017797d70014213c957d932010821f3d775f14047030210570d77773b202636037679ff04001510118431557777720628110112010081147405411657e777fdb1f63df00751700010504776977f00206000104013073700802546020504102f938d977f5b777
65626639393266303736386261353637366631366561353537616437626333353832303430306363333536633961363466393666353763633130643634356633
ebf992f0768ba5676f16ea557ad7bc35820400cc356c9a64f96f57cc10d645f3
64303162626561653334323830346661353663613561323334356463633763636235363832376230363765646530633239356531346334336433636539363961646566366333363132353230623538383135633062373536373464643535356531363433613965633431633534373939346631346631313965643839303065633233366431666265353036356665643436383862356338616261343032666133393137623966363962383939616466323333333539353239376438613738373332656232643762386361343037343238396133663736393464666233633538383039653235323239383063653164626262313066383961313834623237383837326666623833353364386332643362306236646666343033353863653632393130663332623535313261393634316436306164663838353561313862323566643264333563393934306230356164366532313739343961643465323331366239333137373438613234386333343338356337376462633335613039373538343335326161333063303139383934336133613235396137656236383231323964353837393061346435626266363663336231336565343137393830613261353533
37396638396135666539666639346634383263373035613134666135643966306165643465663233326431343339636336616531633265373637303037653032
79f89a5fe9ff94f482c705a14fa5d9f0aed4ef232d1439cc6ae1c2e767007e02
64643232323235306533656664323166366266336162366432623561626331643863336533663733393061366262353963653165383334303332356364303134353061386239323236346330383830353032353930626637646134343565343364336638643262366161383438306533353136396232613635386136313263633833643735613062666639393562353766346161376336343937323538393061653336613433646234376264353436353461663865386464346263323263643033653331633532633631323735663532363963356138396264636533383139356231393030333835363139663137363437653337393833623232373032613935623461373966323538346265363235616430633939313235363462383234623731383061386265633963396366643539653633366534613134343630376464313363633966626438333239326236356239343362306331356633316137336531333064376531343566666465346639383862346331353938633134313261353337333939313535396465373861613833646434313030633838623839616539613262373239303737323561363038383538353965373866343561633337643333
64303564333934636333363261643561353731623336386330633465653166646237626465613736613637623136306365653834396531313764323136353930
d05d394cc362ad5a571b368c0c4ee1fdb7bdea76a67b160cee849e117d216590
5356cfce416306f38441dd2e2a3e254482671a3ac7dc797a8683d4cb46c14e6f
33666463626335613532343135363230636465646433323331663436666265346232386565393231316361306262363464636363663937363338343165353032
3fdcbc5a52415620cdedd3231f46fbe4b28ee9211ca0bb64dcccf9763841e502
36636231383962333236666633316331643637393632373237623765346666363239653635663730656432633862373930653331643734623561313139626465336137626565383035303965633334363436303437346666613131336335656633633664323262353139353937363234663835386164313466393239333136646534316338333633313938326661373933316630323032363563333334636436626163626366643938323630366338373466306130613735326663343761386561633537626531653836633533616366393765303639353432353366306137633862643431396530623139396237336432363166653061663934386361663162366264326465393032303731646634313362613464633633626165646161323630343365626139633764303937623532346438646230316430623166333135633936383035666438633431343363386565393762313761643464616565633366623139663134386630303963633063373135663233343139626563393937663338386535626365323735646238383636353664323931333362396534653466663533353363396135373330366239306230323663616661323636316437616532
38663135316430316164333733313738313938643037376163336461376539356139613638323562653736616335663535643739393636653932333631383138
8f151d01ad373178198d077ac3da7e95a9a6825be76ac5f55d79966e92361818
36336561363938636134636236386237313564386531626337323035386538626435623965336565666362383631396465333033653038323235313832633736303936303435663938633731646665323531346233636633643338313361616663386334376334383631363966316536643433393365353636313762393637306665613764393430303462323637323664313932343039633731376632353661333266363433643337613532623462623163356164393731333365616565333366646534346334306165656635636161633466656437323366366636633666663233623830623539636162343133653663643339353664623465663335326331623163663266396134393762646539386130353930636635653138623730376439323164303332353639303930633930393963363837366237636262366337623039373238333563303934376432376230663432343130653866366435323335303138663631386166643263646130656233613764613030346634313761313161623435666439323566323930623661396634626536313263383163313139346366396439333761333937623161663137616436383135666565646562633332
66373765313464633465303465653961323166326366656461333738636137663932323666623539383632646330313031346163623530656432366362666532
f77e14dc4e04ee9a21f2cfeda378ca7f9226fb59862dc01014acb50ed26cbfe2
6b3667e478985998b2600502edc66e55c266cc4ac91f2479c56fbb23cbbba36b
61363536646665633833373566613265653834393263633935636139366231636561356633613164316633373239653533613039333430346635323161363538
a656dfec8375fa2ee8492cc95ca96b1cea5f3a1d1f3729e53a093404f521a658
