5a45524f
32626631393362343031353865386335323764383364363232303939623965383335643465623833353063396662353133343461656639336435303638666234
2bf193b40158e8c527d83d622099b9e835d4eb8350c9fb51344aef93d5068fb4
7a65726f
66393139346537336639653934353965333435306561313061313739636466373761616661363935626565636433623933343461393864313131363232323433
f9194e73f9e9459e3450ea10a179cdf77aafa695beecd3b9344a98d111622243
59494e59414e47
34376563633835646537623661656530376238393062376633633232663136336236663137396233653431613136393931623839346438356263306234316464
47ecc85de7b6aee07b890b7f3c22f163b6f179b3e41a16991b894d85bc0b41dd
79696e79616e67
39663964373965636536663563393536303633626566663231333036333164613430613337643035306362333831333139306235386162623137666563336462
9f9d79ece6f5c956063beff2130631da40a37d050cb3813190b58abb17fec3db
5a45524f59494e59414e47
66343665333037353766616636356237303734613437333833333861326332323037393066383164313639613735373634306163356439303665636237346361
f46e30757faf65b7074a4738338a2c220790f81d169a757640ac5d906ecb74ca
7a65726f79696e79616e67
61373065613436623933393339346364363864393332643538643533613035336664343264333363326637613735353435373262306133656161643461626138
a70ea46b939394cd68d932d58d53a053fd42d33c2f7a7554572b0a3eaad4aba8
696862626267656762626865636462636262666669626165
36613933313862393361333263386265313733663233386265646537643335373530383866373166623137643563316432633839643735623137303963376538
6a9318b93a32c8be173f238bede7d3575088f71fb17d5c1d2c89d75b1709c7e8
696862626765676865636463626661
34323861306533656132343062363932633238366464653963343139353363393732386536363439363334393132636132636665346139353531326236616235
428a0e3ea240b692c286dde9c41953c9728e6649634912ca2cfe4a95512b6ab5
626262626266696265
65623239303235353962333064343938316130356437333466353733626130653034633666393632366339643130666365323263396664386334353766646364
eb2902559b30d4981a05d734f573ba0e04c6f9626c9d10fce22c9fd8c457fdcd
393832323735373835333433323631
61663464323462363033656235336538396634366432636133653231636637393433326433303262646333373664643164323732316233376339323931643164
af4d24b603eb53e89f46d2ca3e21cf79432d302bdc376dd1d2721b37c9291d1d
323232323236393235
65326131343665393561666130313530333561393131633736643162646435373966323232313839613338643461653832613736323664623438623238633030
e2a146e95afa015035a911c76d1bdd579f222189a38d4ae82a7626db48b28c00
4741
30666263323634383565323332663537326231613231663163396530356638333263353466626261316566393561363763626262303130326431373734636265
0fbc26485e232f572b1a21f1c9e05f832c54fbba1ef95a67cbbb0102d1774cbe
6761
66353264363332333165623064626161633638396563393134376534623133316663393565663932643562633738313335623232393334623336643736626634
f52d63231eb0dbaac689ec9147e4b131fc95ef92d5bc78135b22934b36d76bf4
3731
37663232353364376532323862323261303862646131663039633531366636666561643831646636353336656230326661393931613334626233386439626538
7f2253d7e228b22a08bda1f09c516f6fead81df6536eb02fa991a34bb38d9be8
43574b455945594553
65313136313036383334643430313133386539623765613133663061653731323961326236313261363063656230356538396633323235666631306266303236
e116106834d401138e9b7ea13f0ae7129a2b612a60ceb05e89f3225ff10bf026
63776b657965796573
34386634646539656632643133363861333362643665353938656238663930333066326261363466363031326632383565663536653430383165323737633432
48f4de9ef2d1368a33bd6e598eb8f9030f2ba64f6012f285ef56e4081e277c42
5245494e53455254494e475448455052494d45424153494353
61626264356632393639613139346337656133353837626536386436653665303935343737613363323030623661656565646263343833643135633135656461
abbd5f2969a194c7ea3587be68d6e6e095477a3c200b6aeeedbc483d15c15eda
7265696e73657274696e677468657072696d65626173696373
34393731393863656361396536376235386666343766653133383464643664346136643635393638316334633339316263633961356261613664613531323461
497198ceca9e67b58ff47fe1384dd6d4a6d659681c4c391bcc9a5baa6da5124a
343031
64636161646164316366636534333737333562383161623032356637373665353835376534383535386334376636393630653661356632353935363634613835
dcaadad1cfce437735b81ab025f776e5857e48558c47f6960e6a5f2595664a85
343030
32366432323836363366313361383835393261313264313663663935383763616162303338386232363264366439663132366564363266393333336163613934
26d228663f13a88592a12d16cf9587caab0388b262d6d9f126ed62f9333aca94
31
36623836623237336666333466636531396436623830346566663561336635373437616461346561613232663164343963303165353264646237383735623462
6b86b273ff34fce19d6b804eff5a3f5747ada4eaa22f1d49c01e52ddb7875b4b
343030343030
34343334623634646630333238643935326564396634633339373032643635626338363935396265343737313063383864353931393162313361373332623136
4434b64df0328d952ed9f4c39702d65bc86959be47710c88d59191b13a732b16
343031343030
31626433646666393365373932643964363432353362316163353364653634623462353731643165393931623338326666366134653432633936376434633437
1bd3dff93e792d9d64253b1ac53de64b4b571d1e991b382ff6a4e42c967d4c47
343030343031
35663866363536643436393466333862656231353430623038396565643535333037346234396432633535666462313639396665343363366430393163396262
5f8f656d4694f38beb1540b089eed553074b49d2c55fdb1699fe43c6d091c9bb
383031
30393630313262376562636166353664316436336232373834643262326262646561653038306437326164366264316239663730313865363261336333376430
096012b7ebcaf56d1d63b2784d2b2bbdeae080d72ad6bd1b9f7018e62a3c37d0
383734
33643733346437323930303962373463303131363531656232346230366137343135316662393962386461353131303239356461386262373765633366393264
3d734d729009b74c011651eb24b06a74151fb99b8da5110295da8bb77ec3f92d
3733
39363036316539326635386534626463646565373364663336313833666533616336343734376338316332366636633833616164613864326161626231383634
96061e92f58e4bdcdee73df36183fe3ac64747c81c26f6c83aada8d2aabb1864
37
37393032363939626534326338613865343666626262343530313732363531376538366232326335366131383966373632356136646134393038316232343531
7902699be42c8a8e46fbbb4501726517e86b22c56a189f7625a6da49081b2451
59454c4c4f57424c55455052494d4553
34363266643430313532363637646463353730633566383839363235336637666163633862663062343335396130646334366564383934636233663530343465
462fd40152667ddc570c5f8896253f7facc8bf0b4359a0dc46ed894cb3f5044e
79656c6c6f77626c75657072696d6573
35333661323463383232323536626634663162316533306632663937356437306137653836643962333336653736316636376531346237373436663136656537
536a24c822256bf4f1b1e30f2f975d70a7e86d9b336e761f67e14b7746f16ee7
44454c
39623839343937666362306238306335326166363137383262623664363765373631303564633739653863333033313564303830323764636262626462303165
9b89497fcb0b80c52af61782bb6d67e76105dc79e8c30315d08027dcbbbdb01e
64656c
37356533303930323839653239353564666165636665323165616262653830623731343661623632333339343534613364636431613063613533313131333831
75e3090289e2955dfaecfe21eabbe80b7146ab62339454a3dcd1a0ca53111381
313237
39323263373935343231366363666537613631646566363039333035636531646337633637653232356638373366323536643330643761386565346634303463
922c7954216ccfe7a61def609305ce1dc7c67e225f873f256d30d7a8ee4f404c
5a45524f696862626765676865636463626661
31396366306363613362653162393832306164383863626535386236396338666234373763653733393937316336626232363837323139633263663238313836
19cf0cca3be1b9820ad88cbe58b69c8fb477ce739971c6bb2687219c2cf28186
7a65726f696862626765676865636463626661
39363261353335646130393736303866356438636237663864323431356238313130616135323438633335386161613435343437303366653566313434366236
962a535da097608f5d8cb7f8d2415b8110aa5248c358aaa4544703fe5f1446b6
69686262676567686563646362666159494e59414e47
33306263353530623562663461663131343336623636393532353662316564393536316363653936613630356563633164653437613138373437323266656566
30bc550b5bf4af11436b6695256b1ed9561cce96a605ecc1de47a1874722feef
69686262676567686563646362666179696e79616e67
63396366633930366635613938623961386361396430376631393130343130323631373632613133396664653661356561316538393037353331383763346434
c9cfc906f5a98b9a8ca9d07f1910410261762a139fde6a5ea1e890753187c4d4
5a45524f69686262676567686563646362666159494e59414e47
35616535313331353936356437666162373731393531336334323664366664363637303065663836653163373162653762323537303632666537346530386236
5ae51315965d7fab7719513c426d6fd66700ef86e1c71be7b257062fe74e08b6
7a65726f69686262676567686563646362666179696e79616e67
37363365656135386538386230646561616434316134303566376365643433613037386637373033336134346565336332386338656564663265333566306462
763eea58e88b0deaad41a405f7ced43a078f77033a44ee3c28c8eedf2e35f0db
44454c59454c4c4f57424c55455052494d4553
62346330346665323238373866386563366331383262623936303461656162313338346661313133313438336139323261326431386666623233643732326237
b4c04fe22878f8ec6c182bb9604aeab1384fa1131483a922a2d18ffb23d722b7
64656c79656c6c6f77626c75657072696d6573
36396334613466376134386335623030653135333837656338303639616365343864663265373562613031383031313334343136666438613230316565386532
69c4a4f7a48c5b00e15387ec8069ace48df2e75ba01801134416fd8a201ee8e2
59454c4c4f57424c55455052494d455344454c
38306333306130376632303334303666616634366465316335366634653530336136383537393833666464323330666662623336353962306365663439323634
80c30a07f203406faf46de1c56f4e503a6857983fdd230ffbb3659b0cef49264
79656c6c6f77626c75657072696d657364656c
35646135633037343065336162353761306263613866626365666561326666653239376434383432636139646563303461343036366661383739646464373030
5da5c0740e3ab57a0bca8fbcefea2ffe297d4842ca9dec04a4066fa879ddd700
3744454c
35653439653561353732663637316539346261326135636433336365626233663837306634306262636662643836376466373366303336666532376339383931
5e49e5a572f671e94ba2a5cd33cebb3f870f40bbcfbd867df73f036fe27c9891
3764656c
39333061666131383930643838623437613931303834653232303465363235313262613937313961346664383935343562393230343133393337653139666530
930afa1890d88b47a91084e2204e62512ba9719a4fd89545b920413937e19fe0
5a45524f20696862626765676865636463626661
61613334663330393538333338636530316531393362663462646139303364356662363632306237373334616336333632313666383030643265363962333532
aa34f30958338ce01e193bf4bda903d5fb6620b7734ac636216f800d2e69b352
7a65726f20696862626765676865636463626661
65313434666665366163333361363434393038636534343237323938313330363036393438363039333538333536373439353931633230656262643863333363
e144ffe6ac33a644908ce4427298130606948609358356749591c20ebbd8c33c
6968626267656768656364636266612059494e59414e47
37623230613765343231373765333564346639646338336261623835316262643936303730663638383432663632613365333539663566303334636166636238
7b20a7e42177e35d4f9dc83bab851bbd96070f68842f62a3e359f5f034cafcb8
6968626267656768656364636266612079696e79616e67
32316562643065643233356334303936373431326630623231363962336464636466303839643236636534633538353833666239303638303632646162343666
21ebd0ed235c40967412f0b2169b3ddcdf089d26ce4c58583fb9068062dab46f
5a45524f206968626267656768656364636266612059494e59414e47
33396133383036316432306566306239666538373466393636613132316132616335393735306565626537663638346138346162623933346138643964643866
39a38061d20ef0b9fe874f966a121a2ac59750eebe7f684a84abb934a8d9dd8f
7a65726f206968626267656768656364636266612079696e79616e67
61663539626265653363343435316463653230653232643664613738626535613864303636646333383239666365616261393232656162663065613061323730
af59bbee3c4451dce20e22d6da78be5a8d066dc3829fceaba922eabf0ea0a270
44454c2059454c4c4f57424c55455052494d4553
33356363623037343233613136356262323937636165616462633363613236643862386134343865396563363261356131616331313937613061366665363039
35ccb07423a165bb297caeadbc3ca26d8b8a448e9ec62a5a1ac1197a0a6fe609
64656c2079656c6c6f77626c75657072696d6573
38363666333836623565303639373864623936386534333334366339376639626362336165393939653136366162633830613534656335346264666230663635
866f386b5e06978db968e43346c97f9bcb3ae999e166abc80a54ec54bdfb0f65
59454c4c4f57424c55455052494d45532044454c
38653737316234383634643366333363393631343335643837356666356461336332353333323932393764643935343732313662333530626362656566653166
8e771b4864d3f33c961435d875ff5da3c253329297dd9547216b350bcbeefe1f
79656c6c6f77626c75657072696d65732064656c
62643131623663663938643832366366306231383538663264633334313133666432386364363331363333623039346432366236356434643138393932616433
bd11b6cf98d826cf0b1858f2dc34113fd28cd631633b094d26b65d4d18992ad3
372044454c
38616131373662663831356131353366666564376138663365383731303165616630363363393631623632333030633663303833366434613839323938373533
8aa176bf815a153ffed7a8f3e87101eaf063c961b62300c6c0836d4a89298753
372064656c
64373135626632396662663564626531333239363465303764656562316336623039383765346662396330306136313237646261396539613136643361336631
d715bf29fbf5dbe132964e07deeb1c6b0987e4fb9c00a6127dba9e9a16d3a3f1
5a45524f2d696862626765676865636463626661
38636564383530643532373130316232646530613733613966353561626665393537303630383930646165653737346135393732376537353163343437613462
8ced850d527101b2de0a73a9f55abfe957060890daee774a59727e751c447a4b
7a65726f2d696862626765676865636463626661
30316634376236306531323933333630666362366161633664313563363366346530633837366163316465326562663133643862383365646162373835656662
01f47b60e1293360fcb6aac6d15c63f4e0c876ac1de2ebf13d8b83edab785efb
6968626267656768656364636266612d59494e59414e47
30643662393831343839343534623163343434306637373961353761643736383539323634343065343638343736653962356636653662356435306532613339
0d6b981489454b1c4440f779a57ad7685926440e468476e9b5f6e6b5d50e2a39
6968626267656768656364636266612d79696e79616e67
34383638666533343535333666373061313063376638666533326332636331616133626364376665646431656235616438383336653763636231613237393735
4868fe345536f70a10c7f8fe32c2cc1aa3bcd7fedd1eb5ad8836e7ccb1a27975
5a45524f2d6968626267656768656364636266612d59494e59414e47
63373264346639366634643039363666643633303165366563396232646132316462396666636139306164313662356638303534633161306464336130376665
c72d4f96f4d0966fd6301e6ec9b2da21db9ffca90ad16b5f8054c1a0dd3a07fe
7a65726f2d6968626267656768656364636266612d79696e79616e67
34613631653464353537313333363839356130396232643834356263653664353861366463316237333865306433343165616362396263326434356466633836
4a61e4d5571336895a09b2d845bce6d58a6dc1b738e0d341eacb9bc2d45dfc86
44454c2d59454c4c4f57424c55455052494d4553
38346333323630316336643961646236376366666363636665643132356334373537363237666262393838343463323532633230653336336462653938393532
84c32601c6d9adb67cffcccfed125c4757627fbb98844c252c20e363dbe98952
64656c2d79656c6c6f77626c75657072696d6573
36393736363364363761616365383032323766323165633064663564626331393733306132383731303738613930363435353666336662333030613931333638
697663d67aace80227f21ec0df5dbc19730a2871078a9064556f3fb300a91368
59454c4c4f57424c55455052494d45532d44454c
64336663643365346162313436373865323363333834363064383261616435323261353639323763616630343164303835633637643039336330323030326130
d3fcd3e4ab14678e23c38460d82aad522a56927caf041d085c67d093c02002a0
79656c6c6f77626c75657072696d65732d64656c
66333032373763376331323830396338656462326463396566613565373830303637386562643437623465316466633661376339343766626335333730636364
f30277c7c12809c8edb2dc9efa5e7800678ebd47b4e1dfc6a7c947fbc5370ccd
372d44454c
35363636656430303535653533386334343736663966336562303833366262633162633733346462333537333866616233363464346630653137396335393530
5666ed0055e538c4476f9f3eb0836bbc1bc734db35738fab364d4f0e179c5950
372d64656c
64356665336233656662636466623733363362343230633534613932383931363634366531376336356133643036373539313133663065623666653263386362
d5fe3b3efbcdfb7363b420c54a928916646e17c65a3d06759113f0eb6fe2c8cb
5a45524f5f696862626765676865636463626661
35333666326332623663326230366337353162393832316166616562306361613832356264303235363861333462643630373531633565396464636332633265
536f2c2b6c2b06c751b9821afaeb0caa825bd02568a34bd60751c5e9ddcc2c2e
7a65726f5f696862626765676865636463626661
62616461353663313665396563306364613538316632633636383639626663613233353531616662393465366132333837626562613036343631343137633233
bada56c16e9ec0cda581f2c66869bfca23551afb94e6a2387beba06461417c23
6968626267656768656364636266615f59494e59414e47
62616663333235306336373630343239333035653861356437303862363534633162343763363765346637643461633634323862313431616130353961313130
bafc3250c6760429305e8a5d708b654c1b47c67e4f7d4ac6428b141aa059a110
6968626267656768656364636266615f79696e79616e67
61383631346637323466653463343163316532353765353530333432633463373838653935373131386132626435336335353836366230626165333464346466
a8614f724fe4c41c1e257e550342c4c788e957118a2bd53c55866b0bae34d4df
5a45524f5f6968626267656768656364636266615f59494e59414e47
66323961663465656132636439373939636236353733616433353039323835623531373630326634393963343966356234623037626637356564633334393530
f29af4eea2cd9799cb6573ad3509285b517602f499c49f5b4b07bf75edc34950
7a65726f5f6968626267656768656364636266615f79696e79616e67
32353130303635373837363864366339633335366239643436313837666164616665306137396434366263303266326234313632383562663132373163393530
251006578768d6c9c356b9d46187fadafe0a79d46bc02f2b416285bf1271c950
44454c5f59454c4c4f57424c55455052494d4553
33306430383163653232383465376331646633393330383065633334633636353432623737306534396363356436663161383565303964323532326161663763
30d081ce2284e7c1df393080ec34c66542b770e49cc5d6f1a85e09d2522aaf7c
64656c5f79656c6c6f77626c75657072696d6573
62363037323162373636333039346436306633656266613166643036626666373230383932386636633663656234353930356664633831386363626263396566
b60721b7663094d60f3ebfa1fd06bff7208928f6c6ceb45905fdc818ccbbc9ef
59454c4c4f57424c55455052494d45535f44454c
31656364646331396234646264363566623863333365326232636437356265313639633766633465343435303832313438393038643662343238653037303433
1ecddc19b4dbd65fb8c33e2b2cd75be169c7fc4e445082148908d6b428e07043
79656c6c6f77626c75657072696d65735f64656c
32363535616130356537366630336563656636376463336464623062366332376336643538346364343137333431383931656564656365396530633862316436
2655aa05e76f03ecef67dc3ddb0b6c27c6d584cd417341891eedece9e0c8b1d6
375f44454c
37633165613533373236306639343138373034366561633163303239336664336165386634363266333430336261313330336137393630363538333439363963
7c1ea537260f94187046eac1c0293fd3ae8f462f3403ba1303a796065834969c
375f64656c
63333937383431633933653463646662376139636334626264636533396235333131353362653337643836663034613631343539306363396439666364346131
c397841c93e4cdfb7a9cc4bbdce39b531153be37d86f04a614590cc9d9fcd4a1
5a45524f3a696862626765676865636463626661
62616564356338383036353266613461393932366464633637376437663362313932303461383566653737653565323732656664666166623432353838363364
baed5c880652fa4a9926ddc677d7f3b19204a85fe77e5e272efdfafb4258863d
7a65726f3a696862626765676865636463626661
35666562306466396632383333323139666564663364333937366535653963393964383966623466313366366137303839653363663630633936313264653232
5feb0df9f2833219fedf3d3976e5e9c99d89fb4f13f6a7089e3cf60c9612de22
6968626267656768656364636266613a59494e59414e47
36303563396365346134663230666338633937663764643230633137363331633734623236383363356333333138633033316364663562363132313134303138
605c9ce4a4f20fc8c97f7dd20c17631c74b2683c5c3318c031cdf5b612114018
6968626267656768656364636266613a79696e79616e67
33643634323731653731353430313631626431623838373566396539376235323362653661643263666237396231663464313635333035323639633538336236
3d64271e71540161bd1b8875f9e97b523be6ad2cfb79b1f4d165305269c583b6
5a45524f3a6968626267656768656364636266613a59494e59414e47
39636266386433613638643635376231323332633631353931366166333434323363646432356466393364346266383662303335313263383438643136393862
9cbf8d3a68d657b1232c615916af34423cdd25df93d4bf86b03512c848d1698b
7a65726f3a6968626267656768656364636266613a79696e79616e67
34333034393564313138306139306664323039366266643932633936366131613464326234666164353266633465633865383263353337346330663330653634
430495d1180a90fd2096bfd92c966a1a4d2b4fad52fc4ec8e82c5374c0f30e64
44454c3a59454c4c4f57424c55455052494d4553
65663331313666383436653932333138353162343632336434313430383561636233333765613034323265666231333330636137373938323661646232623966
ef3116f846e9231851b4623d414085acb337ea0422efb1330ca779826adb2b9f
64656c3a79656c6c6f77626c75657072696d6573
62326134643436393236656337336461346235346664623734663337383335633461326233633937646234373430313431353837306332616232613931343037
b2a4d46926ec73da4b54fdb74f37835c4a2b3c97db47401415870c2ab2a91407
59454c4c4f57424c55455052494d45533a44454c
66666464653033326235376639636537643830393232316633393162653266653236623736346631373433366537346366333661363265386235366537396665
ffdde032b57f9ce7d809221f391be2fe26b764f17436e74cf36a62e8b56e79fe
79656c6c6f77626c75657072696d65733a64656c
37666135653634666666656638633262323662663935396632636335366331323039666138336534346465666137613533666239623062626238373161316632
7fa5e64fffef8c2b26bf959f2cc56c1209fa83e44defa7a53fb9b0bbb871a1f2
373a44454c
34613831646261306666326136373039613232653732326232663330393730396433346138623062613334346635373339343136303563646432653538396631
4a81dba0ff2a6709a22e722b2f309709d34a8b0ba344f573941605cdd2e589f1
373a64656c
66313632386461616164656464613336616332626435316538393361653833303038366363643638376333316434326139306661383962393535333964313062
f1628daaadedda36ac2bd51e893ae830086ccd687c31d42a90fa89b95539d10b
63617573616c697479536166656e65744c756e6148534d3131313130307837333642364536313632323037323646363632303734373536463643363936313632323036343645364636333635373332303636364632303642364536393732363232303645364632303732364636433643363536333645363136383433323033393330333033323246364536313441324633333330323037333635364436393534323036353638353442354b522f317235422f3252352f326231703170312f3250316b3150312f3170325032702f3150325032502f334e314e322062202d202d20302031
31613537633537326361663363663732326534316635663963663939666661636666303637323861343330333264643434633438316337376432656333306435
1a57c572caf3cf722e41f5f9cf99ffacff06728a43032dd44c481c77d2ec30d5
63617573616c697479736166656e65746c756e6168736d3131313130307837333662366536313632323037323666363632303734373536663663363936313632323036343665366636333635373332303636366632303662366536393732363232303665366632303732366636633663363536333665363136383433323033393330333033323266366536313461326633333330323037333635366436393534323036353638353462356b722f317235622f3272352f326231703170312f3270316b3170312f3170327032702f3170327032702f336e316e322062202d202d20302031
65343739306436646232383932666466366363613961663361363163333438393138316264656661336362656635653334363431323835643331333731386338
e4790d6db2892fdf6cca9af3a61c3489181bdefa3cbef5e34641285d313718c8
63617573616c69747920536166656e6574204c756e612048534d2031313131302030783733364236453631363232303732364636363230373437353646364336393631363232303634364536463633363537333230363636463230364236453639373236323230364536463230373236463643364336353633364536313638343332303339333033303332324636453631344132463333333032303733363536443639353432303635363835342042354b522f317235422f3252352f326231703170312f3250316b3150312f3170325032702f3150325032502f334e314e322062202d202d20302031
63346166646335323866393564353634306633616638303234383366383562363036313133383635303236366630623963663435336166376466353962366661
c4afdc528f95d5640f3af802483f85b6061138650266f0b9cf453af7df59b6fa
63617573616c69747920736166656e6574206c756e612068736d2031313131302030783733366236653631363232303732366636363230373437353666366336393631363232303634366536663633363537333230363636663230366236653639373236323230366536663230373236663663366336353633366536313638343332303339333033303332326636653631346132663333333032303733363536643639353432303635363835342062356b722f317235622f3272352f326231703170312f3270316b3170312f3170327032702f3170327032702f336e316e322062202d202d20302031
63373565366666393437663763656363346363636331376136626563386534643561343963383765383265393930616665616339396232393230386664356435
c75e6ff947f7cecc4cccc17a6bec8e4d5a49c87e82e990afeac99b29208fd5d5
63617573616c6974792d536166656e65742d4c756e612d48534d2d31313131302d30783733364236453631363232303732364636363230373437353646364336393631363232303634364536463633363537333230363636463230364236453639373236323230364536463230373236463643364336353633364536313638343332303339333033303332324636453631344132463333333032303733363536443639353432303635363835342d42354b522f317235422f3252352f326231703170312f3250316b3150312f3170325032702f3150325032502f334e314e322062202d202d20302031
37343831303830343864383937653537353264303636306264656435316230316530626237313030346238383039366336386664343633633630303766316266
748108048d897e5752d0660bded51b01e0bb71004b88096c68fd463c6007f1bf
63617573616c6974792d736166656e65742d6c756e612d68736d2d31313131302d30783733366236653631363232303732366636363230373437353666366336393631363232303634366536663633363537333230363636663230366236653639373236323230366536663230373236663663366336353633366536313638343332303339333033303332326636653631346132663333333032303733363536643639353432303635363835342d62356b722f317235622f3272352f326231703170312f3270316b3170312f3170327032702f3170327032702f336e316e322062202d202d20302031
65363139333564323436343033343937636536363236666532653938633133326135393266653561313436343863316134353831363334303262333464363331
e61935d246403497ce6626fe2e98c132a592fe5a14648c1a458163402b34d631
63617573616c6974795f536166656e65745f4c756e615f48534d5f31313131305f30783733364236453631363232303732364636363230373437353646364336393631363232303634364536463633363537333230363636463230364236453639373236323230364536463230373236463643364336353633364536313638343332303339333033303332324636453631344132463333333032303733363536443639353432303635363835345f42354b522f317235422f3252352f326231703170312f3250316b3150312f3170325032702f3150325032502f334e314e322062202d202d20302031
34636563376638383032623766313331373565363037626537366239323634316335616131363835653234353933306365613238336237663862663437373763
4cec7f8802b7f13175e607be76b92641c5aa1685e245930cea283b7f8bf4777c
63617573616c6974795f736166656e65745f6c756e615f68736d5f31313131305f30783733366236653631363232303732366636363230373437353666366336393631363232303634366536663633363537333230363636663230366236653639373236323230366536663230373236663663366336353633366536313638343332303339333033303332326636653631346132663333333032303733363536643639353432303635363835345f62356b722f317235622f3272352f326231703170312f3270316b3170312f3170327032702f3170327032702f336e316e322062202d202d20302031
66626164646437326431623034636664393663313266643464383563343532643139646537633832343162363130323739306238363134353262626136633439
fbaddd72d1b04cfd96c12fd4d85c452d19de7c8241b6102790b861452bba6c49
63617573616c6974793a536166656e65743a4c756e613a48534d3a31313131303a30783733364236453631363232303732364636363230373437353646364336393631363232303634364536463633363537333230363636463230364236453639373236323230364536463230373236463643364336353633364536313638343332303339333033303332324636453631344132463333333032303733363536443639353432303635363835343a42354b522f317235422f3252352f326231703170312f3250316b3150312f3170325032702f3150325032502f334e314e322062202d202d20302031
34613064303264363333363435643266353438656635393738373534356438323561653537616139393162333265396332353465616539303562356533326636
4a0d02d633645d2f548ef59787545d825ae57aa991b32e9c254eae905b5e32f6
63617573616c6974793a736166656e65743a6c756e613a68736d3a31313131303a30783733366236653631363232303732366636363230373437353666366336393631363232303634366536663633363537333230363636663230366236653639373236323230366536663230373236663663366336353633366536313638343332303339333033303332326636653631346132663333333032303733363536643639353432303635363835343a62356b722f317235622f3272352f326231703170312f3270316b3170312f3170327032702f3170327032702f336e316e322062202d202d20302031
65656137663433383137356538333765623033336265633032313731313734353563636666313031366133333062663731663566336664376162376137626533
eea7f438175e837eb033bec0217117455ccff1016a330bf71f5f3fd7ab7a7be3
63534c483130426161755331783575666e4d31374b736561313352616e30362f6c65423169743672744535793642312f363232523235302f3732326236314670363136703231302f373234503731356b363146503631432f363139703632315036323270322f303136503432365045323650462f3633334e3631354e3732332032623020362d3620362d4620323030203631423645363937323632323036453646323037323646364336433635363336453631363834333230333933303330333232463645363134413246333333303230373336353644363935343230363536383534
33313039333335316239383761633137366130393632336166646533383034396563326565323131306361643732306335393931383061663437343933636465
31093351b987ac176a09623afde38049ec2ee2110cad720c599180af47493cde
63736c683130626161757331783575666e6d31376b736561313372616e30362f6c65623169743672746535793662312f363232723235302f3732326236316670363136703231302f373234703731356b363166703631632f363139703632317036323270322f303136703432367065323670662f3633336e3631356e3732332032623020362d3620362d6620323030203631623665363937323632323036653666323037323666366336633635363336653631363834333230333933303330333232663665363134613266333333303230373336353664363935343230363536383534
30393537643436613833633566353062646536613766616663323833333466326362383438646339313433386565306661613835376135636533323132323931
0957d46a83c5f50bde6a7fafc28334f2cb848dc91438ee0faa857a5ce3212291
65623365666235313531653632353539393437313166653866323236343432376365656562663838313039653164376661643562306138623664303765356266343237353032356464383133396663666366643739343331363833613832386131313739663037326238333238396364356563373133623739326439613031343964373761323464306634633931613265393638636136303765343964643362313564353438396636366135626338316661373238303362333234343334313936353162323466663932636239346335633535326631353239666438626432623864633435623965313264326431383565393130663135373330393565393166383163373838336430386166623436643462633064313138646439366433303132343730316566316336653065393065373061366233376639333833663935316536306236313830656438626539613437353161353438303739636362373033643263636661353961653037393432306338393530356537623236383161383466363437313139623465386161626532343239306363646536336433656239366165353062393463656437393737656335356566656330383935386439623465
61386239653733316638636665303139396236613934363036333766323365623334326431386133343832613565383235626534306161366662373261613134
a8b9e731f8cfe0199b6a9460637f23eb342d18a3482a5e825be40aa6fb72aa14
65623432396436353831653666363365373537373162633730623437666230326132323438383631313135313564346466663364383039623531643830663932303865643465653631333463636261663862386132353966393139346234653961623539636661326335366461346532393463666539633534623735343237316437363835326330316139303166393463616631643135346363653833313630353231383830646566323638376539666464373936333236336134396438393663636433343438326464626464336237656232373861336232623031303339366365313131353864323464326165656537396435633437306363353062666630343835623165666162393838373239663965663135393463313062383636313263366165656439653332613564326530303737393164383962636431653939343737376663643831383530653230656361643565666165393730633835353562633737323130613639356566306131333830663162333035656338626237336235373766653730383664393233323330393362323935303764393434393538333638386465356130333465396639316139626266313431393166353138343465
63346139633761313732316637666638616439323631663534653634623835643464653032323764663034656166653433373566613739353437646261616362
c4a9c7a1721f7ff8ad9261f54e64b85d4de0227df04eafe4375fa79547dbaacb
63306163383739386266646334396461306264366639616462633034323932393166366130313166353934356633373430643232333263303439363965303336
33313838633465356261653034303566306431663963326436643730326430343930373662396566393030313135656437656637353965353735363137656362
3188c4e5bae0405f0d1f9c2d6d702d049076b9ef900115ed7ef759e575617ecb
536166656e65744c756e6148534d3131313130307837333642364536313632323037323646363632303734373536463643363936313632323036343645364636333635373332303636364632303642364536393732363232303645364632303732364636433643363536333645363136383433323033393330333033323246364536313441324633333330323037333635364436393534323036353638353442354b522f317235422f3252352f326231703170312f3250316b3150312f3170325032702f3150325032502f334e314e322062202d202d2030203163617573616c697479
35623731636332313065373537643738346430373466653164643735333035666430373061666332633135623663363131346561386338393566383136633635
5b71cc210e757d784d074fe1dd75305fd070afc2c15b6c6114ea8c895f816c65
736166656e65746c756e6168736d3131313130307837333662366536313632323037323666363632303734373536663663363936313632323036343665366636333635373332303636366632303662366536393732363232303665366632303732366636633663363536333665363136383433323033393330333033323266366536313461326633333330323037333635366436393534323036353638353462356b722f317235622f3272352f326231703170312f3270316b3170312f3170327032702f3170327032702f336e316e322062202d202d2030203163617573616c697479
37643536363731356136663366363766393438343139653264313261656636656366396330613363353938343839303263313963653461343461313438353934
7d566715a6f3f67f948419e2d12aef6ecf9c0a3c59848902c19ce4a44a148594
536166656e6574204c756e612048534d2031313131302030783733364236453631363232303732364636363230373437353646364336393631363232303634364536463633363537333230363636463230364236453639373236323230364536463230373236463643364336353633364536313638343332303339333033303332324636453631344132463333333032303733363536443639353432303635363835342042354b522f317235422f3252352f326231703170312f3250316b3150312f3170325032702f3150325032502f334e314e322062202d202d203020312063617573616c697479
63376665373861306430336261626164326438323662303430313666383662363432346133633337653037303635356665363937326433343466653666353435
c7fe78a0d03babad2d826b04016f86b6424a3c37e070655fe6972d344fe6f545
736166656e6574206c756e612068736d2031313131302030783733366236653631363232303732366636363230373437353666366336393631363232303634366536663633363537333230363636663230366236653639373236323230366536663230373236663663366336353633366536313638343332303339333033303332326636653631346132663333333032303733363536643639353432303635363835342062356b722f317235622f3272352f326231703170312f3270316b3170312f3170327032702f3170327032702f336e316e322062202d202d203020312063617573616c697479
30313465663763643066313633643461363865653731373330663132616336326332396235303432366636633062663532656238336134333061306262333431
014ef7cd0f163d4a68ee71730f12ac62c29b50426f6c0bf52eb83a430a0bb341
536166656e65742d4c756e612d48534d2d31313131302d30783733364236453631363232303732364636363230373437353646364336393631363232303634364536463633363537333230363636463230364236453639373236323230364536463230373236463643364336353633364536313638343332303339333033303332324636453631344132463333333032303733363536443639353432303635363835342d42354b522f317235422f3252352f326231703170312f3250316b3150312f3170325032702f3150325032502f334e314e322062202d202d203020312d63617573616c697479
36303565313932363235613134636663373365363930633763383638363534646538313130613232373361666464663563653038316561383139393034356161
605e192625a14cfc73e690c7c868654de8110a2273afddf5ce081ea8199045aa
736166656e65742d6c756e612d68736d2d31313131302d30783733366236653631363232303732366636363230373437353666366336393631363232303634366536663633363537333230363636663230366236653639373236323230366536663230373236663663366336353633366536313638343332303339333033303332326636653631346132663333333032303733363536643639353432303635363835342d62356b722f317235622f3272352f326231703170312f3270316b3170312f3170327032702f3170327032702f336e316e322062202d202d203020312d63617573616c697479
34633266343939303339333338663963366337626632656634633837313931373939613261633530346635373461393366376439353464373164636263626137
4c2f499039338f9c6c7bf2ef4c87191799a2ac504f574a93f7d954d71dcbcba7
536166656e65745f4c756e615f48534d5f31313131305f30783733364236453631363232303732364636363230373437353646364336393631363232303634364536463633363537333230363636463230364236453639373236323230364536463230373236463643364336353633364536313638343332303339333033303332324636453631344132463333333032303733363536443639353432303635363835345f42354b522f317235422f3252352f326231703170312f3250316b3150312f3170325032702f3150325032502f334e314e322062202d202d203020315f63617573616c697479
65303839616263646334333933646533346332373165653762326132373337396634303839376130346537653163356430356564396265626461663239656330
e089abcdc4393de34c271ee7b2a27379f40897a04e7e1c5d05ed9bebdaf29ec0
736166656e65745f6c756e615f68736d5f31313131305f30783733366236653631363232303732366636363230373437353666366336393631363232303634366536663633363537333230363636663230366236653639373236323230366536663230373236663663366336353633366536313638343332303339333033303332326636653631346132663333333032303733363536643639353432303635363835345f62356b722f317235622f3272352f326231703170312f3270316b3170312f3170327032702f3170327032702f336e316e322062202d202d203020315f63617573616c697479
38643432383438646138636133326362656462373531303537663265633965653431393361343362303532633535316231386338623435646338333638616634
8d42848da8ca32cbedb751057f2ec9ee4193a43b052c551b18c8b45dc8368af4
536166656e65743a4c756e613a48534d3a31313131303a30783733364236453631363232303732364636363230373437353646364336393631363232303634364536463633363537333230363636463230364236453639373236323230364536463230373236463643364336353633364536313638343332303339333033303332324636453631344132463333333032303733363536443639353432303635363835343a42354b522f317235422f3252352f326231703170312f3250316b3150312f3170325032702f3150325032502f334e314e322062202d202d203020313a63617573616c697479
39356437393966373362633263313831336163653639373861376431323830393435663831356131356630363062306634373165356537326431623863623431
95d799f73bc2c1813ace6978a7d1280945f815a15f060b0f471e5e72d1b8cb41
736166656e65743a6c756e613a68736d3a31313131303a30783733366236653631363232303732366636363230373437353666366336393631363232303634366536663633363537333230363636663230366236653639373236323230366536663230373236663663366336353633366536313638343332303339333033303332326636653631346132663333333032303733363536643639353432303635363835343a62356b722f317235622f3272352f326231703170312f3270316b3170312f3170327032702f3170327032702f336e316e322062202d202d203020313a63617573616c697479
31663733336563613865346562376135643531333261313230376138316635656639393532363831656432353364303632666531393939653531366536666332
1f733eca8e4eb7a5d5132a1207a81f5ef9952681ed253d062fe1999e516e6fc2
534c483130426361755331783561666e4d31374b756561313352736e30362f616542316c74367269453574364279312f363232523235302f3732326236314670363136703231302f373234503731356b363146503631432f363139703632315036323270322f303136503432365045323650462f3633334e3631354e3732332032623020362d3620362d4620323030203631423645363937323632323036453646323037323646364336433635363336453631363834333230333933303330333232463645363134413246333333303230373336353644363935343230363536383534
31653038623538343534616432306236626663393734363536373565626436343635356134313436613662643163336635373939646434633131643564613831
1e08b58454ad20b6bfc97465675ebd64655a4146a6bd1c3f5799dd4c11d5da81
736c683130626361757331783561666e6d31376b756561313372736e30362f616562316c74367269653574366279312f363232723235302f3732326236316670363136703231302f373234703731356b363166703631632f363139703632317036323270322f303136703432367065323670662f3633336e3631356e3732332032623020362d3620362d6620323030203631623665363937323632323036653666323037323666366336633635363336653631363834333230333933303330333232663665363134613266333333303230373336353664363935343230363536383534
32366461613239393136333830366362616334636339396237363931323033383362393835626365343064666565666263366534663566373366376434353265
26daa299163806cbac4cc99b769120383b985bce40dfeefbc6e4f5f73f7d452e
34323735303235646438313339666366636664373934333136383361383238613131373966303732623833323839636435656337313362373932643961303134396437376132346430663463393161326539363863613630376534396464336231356435343839663636613562633831666137323830336233323434333431393635316232346666393263623934633563353532663135323966643862643262386463343562396531326432643138356539313066313537333039356539316638316337383833643038616662343664346263306431313864643936643330313234373031656631633665306539306537306136623337663933383366393531653630623631383065643862653961343735316135343830373963636237303364326363666135396165303739343230633839353035653762323638316138346636343731313962346538616162653234323930636364653633643365623936616535306239346365643739373765633535656665633038393538643962346565623365666235313531653632353539393437313166653866323236343432376365656562663838313039653164376661643562306138623664303765356266
66643235666463626437623965303230323566343333346634613838666266663830386164623037346637626637343262646332653431636338323030383732
fd25fdcbd7b9e02025f4334f4a88fbff808adb074f7bf742bdc2e41cc8200872
34323964363538316536663665623735373731626337306234373365303261323234383836313131666235643464666633643830396235316438306639323038656434653531313334636362616638623861653639663931393462346539616232356366613263353664613465323539636665396335346237353432393464373638353263303161393037313934636166316431353463633166333136303532313838306465653836383765396664643739363366323361343964383936636364333236383264646264643362376562343438613362326230313033393632373131313538643234643261656365373964356334373063633530656566303438356231656661623962663732396639656631353934633838623836363132633661656564313033326135643265303037373939653839626364316539393437373164636438313835306532306563376635656661653937306338353561646337373231306136393565663562313338306631623330356563306162373362353737666537303838623932333233303933623239353664643934343935383336383864303761303334653966393161396265353134313931663531383434656266
33353732366335636530343134656664646439663962376333306563633463343033373033373039643936613130656234633631383436636130613134383836
35726c5ce0414efddd9f9b7c30ecc4c403703709d96a10eb4c61846ca0a14886
4c756e6148534d3131313130307837333642364536313632323037323646363632303734373536463643363936313632323036343645364636333635373332303636364632303642364536393732363232303645364632303732364636433643363536333645363136383433323033393330333033323246364536313441324633333330323037333635364436393534323036353638353442354b522f317235422f3252352f326231703170312f3250316b3150312f3170325032702f3150325032502f334e314e322062202d202d2030203163617573616c697479536166656e6574
63656363343433623835363064363335353465646538326235353239616235383030363736316338373035656538386537396230313730636633346663636437
cecc443b8560d63554ede82b5529ab58006761c8705ee88e79b0170cf34fccd7
6c756e6168736d3131313130307837333662366536313632323037323666363632303734373536663663363936313632323036343665366636333635373332303636366632303662366536393732363232303665366632303732366636633663363536333665363136383433323033393330333033323266366536313461326633333330323037333635366436393534323036353638353462356b722f317235622f3272352f326231703170312f3270316b3170312f3170327032702f3170327032702f336e316e322062202d202d2030203163617573616c697479736166656e6574
35343239323530393539613165623235333238376331396565653061366666666230376434613162643132303366383036336634363536356562623230363763
5429250959a1eb253287c19eee0a6fffb07d4a1bd1203f8063f46565ebb2067c
4c756e612048534d2031313131302030783733364236453631363232303732364636363230373437353646364336393631363232303634364536463633363537333230363636463230364236453639373236323230364536463230373236463643364336353633364536313638343332303339333033303332324636453631344132463333333032303733363536443639353432303635363835342042354b522f317235422f3252352f326231703170312f3250316b3150312f3170325032702f3150325032502f334e314e322062202d202d203020312063617573616c69747920536166656e6574
33663839333932396139626231313061623066626139396638396232663732343037613832626234353465643132336237386632393230316432346262613336
3f893929a9bb110ab0fba99f89b2f72407a82bb454ed123b78f29201d24bba36
6c756e612068736d2031313131302030783733366236653631363232303732366636363230373437353666366336393631363232303634366536663633363537333230363636663230366236653639373236323230366536663230373236663663366336353633366536313638343332303339333033303332326636653631346132663333333032303733363536643639353432303635363835342062356b722f317235622f3272352f326231703170312f3270316b3170312f3170327032702f3170327032702f336e316e322062202d202d203020312063617573616c69747920736166656e6574
63653162363465323330643439616630626363323034303365353663336364343661333534333564376530653764356361313164303066623332663765656165
ce1b64e230d49af0bcc20403e56c3cd46a35435d7e0e7d5ca11d00fb32f7eeae
4c756e612d48534d2d31313131302d30783733364236453631363232303732364636363230373437353646364336393631363232303634364536463633363537333230363636463230364236453639373236323230364536463230373236463643364336353633364536313638343332303339333033303332324636453631344132463333333032303733363536443639353432303635363835342d42354b522f317235422f3252352f326231703170312f3250316b3150312f3170325032702f3150325032502f334e314e322062202d202d203020312d63617573616c6974792d536166656e6574
37346238323435376633306633373761343961636161386464653833343466343337636331393338613339363835323933306365316464313866356238366132
74b82457f30f377a49acaa8dde8344f437cc1938a396852930ce1dd18f5b86a2
6c756e612d68736d2d31313131302d30783733366236653631363232303732366636363230373437353666366336393631363232303634366536663633363537333230363636663230366236653639373236323230366536663230373236663663366336353633366536313638343332303339333033303332326636653631346132663333333032303733363536643639353432303635363835342d62356b722f317235622f3272352f326231703170312f3270316b3170312f3170327032702f3170327032702f336e316e322062202d202d203020312d63617573616c6974792d736166656e6574
38383861343330383333303432623236316561346262616239363763333762646232336662383432633632353032356634396635366265363239323265323939
888a430833042b261ea4bbab967c37bdb23fb842c625025f49f56be62922e299
4c756e615f48534d5f31313131305f30783733364236453631363232303732364636363230373437353646364336393631363232303634364536463633363537333230363636463230364236453639373236323230364536463230373236463643364336353633364536313638343332303339333033303332324636453631344132463333333032303733363536443639353432303635363835345f42354b522f317235422f3252352f326231703170312f3250316b3150312f3170325032702f3150325032502f334e314e322062202d202d203020315f63617573616c6974795f536166656e6574
62383165313036333439313034336235636132663038333130636633646534316166313937633538373562653437613030306462323463333434636232383564
b81e1063491043b5ca2f08310cf3de41af197c5875be47a000db24c344cb285d
6c756e615f68736d5f31313131305f30783733366236653631363232303732366636363230373437353666366336393631363232303634366536663633363537333230363636663230366236653639373236323230366536663230373236663663366336353633366536313638343332303339333033303332326636653631346132663333333032303733363536643639353432303635363835345f62356b722f317235622f3272352f326231703170312f3270316b3170312f3170327032702f3170327032702f336e316e322062202d202d203020315f63617573616c6974795f736166656e6574
39323036626532643138643630333062363964373065383137376637333862326330326666373536323832336262646638313365643734373830396537386135
9206be2d18d6030b69d70e8177f738b2c02ff7562823bbdf813ed747809e78a5
4c756e613a48534d3a31313131303a30783733364236453631363232303732364636363230373437353646364336393631363232303634364536463633363537333230363636463230364236453639373236323230364536463230373236463643364336353633364536313638343332303339333033303332324636453631344132463333333032303733363536443639353432303635363835343a42354b522f317235422f3252352f326231703170312f3250316b3150312f3170325032702f3150325032502f334e314e322062202d202d203020313a63617573616c6974793a536166656e6574
65353738323833633134313764393231383433376138363437356437333637613361356534373861623237616563393937313131316666323735373234663937
e578283c1417d9218437a86475d7367a3a5e478ab27aec9971111ff275724f97
6c756e613a68736d3a31313131303a30783733366236653631363232303732366636363230373437353666366336393631363232303634366536663633363537333230363636663230366236653639373236323230366536663230373236663663366336353633366536313638343332303339333033303332326636653631346132663333333032303733363536643639353432303635363835343a62356b722f317235622f3272352f326231703170312f3270316b3170312f3170327032702f3170327032702f336e316e322062202d202d203020313a63617573616c6974793a736166656e6574
35326536383834656237396566353830333936376639613236313762333036303935313133633066336265346634643733666231346666373563343735376365
52e6884eb79ef5803967f9a2617b306095113c0f3be4f4d73fb14ff75c4757ce
4c483130426353755331783561616e4d31374b756661313352736530362f616e42316c6536726974453574364279312f363232523235302f3732326236314670363136703231302f373234503731356b363146503631432f363139703632315036323270322f303136503432365045323650462f3633334e3631354e3732332032623020362d3620362d4620323030203631423645363937323632323036453646323037323646364336433635363336453631363834333230333933303330333232463645363134413246333333303230373336353644363935343230363536383534
34633631643464306162343961373338333265383437333762626139326336313836326263623361633965653832663536366237633962633961326333626239
4c61d4d0ab49a73832e84737bba92c61862bcb3ac9ee82f566b7c9bc9a2c3bb9
6c683130626373757331783561616e6d31376b756661313372736530362f616e62316c6536726974653574366279312f363232723235302f3732326236316670363136703231302f373234703731356b363166703631632f363139703632317036323270322f303136703432367065323670662f3633336e3631356e3732332032623020362d3620362d6620323030203631623665363937323632323036653666323037323666366336633635363336653631363834333230333933303330333232663665363134613266333333303230373336353664363935343230363536383534
34303061646230393834653730363365383666356264363466336235646130356234313437333034366661626633306330313464396335343661323432313330
400adb0984e7063e86f5bd64f3b5da05b41473046fabf30c014d9c546a242130
39643737613234643066346339316132653936386361363037653439646433623135643534383966363661356263383166613732383033623332343433343139363531623234666639326362393463356335353266313532396664386264326238646334356239653132643264313835653931306631353733303935653931663831633738383364303861666234366434626330643131386464393664333031323437303165663163366530653930653730613662333766393338336639353165363062363138306564386265396134373531613534383037396363623730336432636366613539616530373934323063383935303565376232363831613834663634373131396234653861616265323432393063636465363364336562393661653530623934636564373937376563353565666563303839353864396234656562336566623531353165363235353939343731316665386632323634343237636565656266383831303965316437666164356230613862366430376535626634323735303235646438313339666366636664373934333136383361383238613131373966303732623833323839636435656337313362373932643961303134
38363936346363613439356435346431386330353163633839393538303562326365393337303535666565626662363965383734353535363632313361336235
86964cca495d54d18c051cc8995805b2ce937055feebfb69e87455566213a3b5
39643635383165366636656234323737316263373062343733653735613232343838363131316662303234646666336438303962353135643066393230386564346535316438346363626166386238616536313339313934623465396162323539666132633536646134653235396366653963353462373534323934636636383532633031613930373164376361663164313534636331663934363035323138383064656538333137653966646437393633663236383439643839366363643332363361646462646433623765623434383233623262303130333936323738613135386432346432616563653131643563343730636335306565373934383562316566616239626666303966396566313539346338383732363631326336616565643130623861356432653030373739396533326263643165393934373731643839383138353065323065633766636466616539373063383535616435653732313061363935656635626337383066316233303565633061313333623537376665373038386262373332333039336232393536643932343439353833363838643037643933346539663931613962653561303139316635313834346562663134
39643439653363653034383064323365323562353838633863653338343130313833313537393965343530383863346261613832326566653835333439313062
9d49e3ce0480d23e25b588c8ce3841018315799e45088c4baa822efe8534910b
48534d3131313130307837333642364536313632323037323646363632303734373536463643363936313632323036343645364636333635373332303636364632303642364536393732363232303645364632303732364636433643363536333645363136383433323033393330333033323246364536313441324633333330323037333635364436393534323036353638353442354b522f317235422f3252352f326231703170312f3250316b3150312f3170325032702f3150325032502f334e314e322062202d202d2030203163617573616c697479536166656e65744c756e61
64306264313837356636306161396566653537656638636237633931663036323764383639396331313962316564326366373235343262313461633363396232
d0bd1875f60aa9efe57ef8cb7c91f0627d8699c119b1ed2cf72542b14ac3c9b2
68736d3131313130307837333662366536313632323037323666363632303734373536663663363936313632323036343665366636333635373332303636366632303662366536393732363232303665366632303732366636633663363536333665363136383433323033393330333033323266366536313461326633333330323037333635366436393534323036353638353462356b722f317235622f3272352f326231703170312f3270316b3170312f3170327032702f3170327032702f336e316e322062202d202d2030203163617573616c697479736166656e65746c756e61
66333335323339366666343832306264643862326430303532313437313561346438653361323064303262623537643934323633623339636635366635343932
f3352396ff4820bdd8b2d005214715a4d8e3a20d02bb57d94263b39cf56f5492
48534d2031313131302030783733364236453631363232303732364636363230373437353646364336393631363232303634364536463633363537333230363636463230364236453639373236323230364536463230373236463643364336353633364536313638343332303339333033303332324636453631344132463333333032303733363536443639353432303635363835342042354b522f317235422f3252352f326231703170312f3250316b3150312f3170325032702f3150325032502f334e314e322062202d202d203020312063617573616c69747920536166656e6574204c756e61
37393665386538373663666436363466313035393938303663393630663232376164346235613834376366663831393133393962643835323334636162373339
796e8e876cfd664f10599806c960f227ad4b5a847cff8191399bd85234cab739
68736d2031313131302030783733366236653631363232303732366636363230373437353666366336393631363232303634366536663633363537333230363636663230366236653639373236323230366536663230373236663663366336353633366536313638343332303339333033303332326636653631346132663333333032303733363536643639353432303635363835342062356b722f317235622f3272352f326231703170312f3270316b3170312f3170327032702f3170327032702f336e316e322062202d202d203020312063617573616c69747920736166656e6574206c756e61
36363163663966313338633266353935366135353235616633316232306130623837633735356431646136346530366339656635663139623466383637356234
661cf9f138c2f5956a5525af31b20a0b87c755d1da64e06c9ef5f19b4f8675b4
48534d2d31313131302d30783733364236453631363232303732364636363230373437353646364336393631363232303634364536463633363537333230363636463230364236453639373236323230364536463230373236463643364336353633364536313638343332303339333033303332324636453631344132463333333032303733363536443639353432303635363835342d42354b522f317235422f3252352f326231703170312f3250316b3150312f3170325032702f3150325032502f334e314e322062202d202d203020312d63617573616c6974792d536166656e65742d4c756e61
33386530666461373939646239346635383766356361386631366237643539386235313336353939333332336133326533623737323830363136366430656366
38e0fda799db94f587f5ca8f16b7d598b51365993323a32e3b772806166d0ecf
68736d2d31313131302d30783733366236653631363232303732366636363230373437353666366336393631363232303634366536663633363537333230363636663230366236653639373236323230366536663230373236663663366336353633366536313638343332303339333033303332326636653631346132663333333032303733363536643639353432303635363835342d62356b722f317235622f3272352f326231703170312f3270316b3170312f3170327032702f3170327032702f336e316e322062202d202d203020312d63617573616c6974792d736166656e65742d6c756e61
64643837613532346131383261656531313764653738616338383664376362383566633862636364636133666332313766393030653464396330383962323761
dd87a524a182aee117de78ac886d7cb85fc8bccdca3fc217f900e4d9c089b27a
48534d5f31313131305f30783733364236453631363232303732364636363230373437353646364336393631363232303634364536463633363537333230363636463230364236453639373236323230364536463230373236463643364336353633364536313638343332303339333033303332324636453631344132463333333032303733363536443639353432303635363835345f42354b522f317235422f3252352f326231703170312f3250316b3150312f3170325032702f3150325032502f334e314e322062202d202d203020315f63617573616c6974795f536166656e65745f4c756e61
38316237333938323462376264356262373762336538363534313163333430623137383461376463666435643134333235653261366463336461306636313862
81b739824b7bd5bb77b3e865411c340b1784a7dcfd5d14325e2a6dc3da0f618b
68736d5f31313131305f30783733366236653631363232303732366636363230373437353666366336393631363232303634366536663633363537333230363636663230366236653639373236323230366536663230373236663663366336353633366536313638343332303339333033303332326636653631346132663333333032303733363536643639353432303635363835345f62356b722f317235622f3272352f326231703170312f3270316b3170312f3170327032702f3170327032702f336e316e322062202d202d203020315f63617573616c6974795f736166656e65745f6c756e61
35313030376162366132386430373133383532363733316636343465666139346661356562613039363664363162376437646363353762396136633661346563
51007ab6a28d07138526731f644efa94fa5eba0966d61b7d7dcc57b9a6c6a4ec
48534d3a31313131303a30783733364236453631363232303732364636363230373437353646364336393631363232303634364536463633363537333230363636463230364236453639373236323230364536463230373236463643364336353633364536313638343332303339333033303332324636453631344132463333333032303733363536443639353432303635363835343a42354b522f317235422f3252352f326231703170312f3250316b3150312f3170325032702f3150325032502f334e314e322062202d202d203020313a63617573616c6974793a536166656e65743a4c756e61
63316139643930356634326430303236626137373436383734643632343732623734346433393531636537353930653731333332343364363165356166396337
c1a9d905f42d0026ba7746874d62472b744d3951ce7590e7133243d61e5af9c7
68736d3a31313131303a30783733366236653631363232303732366636363230373437353666366336393631363232303634366536663633363537333230363636663230366236653639373236323230366536663230373236663663366336353633366536313638343332303339333033303332326636653631346132663333333032303733363536643639353432303635363835343a62356b722f317235622f3272352f326231703170312f3270316b3170312f3170327032702f3170327032702f336e316e322062202d202d203020313a63617573616c6974793a736166656e65743a6c756e61
64376266663564396264383038646134366533313865663264316633376632303238623232643136393236383933386365343730653239613337323032376132
d7bff5d9bd808da46e318ef2d1f37f2028b22d169268938ce470e29a372027a2
4831304263534c533178356161754d31374b75666e31335273656130362f616e42316c6536726974453574364279312f363232523235302f3732326236314670363136703231302f373234503731356b363146503631432f363139703632315036323270322f303136503432365045323650462f3633334e3631354e3732332032623020362d3620362d4620323030203631423645363937323632323036453646323037323646364336433635363336453631363834333230333933303330333232463645363134413246333333303230373336353644363935343230363536383534
36643463333837383430623966633364336433326537616537363239373034366264393934373331373166653333616366376332383839623063313235333839
6d4c387840b9fc3d3d32e7ae76297046bd99473171fe33acf7c2889b0c125389
6831306263736c733178356161756d31376b75666e31337273656130362f616e62316c6536726974653574366279312f363232723235302f3732326236316670363136703231302f373234703731356b363166703631632f363139703632317036323270322f303136703432367065323670662f3633336e3631356e3732332032623020362d3620362d6620323030203631623665363937323632323036653666323037323666366336633635363336653631363834333230333933303330333232663665363134613266333333303230373336353664363935343230363536383534
61383231363366313030393862653132343766363831613766613562373937643466623034643330393239303735343632373462336233393463306662313766
a82163f10098be1247f681a7fa5b797d4fb04d3092907546274b3b394c0fb17f
36353162323466663932636239346335633535326631353239666438626432623864633435623965313264326431383565393130663135373330393565393166383163373838336430386166623436643462633064313138646439366433303132343730316566316336653065393065373061366233376639333833663935316536306236313830656438626539613437353161353438303739636362373033643263636661353961653037393432306338393530356537623236383161383466363437313139623465386161626532343239306363646536336433656239366165353062393463656437393737656335356566656330383935386439623465656233656662353135316536323535393934373131666538663232363434323763656565626638383130396531643766616435623061386236643037653562663432373530323564643831333966636663666437393433313638336138323861313137396630373262383332383963643565633731336237393264396130313439643737613234643066346339316132653936386361363037653439646433623135643534383966363661356263383166613732383033623332343433343139
64323464323137373635393765366634656439323539326564313836373232323632393761353731313939646335393964343839336464653335306565333161
d24d21776597e6f4ed92592ed18672226297a571199dc599d4893dde350ee31a
36353831653666366562343239643162633730623437336537353737323438383631313166623032613266663364383039623531356434643932303865643465353164383066636261663862386165363133346339346234653961623235396639316335366461346532353963666132633534623735343239346366653935326330316139303731643736386631643135346363316639346361353231383830646565383331363039666464373936336632363837656438393663636433323633613439626464336237656234343832646432623031303339363237386133623864323464326165636531313135633437306363353065653739643535623165666162396266663034383965663135393463383837323966313263366165656431306238363664326530303737393965333261356431653939343737316438396263383530653230656337666364383165393730633835356164356566613130613639356566356263373732663162333035656330613133383035373766653730383862623733623330393362323935366439323332393538333638386430376439343465396639316139626535613033343166353138343465626631343139
37373966396238653933343839323462326331396132656431313938333939646566646532356161336137336430363430303637333665393163336531643232
779f9b8e9348924b2c19a2ed1198399defde25aa3a73d064006736e91c3e1d22
3131313130307837333642364536313632323037323646363632303734373536463643363936313632323036343645364636333635373332303636364632303642364536393732363232303645364632303732364636433643363536333645363136383433323033393330333033323246364536313441324633333330323037333635364436393534323036353638353442354b522f317235422f3252352f326231703170312f3250316b3150312f3170325032702f3150325032502f334e314e322062202d202d2030203163617573616c697479536166656e65744c756e6148534d
38313262396561343239656533313965333864613337363263613136366631326466326433633539313136613665396162336535363761323336663930646566
812b9ea429ee319e38da3762ca166f12df2d3c59116a6e9ab3e567a236f90def
3131313130307837333662366536313632323037323666363632303734373536663663363936313632323036343665366636333635373332303636366632303662366536393732363232303665366632303732366636633663363536333665363136383433323033393330333033323266366536313461326633333330323037333635366436393534323036353638353462356b722f317235622f3272352f326231703170312f3270316b3170312f3170327032702f3170327032702f336e316e322062202d202d2030203163617573616c697479736166656e65746c756e6168736d
63383232356462353330663335323464633565303466656564346138623735363263306635613936393332393637343931396637313565376135393639323063
c8225db530f3524dc5e04feed4a8b7562c0f5a969329674919f715e7a596920c
31313131302030783733364236453631363232303732364636363230373437353646364336393631363232303634364536463633363537333230363636463230364236453639373236323230364536463230373236463643364336353633364536313638343332303339333033303332324636453631344132463333333032303733363536443639353432303635363835342042354b522f317235422f3252352f326231703170312f3250316b3150312f3170325032702f3150325032502f334e314e322062202d202d203020312063617573616c69747920536166656e6574204c756e612048534d
61326663393035653965353864353333326635653837343132393539326338373862326466616436636661666532376465656539323165333930643632373831
a2fc905e9e58d5332f5e874129592c878b2dfad6cfafe27deee921e390d62781
31313131302030783733366236653631363232303732366636363230373437353666366336393631363232303634366536663633363537333230363636663230366236653639373236323230366536663230373236663663366336353633366536313638343332303339333033303332326636653631346132663333333032303733363536643639353432303635363835342062356b722f317235622f3272352f326231703170312f3270316b3170312f3170327032702f3170327032702f336e316e322062202d202d203020312063617573616c69747920736166656e6574206c756e612068736d
35313439643263626234663337383533623630666131616166633535613033383766643765616365613132626462383465313830333065663838313165626637
5149d2cbb4f37853b60fa1aafc55a0387fd7eacea12bdb84e18030ef8811ebf7
31313131302d30783733364236453631363232303732364636363230373437353646364336393631363232303634364536463633363537333230363636463230364236453639373236323230364536463230373236463643364336353633364536313638343332303339333033303332324636453631344132463333333032303733363536443639353432303635363835342d42354b522f317235422f3252352f326231703170312f3250316b3150312f3170325032702f3150325032502f334e314e322062202d202d203020312d63617573616c6974792d536166656e65742d4c756e612d48534d
35626236373935363136363464656631653566323832613163306538383736336262313363303163626233616263666331386139613733366132393335366532
5bb679561664def1e5f282a1c0e88763bb13c01cbb3abcfc18a9a736a29356e2
31313131302d30783733366236653631363232303732366636363230373437353666366336393631363232303634366536663633363537333230363636663230366236653639373236323230366536663230373236663663366336353633366536313638343332303339333033303332326636653631346132663333333032303733363536643639353432303635363835342d62356b722f317235622f3272352f326231703170312f3270316b3170312f3170327032702f3170327032702f336e316e322062202d202d203020312d63617573616c6974792d736166656e65742d6c756e612d68736d
61376136373466383035626631316635353662623264663566336662393362306436316165636230383963366663333436633135643263663165343863363534
a7a674f805bf11f556bb2df5f3fb93b0d61aecb089c6fc346c15d2cf1e48c654
31313131305f30783733364236453631363232303732364636363230373437353646364336393631363232303634364536463633363537333230363636463230364236453639373236323230364536463230373236463643364336353633364536313638343332303339333033303332324636453631344132463333333032303733363536443639353432303635363835345f42354b522f317235422f3252352f326231703170312f3250316b3150312f3170325032702f3150325032502f334e314e322062202d202d203020315f63617573616c6974795f536166656e65745f4c756e615f48534d
31316465333135616364336233303766613335333138633565316436373463666162393031373630363935653038306630663862333531643433383838363936
11de315acd3b307fa35318c5e1d674cfab901760695e080f0f8b351d43888696
31313131305f30783733366236653631363232303732366636363230373437353666366336393631363232303634366536663633363537333230363636663230366236653639373236323230366536663230373236663663366336353633366536313638343332303339333033303332326636653631346132663333333032303733363536643639353432303635363835345f62356b722f317235622f3272352f326231703170312f3270316b3170312f3170327032702f3170327032702f336e316e322062202d202d203020315f63617573616c6974795f736166656e65745f6c756e615f68736d
34613232616630373532663633626235653764663036643162313739326632353466303166323139623032316565326630333263366139386530666233656634
4a22af0752f63bb5e7df06d1b1792f254f01f219b021ee2f032c6a98e0fb3ef4
31313131303a30783733364236453631363232303732364636363230373437353646364336393631363232303634364536463633363537333230363636463230364236453639373236323230364536463230373236463643364336353633364536313638343332303339333033303332324636453631344132463333333032303733363536443639353432303635363835343a42354b522f317235422f3252352f326231703170312f3250316b3150312f3170325032702f3150325032502f334e314e322062202d202d203020313a63617573616c6974793a536166656e65743a4c756e613a48534d
61623363366538643866613238396535313338383839663363656562323338613862633966646561303939363763343166656535646466363734613661333234
ab3c6e8d8fa289e5138889f3ceeb238a8bc9fdea09967c41fee5ddf674a6a324
31313131303a30783733366236653631363232303732366636363230373437353666366336393631363232303634366536663633363537333230363636663230366236653639373236323230366536663230373236663663366336353633366536313638343332303339333033303332326636653631346132663333333032303733363536643639353432303635363835343a62356b722f317235622f3272352f326231703170312f3270316b3170312f3170327032702f3170327032702f336e316e322062202d202d203020313a63617573616c6974793a736166656e65743a6c756e613a68736d
37616262313061626336633237393539616133316234623133613461396564323934636461616535653836343930366461336462356233313738383734336337
7abb10abc6c27959aa31b4b13a4a9ed294cdaae5e864906da3db5b31788743c7
31304263534c483178356161755331374b75666e4d31335273656130362f616e42316c6536726974453574364279312f363232523235302f3732326236314670363136703231302f373234503731356b363146503631432f363139703632315036323270322f303136503432365045323650462f3633334e3631354e3732332032623020362d3620362d4620323030203631423645363937323632323036453646323037323646364336433635363336453631363834333230333933303330333232463645363134413246333333303230373336353644363935343230363536383534
66326639643861633135636661316532633062356539336165343837306633333065336661313932343834363863643633666234303236666163613864646134
f2f9d8ac15cfa1e2c0b5e93ae4870f330e3fa19248468cd63fb4026faca8dda4
31306263736c683178356161757331376b75666e6d31337273656130362f616e62316c6536726974653574366279312f363232723235302f3732326236316670363136703231302f373234703731356b363166703631632f363139703632317036323270322f303136703432367065323670662f3633336e3631356e3732332032623020362d3620362d6620323030203631623665363937323632323036653666323037323666366336633635363336653631363834333230333933303330333232663665363134613266333333303230373336353664363935343230363536383534
65396538383639386634323732373739393632653333376334663662663934373737383835336166626564353838306264373830663866666230353739353937
e9e88698f4272779962e337c4f6bf947778853afbed5880bd780f8ffb0579597
38316337383833643038616662343664346263306431313864643936643330313234373031656631633665306539306537306136623337663933383366393531653630623631383065643862653961343735316135343830373963636237303364326363666135396165303739343230633839353035653762323638316138346636343731313962346538616162653234323930636364653633643365623936616535306239346365643739373765633535656665633038393538643962346565623365666235313531653632353539393437313166653866323236343432376365656562663838313039653164376661643562306138623664303765356266343237353032356464383133396663666366643739343331363833613832386131313739663037326238333238396364356563373133623739326439613031343964373761323464306634633931613265393638636136303765343964643362313564353438396636366135626338316661373238303362333234343334313936353162323466663932636239346335633535326631353239666438626432623864633435623965313264326431383565393130663135373330393565393166
61303864623632646536373730623231623538323334373165663135336365663937303538323062333366313662633936643237396635306139633064613336
a08db62de6770b21b5823471ef153cef9705820b33f16bc96d279f50a9c0da36
38316536663665623432396436356337306234373365373537373162383836313131666230326132323433643830396235313564346466663038656434653531643830663932616638623861653631333463636262346539616232353966393139343664613465323539636661326335346237353432393463666539633563303161393037316437363835326431353463633166393463616631313838306465653833313630353264643739363366323638376539663936636364333236336134396438643362376562343438326464626430313033393632373861336232623234643261656365313131353864373063633530656537396435633431656661623962666630343835626631353934633838373239663965633661656564313062383636313265303037373939653332613564326539393437373164383962636431306532306563376663643831383537306338353561643565666165396136393565663562633737323130623330356563306131333830663137666537303838626237336235373933623239353664393233323330383336383864303764393434393566393161396265356130333465393531383434656266313431393166
30323135363132326462303935613161383336323235373535643165376333383661383537613238323639666562643561643238383439666136303431363030
02156122db095a1a836225755d1e7c386a857a28269febd5ad28849fa6041600
307837333642364536313632323037323646363632303734373536463643363936313632323036343645364636333635373332303636364632303642364536393732363232303645364632303732364636433643363536333645363136383433323033393330333033323246364536313441324633333330323037333635364436393534323036353638353442354b522f317235422f3252352f326231703170312f3250316b3150312f3170325032702f3150325032502f334e314e322062202d202d2030203163617573616c697479536166656e65744c756e6148534d3131313130
35356235633332343731353761366263306434346331636365363537616432666633626532613736633866666463363532383138373862383264656638373764
55b5c3247157a6bc0d44c1cce657ad2ff3be2a76c8ffdc65281878b82def877d
307837333662366536313632323037323666363632303734373536663663363936313632323036343665366636333635373332303636366632303662366536393732363232303665366632303732366636633663363536333665363136383433323033393330333033323266366536313461326633333330323037333635366436393534323036353638353462356b722f317235622f3272352f326231703170312f3270316b3170312f3170327032702f3170327032702f336e316e322062202d202d2030203163617573616c697479736166656e65746c756e6168736d3131313130
63393663633633646163363737356538626639613164353361373562323230343961346666313361363961336134303566326464316632633234653162626362
c96cc63dac6775e8bf9a1d53a75b22049a4ff13a69a3a405f2dd1f2c24e1bbcb
30783733364236453631363232303732364636363230373437353646364336393631363232303634364536463633363537333230363636463230364236453639373236323230364536463230373236463643364336353633364536313638343332303339333033303332324636453631344132463333333032303733363536443639353432303635363835342042354b522f317235422f3252352f326231703170312f3250316b3150312f3170325032702f3150325032502f334e314e322062202d202d203020312063617573616c69747920536166656e6574204c756e612048534d203131313130
39373766323864366432373062316334363431626364393538663731303930336437623066336239663666663437636662383234333364313764393937643533
977f28d6d270b1c4641bcd958f710903d7b0f3b9f6ff47cfb82433d17d997d53
30783733366236653631363232303732366636363230373437353666366336393631363232303634366536663633363537333230363636663230366236653639373236323230366536663230373236663663366336353633366536313638343332303339333033303332326636653631346132663333333032303733363536643639353432303635363835342062356b722f317235622f3272352f326231703170312f3270316b3170312f3170327032702f3170327032702f336e316e322062202d202d203020312063617573616c69747920736166656e6574206c756e612068736d203131313130
65383539376137613335306131393561353630613231396235313061653633616330373261616564633330363036306533363161633838656439616362336662
e8597a7a350a195a560a219b510ae63ac072aaedc306060e361ac88ed9acb3fb
30783733364236453631363232303732364636363230373437353646364336393631363232303634364536463633363537333230363636463230364236453639373236323230364536463230373236463643364336353633364536313638343332303339333033303332324636453631344132463333333032303733363536443639353432303635363835342d42354b522f317235422f3252352f326231703170312f3250316b3150312f3170325032702f3150325032502f334e314e322062202d202d203020312d63617573616c6974792d536166656e65742d4c756e612d48534d2d3131313130
63653730393436633634323537666562383630616462666164366330666533333561653734623430666561316264306237626134373635393366643665326162
ce70946c64257feb860adbfad6c0fe335ae74b40fea1bd0b7ba476593fd6e2ab
30783733366236653631363232303732366636363230373437353666366336393631363232303634366536663633363537333230363636663230366236653639373236323230366536663230373236663663366336353633366536313638343332303339333033303332326636653631346132663333333032303733363536643639353432303635363835342d62356b722f317235622f3272352f326231703170312f3270316b3170312f3170327032702f3170327032702f336e316e322062202d202d203020312d63617573616c6974792d736166656e65742d6c756e612d68736d2d3131313130
31326333653861623666313565386666626531633965303435333965303766636637396436313631643964616633626632343931393138393931633865613663
12c3e8ab6f15e8ffbe1c9e04539e07fcf79d6161d9daf3bf2491918991c8ea6c
30783733364236453631363232303732364636363230373437353646364336393631363232303634364536463633363537333230363636463230364236453639373236323230364536463230373236463643364336353633364536313638343332303339333033303332324636453631344132463333333032303733363536443639353432303635363835345f42354b522f317235422f3252352f326231703170312f3250316b3150312f3170325032702f3150325032502f334e314e322062202d202d203020315f63617573616c6974795f536166656e65745f4c756e615f48534d5f3131313130
63346264636634356137613161313166333266656331313335616265386663343061653835626232666562363437656336306137363934353461613233613338
c4bdcf45a7a1a11f32fec1135abe8fc40ae85bb2feb647ec60a769454aa23a38
30783733366236653631363232303732366636363230373437353666366336393631363232303634366536663633363537333230363636663230366236653639373236323230366536663230373236663663366336353633366536313638343332303339333033303332326636653631346132663333333032303733363536643639353432303635363835345f62356b722f317235622f3272352f326231703170312f3270316b3170312f3170327032702f3170327032702f336e316e322062202d202d203020315f63617573616c6974795f736166656e65745f6c756e615f68736d5f3131313130
37316262623566313737653030383030313933386137306130353536333330646131626438386664333465396531613935633035663330353332333264396639
71bbb5f177e008001938a70a0556330da1bd88fd34e9e1a95c05f3053232d9f9
30783733364236453631363232303732364636363230373437353646364336393631363232303634364536463633363537333230363636463230364236453639373236323230364536463230373236463643364336353633364536313638343332303339333033303332324636453631344132463333333032303733363536443639353432303635363835343a42354b522f317235422f3252352f326231703170312f3250316b3150312f3170325032702f3150325032502f334e314e322062202d202d203020313a63617573616c6974793a536166656e65743a4c756e613a48534d3a3131313130
35616133393839363035353636613134343365383733383266306335633432333333613030633161653863653135613261643739653631393035383964356637
5aa3989605566a1443e87382f0c5c42333a00c1ae8ce15a2ad79e6190589d5f7
30783733366236653631363232303732366636363230373437353666366336393631363232303634366536663633363537333230363636663230366236653639373236323230366536663230373236663663366336353633366536313638343332303339333033303332326636653631346132663333333032303733363536643639353432303635363835343a62356b722f317235622f3272352f326231703170312f3270316b3170312f3170327032702f3170327032702f336e316e322062202d202d203020313a63617573616c6974793a736166656e65743a6c756e613a68736d3a3131313130
34313137323763343136396166333330386631633566613263303237306130656637646339616334633537376165633764333630323835326461373938636433
411727c4169af3308f1c5fa2c0270a0ef7dc9ac4c577aec7d3602852da798cd3
304263534c483178356161755331374b75666e4d31335273656131362f616e3042316c6536726974453574364279312f363232523235302f3732326236314670363136703231302f373234503731356b363146503631432f363139703632315036323270322f303136503432365045323650462f3633334e3631354e3732332032623020362d3620362d4620323030203631423645363937323632323036453646323037323646364336433635363336453631363834333230333933303330333232463645363134413246333333303230373336353644363935343230363536383534
31633832653238306233366630646333376535343666363632363731396231363565626138633165346639386132343061626230343563363934646630343366
1c82e280b36f0dc37e546f6626719b165eba8c1e4f98a240abb045c694df043f
306263736c683178356161757331376b75666e6d31337273656131362f616e3062316c6536726974653574366279312f363232723235302f3732326236316670363136703231302f373234703731356b363166703631632f363139703632317036323270322f303136703432367065323670662f3633336e3631356e3732332032623020362d3620362d6620323030203631623665363937323632323036653666323037323666366336633635363336653631363834333230333933303330333232663665363134613266333333303230373336353664363935343230363536383534
66343439373766346237313131623739333764366237346239393039383034656561373862326534383130353537386434336439643837303064376461323166
f44977f4b7111b7937d6b74b9909804eea78b2e48105578d43d9d8700d7da21f
65363062363138306564386265396134373531613534383037396363623730336432636366613539616530373934323063383935303565376232363831613834663634373131396234653861616265323432393063636465363364336562393661653530623934636564373937376563353565666563303839353864396234656562336566623531353165363235353939343731316665386632323634343237636565656266383831303965316437666164356230613862366430376535626634323735303235646438313339666366636664373934333136383361383238613131373966303732623833323839636435656337313362373932643961303134396437376132346430663463393161326539363863613630376534396464336231356435343839663636613562633831666137323830336233323434333431393635316232346666393263623934633563353532663135323966643862643262386463343562396531326432643138356539313066313537333039356539316638316337383833643038616662343664346263306431313864643936643330313234373031656631633665306539306537306136623337663933383366393531
36333539383131313634353534356335633631313666653361623130353764613631626136346264336130326363393737623661306533316333333436666639
63598111645545c5c6116fe3ab1057da61ba64bd3a02cc977b6a0e31c3346ff9
65366636656234323964363538313062343733653735373731626337363131316662303261323234383838303962353135643464666633646564346535316438306639323038386238616536313334636362616665396162323539663931393462346134653235396366613263353664373534323934636665396335346231613930373164373638353263303534636331663934636166316431383064656538333136303532313837393633663236383765396664646363643332363361343964383936623765623434383264646264643330333936323738613362326230316432616563653131313538643234636335306565373964356334373066616239626666303438356231653539346338383732396639656631616565643130623836363132633630373739396533326135643265303934373731643839626364316539323065633766636438313835306563383535616435656661653937303935656635626337373231306136303565633061313338306631623365373038386262373362353737666232393536643932333233303933363838643037643934343935383331613962653561303334653966393834346562663134313931663531
66363838323639386236646336313164303436306437323537363465616432306336383136343130306565366130383864343337653662623665636361393739
f6882698b6dc611d0460d725764ead20c68164100ee6a088d437e6bb6ecca979
42354b522f317235422f3252352f326231703170312f3250316b3150312f3170325032702f3150325032502f334e314e322062202d202d2030203163617573616c697479536166656e65744c756e6148534d31313131303078373336423645363136323230373236463636323037343735364636433639363136323230363436453646363336353733323036363646323036423645363937323632323036453646323037323646364336433635363336453631363834333230333933303330333232463645363134413246333333303230373336353644363935343230363536383534
34653535653231353335653433323632353330343630323335366539376536643239316234666432316130313862386136643234613366613135613335646539
4e55e21535e432625304602356e97e6d291b4fd21a018b8a6d24a3fa15a35de9
62356b722f317235622f3272352f326231703170312f3270316b3170312f3170327032702f3170327032702f336e316e322062202d202d2030203163617573616c697479736166656e65746c756e6168736d31313131303078373336623665363136323230373236663636323037343735366636633639363136323230363436653666363336353733323036363666323036623665363937323632323036653666323037323666366336633635363336653631363834333230333933303330333232663665363134613266333333303230373336353664363935343230363536383534
32366334303237633735646334613165346263373365393139346562323637616131336234313436623937356338333939366336633466353634313665373038
26c4027c75dc4a1e4bc73e9194eb267aa13b4146b975c83996c6c4f56416e708
42354b522f317235422f3252352f326231703170312f3250316b3150312f3170325032702f3150325032502f334e314e322062202d202d203020312063617573616c69747920536166656e6574204c756e612048534d203131313130203078373336423645363136323230373236463636323037343735364636433639363136323230363436453646363336353733323036363646323036423645363937323632323036453646323037323646364336433635363336453631363834333230333933303330333232463645363134413246333333303230373336353644363935343230363536383534
63326233343039376533346638313166663732663161393934313131666432393332396164356430343832613738313932633165666233363138383163653461
c2b34097e34f811ff72f1a994111fd29329ad5d0482a78192c1efb361881ce4a
62356b722f317235622f3272352f326231703170312f3270316b3170312f3170327032702f3170327032702f336e316e322062202d202d203020312063617573616c69747920736166656e6574206c756e612068736d203131313130203078373336623665363136323230373236663636323037343735366636633639363136323230363436653666363336353733323036363666323036623665363937323632323036653666323037323666366336633635363336653631363834333230333933303330333232663665363134613266333333303230373336353664363935343230363536383534
61663834343934373562623461393939633038333037613335326638386162366635623132353130343637353665396566386364646461303333623337316365
af8449475bb4a999c08307a352f88ab6f5b1251046756e9ef8cddda033b371ce
42354b522f317235422f3252352f326231703170312f3250316b3150312f3170325032702f3150325032502f334e314e322062202d202d203020312d63617573616c6974792d536166656e65742d4c756e612d48534d2d31313131302d3078373336423645363136323230373236463636323037343735364636433639363136323230363436453646363336353733323036363646323036423645363937323632323036453646323037323646364336433635363336453631363834333230333933303330333232463645363134413246333333303230373336353644363935343230363536383534
37303734363866623736653563356439323862633864656266656430313835373539373636356630363137633364386565616564326563613737363439653835
707468fb76e5c5d928bc8debfed01857597665f0617c3d8eeaed2eca77649e85
62356b722f317235622f3272352f326231703170312f3270316b3170312f3170327032702f3170327032702f336e316e322062202d202d203020312d63617573616c6974792d736166656e65742d6c756e612d68736d2d31313131302d3078373336623665363136323230373236663636323037343735366636633639363136323230363436653666363336353733323036363666323036623665363937323632323036653666323037323666366336633635363336653631363834333230333933303330333232663665363134613266333333303230373336353664363935343230363536383534
36313665343564626563386131343035616336366630376533356563363465396631396530653163623033633138376435336631333566383439393734383934
616e45dbec8a1405ac66f07e35ec64e9f19e0e1cb03c187d53f135f849974894
42354b522f317235422f3252352f326231703170312f3250316b3150312f3170325032702f3150325032502f334e314e322062202d202d203020315f63617573616c6974795f536166656e65745f4c756e615f48534d5f31313131305f3078373336423645363136323230373236463636323037343735364636433639363136323230363436453646363336353733323036363646323036423645363937323632323036453646323037323646364336433635363336453631363834333230333933303330333232463645363134413246333333303230373336353644363935343230363536383534
39653139313362396362396437663162333630306664356136333266633134343737356262646162323935313364636266623835343864333131326634333265
9e1913b9cb9d7f1b3600fd5a632fc144775bbdab29513dcbfb8548d3112f432e
62356b722f317235622f3272352f326231703170312f3270316b3170312f3170327032702f3170327032702f336e316e322062202d202d203020315f63617573616c6974795f736166656e65745f6c756e615f68736d5f31313131305f3078373336623665363136323230373236663636323037343735366636633639363136323230363436653666363336353733323036363666323036623665363937323632323036653666323037323666366336633635363336653631363834333230333933303330333232663665363134613266333333303230373336353664363935343230363536383534
66646664653430653965653836386539363263343134343664333134636334396566646231653663376665643763393966313335373336663363346437613365
fdfde40e9ee868e962c41446d314cc49efdb1e6c7fed7c99f135736f3c4d7a3e
42354b522f317235422f3252352f326231703170312f3250316b3150312f3170325032702f3150325032502f334e314e322062202d202d203020313a63617573616c6974793a536166656e65743a4c756e613a48534d3a31313131303a3078373336423645363136323230373236463636323037343735364636433639363136323230363436453646363336353733323036363646323036423645363937323632323036453646323037323646364336433635363336453631363834333230333933303330333232463645363134413246333333303230373336353644363935343230363536383534
63356664653462383631623333626561643666323338663564633637363330353437363966656137636535333763343538353933396438376138366534343661
c5fde4b861b33bead6f238f5dc6763054769fea7ce537c4585939d87a86e446a
62356b722f317235622f3272352f326231703170312f3270316b3170312f3170327032702f3170327032702f336e316e322062202d202d203020313a63617573616c6974793a736166656e65743a6c756e613a68736d3a31313131303a3078373336623665363136323230373236663636323037343735366636633639363136323230363436653666363336353733323036363666323036623665363937323632323036653666323037323666366336633635363336653631363834333230333933303330333232663665363134613266333333303230373336353664363935343230363536383534
34383833613737363431323538633264613664376335326230303932313066326461366339333534633164653363333739363434323865356134653131303434
4883a77641258c2da6d7c52b009210f2da6c9354c1de3c37964428e5a4e11044
4263534c483130356161755331784b75666e4d31375273656131332f616e3036316c6542726974363574454279362f313236523235322f3032376232313670463136703631322f303237503431376b353136504631362f433136703932365031323670322f323130503632345036324550362f4633364e3331364e3532372033623220302d3620362d362046303220303136423645363937323632323036453646323037323646364336433635363336453631363834333230333933303330333232463645363134413246333333303230373336353644363935343230363536383534
63336165303038396433353535323866326435646232356662383939663537353938306433373661363633353437613934363431633865393937356633323862
c3ae0089d355528f2d5db25fb899f575980d376a663547a94641c8e9975f328b
6263736c683130356161757331786b75666e6d31377273656131332f616e3036316c6562726974363574656279362f313236723235322f3032376232313670663136703631322f303237703431376b353136706631362f633136703932367031323670322f323130703632347036326570362f6633366e3331366e3532372033623220302d3620362d362066303220303136623665363937323632323036653666323037323666366336633635363336653631363834333230333933303330333232663665363134613266333333303230373336353664363935343230363536383534
31303939303361656638316639653832346238616663323465303136306263383866663435313064363231646537303466363761313033343462613933666336
109903aef81f9e824b8afc24e0160bc88ff4510d621de704f67a10344ba93fc6
66363437313139623465386161626532343239306363646536336433656239366165353062393463656437393737656335356566656330383935386439623465656233656662353135316536323535393934373131666538663232363434323763656565626638383130396531643766616435623061386236643037653562663432373530323564643831333966636663666437393433313638336138323861313137396630373262383332383963643565633731336237393264396130313439643737613234643066346339316132653936386361363037653439646433623135643534383966363661356263383166613732383033623332343433343139363531623234666639326362393463356335353266313532396664386264326238646334356239653132643264313835653931306631353733303935653931663831633738383364303861666234366434626330643131386464393664333031323437303165663163366530653930653730613662333766393338336639353165363062363138306564386265396134373531613534383037396363623730336432636366613539616530373934323063383935303565376232363831613834
62623739633630316262653661646231313338623131343061373763643261366132396361356565386430643062383931333662653335643433323666363937
bb79c601bbe6adb1138b1140a77cd2a6a29ca5ee8d0d0b89136be35d4326f697
66366562343239643635383165363437336537353737316263373062313166623032613232343838363139623531356434646666336438303465353164383066393230386564386165363133346363626166386261623235396639313934623465396532353963666132633536646134343239346366653963353462373539303731643736383532633031616363316639346361663164313534646565383331363035323138383036336632363837653966646437396433323633613439643839366363656234343832646462646433623739363237386133623262303130336165636531313135386432346432353065653739643563343730636362396266663034383562316566613463383837323966396566313539656431306238363631326336616537393965333261356432653030373737316438396263643165393934656337666364383138353065323035356164356566616539373063386566356263373732313061363935656330613133383066316233303530383862623733623537376665373935366439323332333039336232386430376439343439353833363839626535613033346539663931613465626631343139316635313834
36323039386433353132393034393034613961643431656633613036396633313963613938613036383031343537653531653539663765623866356439613235
62098d3512904904a9ad41ef3a069f319ca98a06801457e51e59f7eb8f5d9a25
42354b522f317235422f3252352f326231703170312f3250316b3150312f3170325032702f3150325032502f334e314e322062202d202d203020313078373336423645363136323230373236463636323037343735364636433639363136323230363436453646363336353733323036363646323036423645363937323632323036453646323037323646364336433635363336453631363834333230333933303330333232463645363134413246333333303230373336353644363935343230363536383534313131313048534d4c756e61536166656e657463617573616c697479
30616166656334363363386238366636663537396133303861663536303263656663333534306336326236363063666531353531616239633239633164326134
0aafec463c8b86f6f579a308af5602cefc3540c62b660cfe1551ab9c29c1d2a4
62356b722f317235622f3272352f326231703170312f3270316b3170312f3170327032702f3170327032702f336e316e322062202d202d203020313078373336623665363136323230373236663636323037343735366636633639363136323230363436653666363336353733323036363666323036623665363937323632323036653666323037323666366336633635363336653631363834333230333933303330333232663665363134613266333333303230373336353664363935343230363536383534313131313068736d6c756e61736166656e657463617573616c697479
34353664313165643032343638663863333362366336656362633533366337646136373033353965383534373862373662373661636565643830386534373832
456d11ed02468f8c33b6c6ecbc536c7da670359e85478b76b76aceed808e4782
42354b522f317235422f3252352f326231703170312f3250316b3150312f3170325032702f3150325032502f334e314e322062202d202d203020312030783733364236453631363232303732364636363230373437353646364336393631363232303634364536463633363537333230363636463230364236453639373236323230364536463230373236463643364336353633364536313638343332303339333033303332324636453631344132463333333032303733363536443639353432303635363835342031313131302048534d204c756e6120536166656e65742063617573616c697479
32656561373238343661323639383465323936316165613261623065326530333338393134316164343131336565383730356233613333643830316234613731
2eea72846a26984e2961aea2ab0e2e03389141ad4113ee8705b3a33d801b4a71
62356b722f317235622f3272352f326231703170312f3270316b3170312f3170327032702f3170327032702f336e316e322062202d202d203020312030783733366236653631363232303732366636363230373437353666366336393631363232303634366536663633363537333230363636663230366236653639373236323230366536663230373236663663366336353633366536313638343332303339333033303332326636653631346132663333333032303733363536643639353432303635363835342031313131302068736d206c756e6120736166656e65742063617573616c697479
63393131333837343165366461656432653135306664366463373635363337383339373634336537323833396137393437646431353765346137616238376334
c91138741e6daed2e150fd6dc7656378397643e72839a7947dd157e4a7ab87c4
42354b522f317235422f3252352f326231703170312f3250316b3150312f3170325032702f3150325032502f334e314e322062202d202d203020312d30783733364236453631363232303732364636363230373437353646364336393631363232303634364536463633363537333230363636463230364236453639373236323230364536463230373236463643364336353633364536313638343332303339333033303332324636453631344132463333333032303733363536443639353432303635363835342d31313131302d48534d2d4c756e612d536166656e65742d63617573616c697479
62373063333739323334636133383663653536363961336466383939303838626264323963313264633133373138373062376438363138353639366362373533
b70c379234ca386ce5669a3df899088bbd29c12dc1371870b7d86185696cb753
62356b722f317235622f3272352f326231703170312f3270316b3170312f3170327032702f3170327032702f336e316e322062202d202d203020312d30783733366236653631363232303732366636363230373437353666366336393631363232303634366536663633363537333230363636663230366236653639373236323230366536663230373236663663366336353633366536313638343332303339333033303332326636653631346132663333333032303733363536643639353432303635363835342d31313131302d68736d2d6c756e612d736166656e65742d63617573616c697479
31626335353666386539656234353264326630303734613663396461643434353365663261643037356232633830653130393665333133313565623832636338
1bc556f8e9eb452d2f0074a6c9dad4453ef2ad075b2c80e1096e31315eb82cc8
42354b522f317235422f3252352f326231703170312f3250316b3150312f3170325032702f3150325032502f334e314e322062202d202d203020315f30783733364236453631363232303732364636363230373437353646364336393631363232303634364536463633363537333230363636463230364236453639373236323230364536463230373236463643364336353633364536313638343332303339333033303332324636453631344132463333333032303733363536443639353432303635363835345f31313131305f48534d5f4c756e615f536166656e65745f63617573616c697479
66636433613864366231343030366464363630393430626330333966323461633231616666646430376261623434646530653939656636376437316637373535
fcd3a8d6b14006dd660940bc039f24ac21affdd07bab44de0e99ef67d71f7755
62356b722f317235622f3272352f326231703170312f3270316b3170312f3170327032702f3170327032702f336e316e322062202d202d203020315f30783733366236653631363232303732366636363230373437353666366336393631363232303634366536663633363537333230363636663230366236653639373236323230366536663230373236663663366336353633366536313638343332303339333033303332326636653631346132663333333032303733363536643639353432303635363835345f31313131305f68736d5f6c756e615f736166656e65745f63617573616c697479
36313339346231376539376362663837393438643434323362396637363732343036633737653266383936633537313165616666626135306435373232356564
61394b17e97cbf87948d4423b9f7672406c77e2f896c5711eaffba50d57225ed
42354b522f317235422f3252352f326231703170312f3250316b3150312f3170325032702f3150325032502f334e314e322062202d202d203020313a30783733364236453631363232303732364636363230373437353646364336393631363232303634364536463633363537333230363636463230364236453639373236323230364536463230373236463643364336353633364536313638343332303339333033303332324636453631344132463333333032303733363536443639353432303635363835343a31313131303a48534d3a4c756e613a536166656e65743a63617573616c697479
35326436343266643265613265373266663864393861343666383335313865396666653662623335346262326462343063626530643034666131636634373064
52d642fd2ea2e72ff8d98a46f83518e9ffe6bb354bb2db40cbe0d04fa1cf470d
62356b722f317235622f3272352f326231703170312f3270316b3170312f3170327032702f3170327032702f336e316e322062202d202d203020313a30783733366236653631363232303732366636363230373437353666366336393631363232303634366536663633363537333230363636663230366236653639373236323230366536663230373236663663366336353633366536313638343332303339333033303332326636653631346132663333333032303733363536643639353432303635363835343a31313131303a68736d3a6c756e613a736166656e65743a63617573616c697479
64306634323535316532323135626266643765393732366162356532366535613766393063383632363437366335393639363532326433316162343335323232
d0f42551e2215bbfd7e9726ab5e26e5a7f90c8626476c59696522d31ab435222
423031484c5363357831537561614b37314d6e66755233316165732f36306e613142656c723674693545744236792f313236523235322f3032376232313670463136703631322f303237503431376b353136504631362f433136703932365031323670322f323130503632345036324550362f4633364e3331364e3532372033623220302d3620362d362046303220303136423645363937323632323036453646323037323646364336433635363336453631363834333230333933303330333232463645363134413246333333303230373336353644363935343230363536383534
61323661336463376639393536386664326539363161356537653963386464303635393931386661633431633734373466306466396462383630646262333635
a26a3dc7f99568fd2e961a5e7e9c8dd0659918fac41c7474f0df9db860dbb365
623031686c7363357831737561616b37316d6e66757233316165732f36306e613162656c723674693565746236792f313236723235322f3032376232313670663136703631322f303237703431376b353136706631362f633136703932367031323670322f323130703632347036326570362f6633366e3331366e3532372033623220302d3620362d362066303220303136623665363937323632323036653666323037323666366336633635363336653631363834333230333933303330333232663665363134613266333333303230373336353664363935343230363536383534
30363763616130393464393739393364303239626132306539633339643133326333376630313730336662326461633431666261343564393662373261613435
067caa094d97993d029ba20e9c39d132c37f01703fb2dac41fba45d96b72aa45
66363437313139623465386161626532343239306363646536336433656239366165353062393463656437393737656335356566656330383935386439623465653630623631383065643862653961343735316135343830373963636237303364326363666135396165303739343230633839353035653762323638316138343831633738383364303861666234366434626330643131386464393664333031323437303165663163366530653930653730613662333766393338336639353136353162323466663932636239346335633535326631353239666438626432623864633435623965313264326431383565393130663135373330393565393166396437376132346430663463393161326539363863613630376534396464336231356435343839663636613562633831666137323830336233323434333431393432373530323564643831333966636663666437393433313638336138323861313137396630373262383332383963643565633731336237393264396130313465623365666235313531653632353539393437313166653866323236343432376365656562663838313039653164376661643562306138623664303765356266
65646438646331313363346232653966323432303163393763313066656338333461656239376666616563323737376366323038383833303962366336316330
edd8dc113c4b2e9f24201c97c10fec834aeb97ffaec2777cf20888309b6c61c0
66366536383136353964343265623437306263373162373737353365313136313838323461323032666239623830336466663464356435313465656430383932306664383531386138626166636234633133653661626539623439343931396632356532613436646335613263663539343237353462633565396366393439303161633035323638643737316363353464316631636139343166646538303138353236303331653836333739646439663765363866326433636339366438343933613236656262376433626464643832343439363033303132623362386132376165643232343864313531316365353063633730633464353739656562396661316535623438663062663463353966313965396637323838656461656336313236366238313037393037653064326135333239653737393465396431626338393164656332303065383538316364376635356338373065396661356561646566393561363130373263373562656330356233663138303133306130386537376635373362623738623935623239333330333239323664386436383833393534346439303739623161663965393334613065353465383435313166313931346266
63663436323434336666343830633730306536616136346361663235336237623439373532623233383838303338656661323532383463343637353062626265
cf462443ff480c700e6aa64caf253b7b49752b23888038efa25284c46750bbbe
3078373336423645363136323230373236463636323037343735364636433639363136323230363436453646363336353733323036363646323036423645363937323632323036453646323037323646364336433635363336453631363834333230333933303330333232463645363134413246333333303230373336353644363935343230363536383534313131313048534d4c756e61536166656e657463617573616c69747942354b522f317235422f3252352f326231703170312f3250316b3150312f3170325032702f3150325032502f334e314e322062202d202d20302031
31356365653462353031383730623234363634646135366136646438633032653535663361373462653036636534313131636338663430363965313230373361
15cee4b501870b24664da56a6dd8c02e55f3a74be06ce4111cc8f4069e12073a
3078373336623665363136323230373236663636323037343735366636633639363136323230363436653666363336353733323036363666323036623665363937323632323036653666323037323666366336633635363336653631363834333230333933303330333232663665363134613266333333303230373336353664363935343230363536383534313131313068736d6c756e61736166656e657463617573616c69747962356b722f317235622f3272352f326231703170312f3270316b3170312f3170327032702f3170327032702f336e316e322062202d202d20302031
64373537353034333062613332663739343738363339306436306239643538323736383338633337383434643562653733356139333131353637633831396166
d75750430ba32f794786390d60b9d58276838c37844d5be735a9311567c819af
30783733364236453631363232303732364636363230373437353646364336393631363232303634364536463633363537333230363636463230364236453639373236323230364536463230373236463643364336353633364536313638343332303339333033303332324636453631344132463333333032303733363536443639353432303635363835342031313131302048534d204c756e6120536166656e65742063617573616c6974792042354b522f317235422f3252352f326231703170312f3250316b3150312f3170325032702f3150325032502f334e314e322062202d202d20302031
61303263306566663130353164343931663932323966303232363931383537353566646434653035393633343035383234306236663262316262636231343233
a02c0eff1051d491f9229f02269185755fdd4e059634058240b6f2b1bbcb1423
30783733366236653631363232303732366636363230373437353666366336393631363232303634366536663633363537333230363636663230366236653639373236323230366536663230373236663663366336353633366536313638343332303339333033303332326636653631346132663333333032303733363536643639353432303635363835342031313131302068736d206c756e6120736166656e65742063617573616c6974792062356b722f317235622f3272352f326231703170312f3270316b3170312f3170327032702f3170327032702f336e316e322062202d202d20302031
34303637356333323137303261313331353830333934653461313238316562626330663035353734386335353838303364396361353036356261643239343561
40675c321702a131580394e4a1281ebbc0f055748c558803d9ca5065bad2945a
30783733364236453631363232303732364636363230373437353646364336393631363232303634364536463633363537333230363636463230364236453639373236323230364536463230373236463643364336353633364536313638343332303339333033303332324636453631344132463333333032303733363536443639353432303635363835342d31313131302d48534d2d4c756e612d536166656e65742d63617573616c6974792d42354b522f317235422f3252352f326231703170312f3250316b3150312f3170325032702f3150325032502f334e314e322062202d202d20302031
31643937393137626465313362316162383166643332313963346664633534633635313936316538653861643836373365616134386264353233666538363239
1d97917bde13b1ab81fd3219c4fdc54c651961e8e8ad8673eaa48bd523fe8629
30783733366236653631363232303732366636363230373437353666366336393631363232303634366536663633363537333230363636663230366236653639373236323230366536663230373236663663366336353633366536313638343332303339333033303332326636653631346132663333333032303733363536643639353432303635363835342d31313131302d68736d2d6c756e612d736166656e65742d63617573616c6974792d62356b722f317235622f3272352f326231703170312f3270316b3170312f3170327032702f3170327032702f336e316e322062202d202d20302031
33343466313831376562326162666132633032323662336533386532303435353435376230323332373134393239313465643933626534393632633232383462
344f1817eb2abfa2c0226b3e38e20455457b023271492914ed93be4962c2284b
30783733364236453631363232303732364636363230373437353646364336393631363232303634364536463633363537333230363636463230364236453639373236323230364536463230373236463643364336353633364536313638343332303339333033303332324636453631344132463333333032303733363536443639353432303635363835345f31313131305f48534d5f4c756e615f536166656e65745f63617573616c6974795f42354b522f317235422f3252352f326231703170312f3250316b3150312f3170325032702f3150325032502f334e314e322062202d202d20302031
35646332353563616334336337626263613835616262373833396238666534613263353136343536323437626239623063343063333639323263393935393834
5dc255cac43c7bbca85abb7839b8fe4a2c516456247bb9b0c40c36922c995984
30783733366236653631363232303732366636363230373437353666366336393631363232303634366536663633363537333230363636663230366236653639373236323230366536663230373236663663366336353633366536313638343332303339333033303332326636653631346132663333333032303733363536643639353432303635363835345f31313131305f68736d5f6c756e615f736166656e65745f63617573616c6974795f62356b722f317235622f3272352f326231703170312f3270316b3170312f3170327032702f3170327032702f336e316e322062202d202d20302031
36383566373063666164376235303932623236366635626536626438656538303364333532643134643163303361626639373432333363366436393231613961
685f70cfad7b5092b266f5be6bd8ee803d352d14d1c03abf974233c6d6921a9a
30783733364236453631363232303732364636363230373437353646364336393631363232303634364536463633363537333230363636463230364236453639373236323230364536463230373236463643364336353633364536313638343332303339333033303332324636453631344132463333333032303733363536443639353432303635363835343a31313131303a48534d3a4c756e613a536166656e65743a63617573616c6974793a42354b522f317235422f3252352f326231703170312f3250316b3150312f3170325032702f3150325032502f334e314e322062202d202d20302031
35396235623739373730626164343761613336393737393731623239366566616231656163633030333634633965353231656463366134313437316137356238
59b5b79770bad47aa36977971b296efab1eacc00364c9e521edc6a41471a75b8
30783733366236653631363232303732366636363230373437353666366336393631363232303634366536663633363537333230363636663230366236653639373236323230366536663230373236663663366336353633366536313638343332303339333033303332326636653631346132663333333032303733363536643639353432303635363835343a31313131303a68736d3a6c756e613a736166656e65743a63617573616c6974793a62356b722f317235622f3272352f326231703170312f3270316b3170312f3170327032702f3170327032702f336e316e322062202d202d20302031
62333231653965666265323762353734636163643166663536356132373166333266366665323364393538333130343531313961653566666638626534336333
b321e9efbe27b574cacd1ff565a271f32f6fe23d95831045119ae5fff8be43c3
3031484c5363427831537561613537314d6e66754b33316165735236306e612f42656c3136746972457435367942312f363232523235302f3732326236314670363136703231302f373234503731356b363146503631432f363139703632315036323270322f303136503432365045323650462f3633334e3631354e3732332032623020362d3620362d4620323030203631423645363937323632323036453646323037323646364336433635363336453631363834333230333933303330333232463645363134413246333333303230373336353644363935343230363536383534
31643734313936626434396432616434376537623162323762633332376637356534623436373166353738336664323137643736333334633437623039646232
1d74196bd49d2ad47e7b1b27bc327f75e4b4671f5783fd217d76334c47b09db2
3031686c7363627831737561613537316d6e66756b33316165737236306e612f62656c3136746972657435367962312f363232723235302f3732326236316670363136703231302f373234703731356b363166703631632f363139703632317036323270322f303136703432367065323670662f3633336e3631356e3732332032623020362d3620362d6620323030203631623665363937323632323036653666323037323666366336633635363336653631363834333230333933303330333232663665363134613266333333303230373336353664363935343230363536383534
66346563336337613832373631356565663565626538303533653731373033323561656362646338343064326162613136333263373065626163633432313333
f4ec3c7a827615eef5ebe8053e7170325aecbdc840d2aba1632c70ebacc42133
65363062363138306564386265396134373531613534383037396363623730336432636366613539616530373934323063383935303565376232363831613834383163373838336430386166623436643462633064313138646439366433303132343730316566316336653065393065373061366233376639333833663935313635316232346666393263623934633563353532663135323966643862643262386463343562396531326432643138356539313066313537333039356539316639643737613234643066346339316132653936386361363037653439646433623135643534383966363661356263383166613732383033623332343433343139343237353032356464383133396663666366643739343331363833613832386131313739663037326238333238396364356563373133623739326439613031346562336566623531353165363235353939343731316665386632323634343237636565656266383831303965316437666164356230613862366430376535626666363437313139623465386161626532343239306363646536336433656239366165353062393463656437393737656335356566656330383935386439623465
38356139353532646535306134373761666465643862303764333736653931313565623764303438643333346536613061633462353662393236653366356132
85a9552de50a477afded8b07d376e9115eb7d048d334e6a0ac4b56b926e3f5a2
65363831363539643432656266363062633731623737373533653437363138383234613230326662313138303364666634643564353139626564303839323066643835313465386261666362346331336536386165396234393439313966323561626134366463356132636635396532373534626335653963663934343231616330353236386437373139303534643166316361393431666363383031383532363033316538646537396464396637653638663236336363393664383439336132366433623764336264646438323434656230333031326233623861323739366432323438643135313163656165636337306334643537396565353066613165356234386630626662393539663139653966373238383463616563363132363662383130656430376530643261353332396537393934653964316263383931643737323030653835383163643766656363383730653966613565616435353935613631303732633735626566303562336631383031333061656365373766353733626237386230386232393333303332393236643935363838333935343464393037386431616639653933346130653539623834353131663139313462663465
66626530356432353733346532636132613637346437613433313663363066333831373865376630383731396238333465323036646339636631316539356536
fbe05d25734e2ca2a674d7a4316c60f38178e7f08719b834e206dc9cf11e95e6
313131313048534d4c756e61536166656e657463617573616c69747942354b522f317235422f3252352f326231703170312f3250316b3150312f3170325032702f3150325032502f334e314e322062202d202d203020313078373336423645363136323230373236463636323037343735364636433639363136323230363436453646363336353733323036363646323036423645363937323632323036453646323037323646364336433635363336453631363834333230333933303330333232463645363134413246333333303230373336353644363935343230363536383534
38633934663461336532373563313535626332643665386132393766333639323531326562623366316138343434636132393165323830396334643235666631
8c94f4a3e275c155bc2d6e8a297f3692512ebb3f1a8444ca291e2809c4d25ff1
313131313068736d6c756e61736166656e657463617573616c69747962356b722f317235622f3272352f326231703170312f3270316b3170312f3170327032702f3170327032702f336e316e322062202d202d203020313078373336623665363136323230373236663636323037343735366636633639363136323230363436653666363336353733323036363666323036623665363937323632323036653666323037323666366336633635363336653631363834333230333933303330333232663665363134613266333333303230373336353664363935343230363536383534
65633663303335653864373634303063306537313263623563616430303164636438376331373136306162313434643236306633393935313033356339646665
ec6c035e8d76400c0e712cb5cad001dcd87c17160ab144d260f39951035c9dfe
31313131302048534d204c756e6120536166656e65742063617573616c6974792042354b522f317235422f3252352f326231703170312f3250316b3150312f3170325032702f3150325032502f334e314e322062202d202d20302031203078373336423645363136323230373236463636323037343735364636433639363136323230363436453646363336353733323036363646323036423645363937323632323036453646323037323646364336433635363336453631363834333230333933303330333232463645363134413246333333303230373336353644363935343230363536383534
66313832656133306634663731343431666134613933636638623033313734366330616631666134613732343536386162666431326339366435306235633831
f182ea30f4f71441fa4a93cf8b031746c0af1fa4a724568abfd12c96d50b5c81
31313131302068736d206c756e6120736166656e65742063617573616c6974792062356b722f317235622f3272352f326231703170312f3270316b3170312f3170327032702f3170327032702f336e316e322062202d202d20302031203078373336623665363136323230373236663636323037343735366636633639363136323230363436653666363336353733323036363666323036623665363937323632323036653666323037323666366336633635363336653631363834333230333933303330333232663665363134613266333333303230373336353664363935343230363536383534
32306434333636386464656331336634396239613534616336353032363166346336623561666234343263393031663830366534343732613839643639303838
20d43668ddec13f49b9a54ac650261f4c6b5afb442c901f806e4472a89d69088
31313131302d48534d2d4c756e612d536166656e65742d63617573616c6974792d42354b522f317235422f3252352f326231703170312f3250316b3150312f3170325032702f3150325032502f334e314e322062202d202d203020312d3078373336423645363136323230373236463636323037343735364636433639363136323230363436453646363336353733323036363646323036423645363937323632323036453646323037323646364336433635363336453631363834333230333933303330333232463645363134413246333333303230373336353644363935343230363536383534
34663636636663306131613936316130633264663136346339353736356137323930656639653763343137363434623961666134383163363039373532356138
4f66cfc0a1a961a0c2df164c95765a7290ef9e7c417644b9afa481c6097525a8
31313131302d68736d2d6c756e612d736166656e65742d63617573616c6974792d62356b722f317235622f3272352f326231703170312f3270316b3170312f3170327032702f3170327032702f336e316e322062202d202d203020312d3078373336623665363136323230373236663636323037343735366636633639363136323230363436653666363336353733323036363666323036623665363937323632323036653666323037323666366336633635363336653631363834333230333933303330333232663665363134613266333333303230373336353664363935343230363536383534
32333162626137323866633065313338653935656536303039393735363437396366303061313462643661623035663663376532613231306131313463326265
231bba728fc0e138e95ee60099756479cf00a14bd6ab05f6c7e2a210a114c2be
31313131305f48534d5f4c756e615f536166656e65745f63617573616c6974795f42354b522f317235422f3252352f326231703170312f3250316b3150312f3170325032702f3150325032502f334e314e322062202d202d203020315f3078373336423645363136323230373236463636323037343735364636433639363136323230363436453646363336353733323036363646323036423645363937323632323036453646323037323646364336433635363336453631363834333230333933303330333232463645363134413246333333303230373336353644363935343230363536383534
66366631373764373162356231643738373233373165373230306362383631633631383431366330363238313865343561663762623863323337303132373139
f6f177d71b5b1d7872371e7200cb861c618416c062818e45af7bb8c237012719
31313131305f68736d5f6c756e615f736166656e65745f63617573616c6974795f62356b722f317235622f3272352f326231703170312f3270316b3170312f3170327032702f3170327032702f336e316e322062202d202d203020315f3078373336623665363136323230373236663636323037343735366636633639363136323230363436653666363336353733323036363666323036623665363937323632323036653666323037323666366336633635363336653631363834333230333933303330333232663665363134613266333333303230373336353664363935343230363536383534
33643830346338393238653532323463356338666664383137613732336639343837643664323435623637383064623933643936393638613531333239653864
3d804c8928e5224c5c8ffd817a723f9487d6d245b6780db93d96968a51329e8d
31313131303a48534d3a4c756e613a536166656e65743a63617573616c6974793a42354b522f317235422f3252352f326231703170312f3250316b3150312f3170325032702f3150325032502f334e314e322062202d202d203020313a3078373336423645363136323230373236463636323037343735364636433639363136323230363436453646363336353733323036363646323036423645363937323632323036453646323037323646364336433635363336453631363834333230333933303330333232463645363134413246333333303230373336353644363935343230363536383534
63626235663431623562323665663338366131376565343338336566626464336635633439323733336233396166656439633836623932326538323932356638
cbb5f41b5b26ef386a17ee4383efbdd3f5c492733b39afed9c86b922e82925f8
31313131303a68736d3a6c756e613a736166656e65743a63617573616c6974793a62356b722f317235622f3272352f326231703170312f3270316b3170312f3170327032702f3170327032702f336e316e322062202d202d203020313a3078373336623665363136323230373236663636323037343735366636633639363136323230363436653666363336353733323036363666323036623665363937323632323036653666323037323666366336633635363336653631363834333230333933303330333232663665363134613266333333303230373336353664363935343230363536383534
65303232306331353539636133636635303563636239376638363461613034313363613338366562346330616333633336633863653334636364656265626130
e0220c1559ca3cf505ccb97f864aa0413ca386eb4c0ac3c36c8ce34ccdebeba0
31484c5363423031537561613578314d6e66754b37316165735233306e612f36656c3142746972367435457942362f313236523235322f3032376232313670463136703631322f303237503431376b353136504631362f433136703932365031323670322f323130503632345036324550362f4633364e3331364e3532372033623220302d3620362d362046303220303136423645363937323632323036453646323037323646364336433635363336453631363834333230333933303330333232463645363134413246333333303230373336353644363935343230363536383534
36643435396633303366353461613666653031626439346438653930633135366637383033623634623766383234363535323130386436653434346531633832
6d459f303f54aa6fe01bd94d8e90c156f7803b64b7f8246552108d6e444e1c82
31686c7363623031737561613578316d6e66756b37316165737233306e612f36656c3162746972367435657962362f313236723235322f3032376232313670663136703631322f303237703431376b353136706631362f633136703932367031323670322f323130703632347036326570362f6633366e3331366e3532372033623220302d3620362d362066303220303136623665363937323632323036653666323037323666366336633635363336653631363834333230333933303330333232663665363134613266333333303230373336353664363935343230363536383534
32613661613663663931643937323461373264633134323933623766616537376364393835383635643261613731396236656365636531613866616136636465
2a6aa6cf91d9724a72dc14293b7fae77cd985865d2aa719b6ecece1a8faa6cde
38316337383833643038616662343664346263306431313864643936643330313234373031656631633665306539306537306136623337663933383366393531363531623234666639326362393463356335353266313532396664386264326238646334356239653132643264313835653931306631353733303935653931663964373761323464306634633931613265393638636136303765343964643362313564353438396636366135626338316661373238303362333234343334313934323735303235646438313339666366636664373934333136383361383238613131373966303732623833323839636435656337313362373932643961303134656233656662353135316536323535393934373131666538663232363434323763656565626638383130396531643766616435623061386236643037653562666636343731313962346538616162653234323930636364653633643365623936616535306239346365643739373765633535656665633038393538643962346565363062363138306564386265396134373531613534383037396363623730336432636366613539616530373934323063383935303565376232363831613834
61633563303039376265616437333031363061333433353139636230313134303365313766336133333764646538646135636661623664626335393066613430
ac5c0097bead730160a343519cb011403e17f3a337dde8da5cfab6dbc590fa40
38313635396434326562663665366337316237373735336534373062383832346132303266623131363133646666346435643531396238303038393230666438353134656564616663623463313365363861386262343934393139663235616265393664633561326366353965326134346263356539636639343432373563303532363864373731393031616431663163613934316663633534313835323630333165386465383064643966376536386632363337393936643834393361323664336363643362646464383234346562623730313262336238613237393630333234386431353131636561656432373063346435373965653530636331653562343866306266623966616631396539663732383834633539633631323636623831306564616565306432613533323965373930376539643162633839316437373934306538353831636437666563323037306539666135656164353563386136313037326337356265663935623366313830313330616563303537663537336262373862303865373933333033323932366439356232383339353434643930373864363866396539333461306535396231613531316631393134626634653834
34313136616664323062626534383330313863626639393163343230663131383364376139383638333461613338613866356430666466613566666565663934
4116afd20bbe483018cbf991c420f1183d7a986834aa38a8f5d0fdfa5ffeef94
48534d4c756e61536166656e657463617573616c69747942354b522f317235422f3252352f326231703170312f3250316b3150312f3170325032702f3150325032502f334e314e322062202d202d2030203130783733364236453631363232303732364636363230373437353646364336393631363232303634364536463633363537333230363636463230364236453639373236323230364536463230373236463643364336353633364536313638343332303339333033303332324636453631344132463333333032303733363536443639353432303635363835343131313130
32303132633564643738636166633531643563623434653566316339656238663938336432643731633332396530313934383861643664623865363636653039
2012c5dd78cafc51d5cb44e5f1c9eb8f983d2d71c329e019488ad6db8e666e09
68736d6c756e61736166656e657463617573616c69747962356b722f317235622f3272352f326231703170312f3270316b3170312f3170327032702f3170327032702f336e316e322062202d202d2030203130783733366236653631363232303732366636363230373437353666366336393631363232303634366536663633363537333230363636663230366236653639373236323230366536663230373236663663366336353633366536313638343332303339333033303332326636653631346132663333333032303733363536643639353432303635363835343131313130
30613334363232336566643139653034623037323033353661613032353361303165356565393635663734633932313462613937623961316466363331626430
0a346223efd19e04b0720356aa0253a01e5ee965f74c9214ba97b9a1df631bd0
48534d204c756e6120536166656e65742063617573616c6974792042354b522f317235422f3252352f326231703170312f3250316b3150312f3170325032702f3150325032502f334e314e322062202d202d20302031203078373336423645363136323230373236463636323037343735364636433639363136323230363436453646363336353733323036363646323036423645363937323632323036453646323037323646364336433635363336453631363834333230333933303330333232463645363134413246333333303230373336353644363935343230363536383534203131313130
61353665666534396638366662333862363833663032303766363465363435646264633537633163356364633939353239373932616232653132383164353465
a56efe49f86fb38b683f0207f64e645dbdc57c1c5cdc99529792ab2e1281d54e
68736d206c756e6120736166656e65742063617573616c6974792062356b722f317235622f3272352f326231703170312f3270316b3170312f3170327032702f3170327032702f336e316e322062202d202d20302031203078373336623665363136323230373236663636323037343735366636633639363136323230363436653666363336353733323036363666323036623665363937323632323036653666323037323666366336633635363336653631363834333230333933303330333232663665363134613266333333303230373336353664363935343230363536383534203131313130
65386636353035326166633030636333356366363234313333623565373164653561396337393037323261336366663536623830396130343238383132393835
e8f65052afc00cc35cf624133b5e71de5a9c790722a3cff56b809a0428812985
48534d2d4c756e612d536166656e65742d63617573616c6974792d42354b522f317235422f3252352f326231703170312f3250316b3150312f3170325032702f3150325032502f334e314e322062202d202d203020312d30783733364236453631363232303732364636363230373437353646364336393631363232303634364536463633363537333230363636463230364236453639373236323230364536463230373236463643364336353633364536313638343332303339333033303332324636453631344132463333333032303733363536443639353432303635363835342d3131313130
62333633363162356131356661623234313933303538316232613562383266663564303639666334356239326135323462653266363533623536353639633733
b36361b5a15fab241930581b2a5b82ff5d069fc45b92a524be2f653b56569c73
68736d2d6c756e612d736166656e65742d63617573616c6974792d62356b722f317235622f3272352f326231703170312f3270316b3170312f3170327032702f3170327032702f336e316e322062202d202d203020312d30783733366236653631363232303732366636363230373437353666366336393631363232303634366536663633363537333230363636663230366236653639373236323230366536663230373236663663366336353633366536313638343332303339333033303332326636653631346132663333333032303733363536643639353432303635363835342d3131313130
35613231623536356631393934303032333234323436393631363961656131363261303038316632343866366535323764656363393938653536653832353137
5a21b565f199400232424696169aea162a0081f248f6e527decc998e56e82517
48534d5f4c756e615f536166656e65745f63617573616c6974795f42354b522f317235422f3252352f326231703170312f3250316b3150312f3170325032702f3150325032502f334e314e322062202d202d203020315f30783733364236453631363232303732364636363230373437353646364336393631363232303634364536463633363537333230363636463230364236453639373236323230364536463230373236463643364336353633364536313638343332303339333033303332324636453631344132463333333032303733363536443639353432303635363835345f3131313130
33643833373031363332376432393165666331663061313437656663383337393264303264663030376362643037323665663662636536356337353033613930
3d837016327d291efc1f0a147efc83792d02df007cbd0726ef6bce65c7503a90
68736d5f6c756e615f736166656e65745f63617573616c6974795f62356b722f317235622f3272352f326231703170312f3270316b3170312f3170327032702f3170327032702f336e316e322062202d202d203020315f30783733366236653631363232303732366636363230373437353666366336393631363232303634366536663633363537333230363636663230366236653639373236323230366536663230373236663663366336353633366536313638343332303339333033303332326636653631346132663333333032303733363536643639353432303635363835345f3131313130
34646663363166643261643339376563653236636664663935636439383563383736646563363736326561393365356461663234616338623865313861303834
4dfc61fd2ad397ece26cfdf95cd985c876dec6762ea93e5daf24ac8b8e18a084
48534d3a4c756e613a536166656e65743a63617573616c6974793a42354b522f317235422f3252352f326231703170312f3250316b3150312f3170325032702f3150325032502f334e314e322062202d202d203020313a30783733364236453631363232303732364636363230373437353646364336393631363232303634364536463633363537333230363636463230364236453639373236323230364536463230373236463643364336353633364536313638343332303339333033303332324636453631344132463333333032303733363536443639353432303635363835343a3131313130
38386133326463326637373865323238663531396430626365646161623166376537386330663731656631303761643438316136373766383164613235373763
88a32dc2f778e228f519d0bcedaab1f7e78c0f71ef107ad481a677f81da2577c
68736d3a6c756e613a736166656e65743a63617573616c6974793a62356b722f317235622f3272352f326231703170312f3270316b3170312f3170327032702f3170327032702f336e316e322062202d202d203020313a30783733366236653631363232303732366636363230373437353666366336393631363232303634366536663633363537333230363636663230366236653639373236323230366536663230373236663663366336353633366536313638343332303339333033303332326636653631346132663333333032303733363536643639353432303635363835343a3131313130
30633131323837633230313164326132366465336666313138306339396535363433616130666533376230643631343264356438666661336337313165396630
0c11287c2011d2a26de3ff1180c99e5643aa0fe37b0d6142d5d8ffa3c711e9f0
484c5363423031537561613578314d6e66754b37316165735233316e612f3630656c3142746972367435457942362f313236523235322f3032376232313670463136703631322f303237503431376b353136504631362f433136703932365031323670322f323130503632345036324550362f4633364e3331364e3532372033623220302d3620362d362046303220303136423645363937323632323036453646323037323646364336433635363336453631363834333230333933303330333232463645363134413246333333303230373336353644363935343230363536383534
39343765356230623664633430363730316438633239363935313861633965383334656230366536386133383530323538386263323439656333383161656331
947e5b0b6dc406701d8c2969518ac9e834eb06e68a38502588bc249ec381aec1
686c7363623031737561613578316d6e66756b37316165737233316e612f3630656c3162746972367435657962362f313236723235322f3032376232313670663136703631322f303237703431376b353136706631362f633136703932367031323670322f323130703632347036326570362f6633366e3331366e3532372033623220302d3620362d362066303220303136623665363937323632323036653666323037323666366336633635363336653631363834333230333933303330333232663665363134613266333333303230373336353664363935343230363536383534
37643831346537663231666331306266653230306466343531323263613738646335333465336261626131373563666564363235613539393537303737616665
7d814e7f21fc10bfe200df45122ca78dc534e3baba175cfed625a59957077afe
36353162323466663932636239346335633535326631353239666438626432623864633435623965313264326431383565393130663135373330393565393166396437376132346430663463393161326539363863613630376534396464336231356435343839663636613562633831666137323830336233323434333431393432373530323564643831333966636663666437393433313638336138323861313137396630373262383332383963643565633731336237393264396130313465623365666235313531653632353539393437313166653866323236343432376365656562663838313039653164376661643562306138623664303765356266663634373131396234653861616265323432393063636465363364336562393661653530623934636564373937376563353565666563303839353864396234656536306236313830656438626539613437353161353438303739636362373033643263636661353961653037393432306338393530356537623236383161383438316337383833643038616662343664346263306431313864643936643330313234373031656631633665306539306537306136623337663933383366393531
34356561626438303339653337636333663565636562306432376366383130353130363365303062396233356139393133643034613834326234653566346331
45eabd8039e37cc3f5eceb0d27cf81051063e00b9b35a9913d04a842b4e5f4c1
36353964343265626636653638313162373737353365343730626337323461323032666231313631383866663464356435313962383033643932306664383531346565643038636234633133653638613862616639343931396632356162653962346335613263663539653261343664633565396366393434323735346235323638643737313930316163306631636139343166636335346431353236303331653864653830313839663765363866323633373964646438343933613236643363633936626464643832343465626237643332623362386132373936303330313864313531316365616564323234633464353739656535306363373035623438663062666239666131653965396637323838346335396631313236366238313065646165633664326135333239653739303765306431626338393164373739346539383538316364376665633230306565396661356561643535633837303130373263373562656639356136663138303133306165633035623335373362623738623038653737663330333239323664393562323933393534346439303738643638383365393334613065353962316166393166313931346266346538343531
62313866613737396638303735636437343039336666323331353237306130333134646531613963633134383636343464303233613938303361333333613930
b18fa779f8075cd74093ff2315270a0314de1a9cc1486644d023a9803a333a90
4c756e61536166656e657463617573616c69747942354b522f317235422f3252352f326231703170312f3250316b3150312f3170325032702f3150325032502f334e314e322062202d202d203020313078373336423645363136323230373236463636323037343735364636433639363136323230363436453646363336353733323036363646323036423645363937323632323036453646323037323646364336433635363336453631363834333230333933303330333232463645363134413246333333303230373336353644363935343230363536383534313131313048534d
61663039633765626364616235333935666139383634373665333362616462326236303931393239343261653664306639373263376561613937643937343938
af09c7ebcdab5395fa986476e33badb2b609192942ae6d0f972c7eaa97d97498
6c756e61736166656e657463617573616c69747962356b722f317235622f3272352f326231703170312f3270316b3170312f3170327032702f3170327032702f336e316e322062202d202d203020313078373336623665363136323230373236663636323037343735366636633639363136323230363436653666363336353733323036363666323036623665363937323632323036653666323037323666366336633635363336653631363834333230333933303330333232663665363134613266333333303230373336353664363935343230363536383534313131313068736d
35663966396266386239373962376261333833333837636366373730313261376338663936356137353736653939613832663630643532376530343564316466
5f9f9bf8b979b7ba383387ccf77012a7c8f965a7576e99a82f60d527e045d1df
4c756e6120536166656e65742063617573616c6974792042354b522f317235422f3252352f326231703170312f3250316b3150312f3170325032702f3150325032502f334e314e322062202d202d203020312030783733364236453631363232303732364636363230373437353646364336393631363232303634364536463633363537333230363636463230364236453639373236323230364536463230373236463643364336353633364536313638343332303339333033303332324636453631344132463333333032303733363536443639353432303635363835342031313131302048534d
32653533303939303033653539393931353737376164333862633339613631396564306239626530393331376233633362646662366565323733626531363934
2e53099003e599915777ad38bc39a619ed0b9be09317b3c3bdfb6ee273be1694
6c756e6120736166656e65742063617573616c6974792062356b722f317235622f3272352f326231703170312f3270316b3170312f3170327032702f3170327032702f336e316e322062202d202d203020312030783733366236653631363232303732366636363230373437353666366336393631363232303634366536663633363537333230363636663230366236653639373236323230366536663230373236663663366336353633366536313638343332303339333033303332326636653631346132663333333032303733363536643639353432303635363835342031313131302068736d
66356466326231663336656231323962646266336638383862613637666130386164386331383562353164306161383636306136343230326633386266353861
f5df2b1f36eb129bdbf3f888ba67fa08ad8c185b51d0aa8660a64202f38bf58a
4c756e612d536166656e65742d63617573616c6974792d42354b522f317235422f3252352f326231703170312f3250316b3150312f3170325032702f3150325032502f334e314e322062202d202d203020312d30783733364236453631363232303732364636363230373437353646364336393631363232303634364536463633363537333230363636463230364236453639373236323230364536463230373236463643364336353633364536313638343332303339333033303332324636453631344132463333333032303733363536443639353432303635363835342d31313131302d48534d
35643333336433313433373036626261303238313839303161383633366230313832643765373264363331643532653864626364346131656335653737373834
5d333d3143706bba02818901a8636b0182d7e72d631d52e8dbcd4a1ec5e77784
6c756e612d736166656e65742d63617573616c6974792d62356b722f317235622f3272352f326231703170312f3270316b3170312f3170327032702f3170327032702f336e316e322062202d202d203020312d30783733366236653631363232303732366636363230373437353666366336393631363232303634366536663633363537333230363636663230366236653639373236323230366536663230373236663663366336353633366536313638343332303339333033303332326636653631346132663333333032303733363536643639353432303635363835342d31313131302d68736d
37383538363164633338633338636461366633316431386665316135393161663866303161653230376363336532366363366533636533653232346563636261
785861dc38c38cda6f31d18fe1a591af8f01ae207cc3e26cc6e3ce3e224eccba
4c756e615f536166656e65745f63617573616c6974795f42354b522f317235422f3252352f326231703170312f3250316b3150312f3170325032702f3150325032502f334e314e322062202d202d203020315f30783733364236453631363232303732364636363230373437353646364336393631363232303634364536463633363537333230363636463230364236453639373236323230364536463230373236463643364336353633364536313638343332303339333033303332324636453631344132463333333032303733363536443639353432303635363835345f31313131305f48534d
62366535383930616564393231396531346332356166336436343864313930353836613931313234376237313032633630393030636434363136663939623764
b6e5890aed9219e14c25af3d648d190586a911247b7102c60900cd4616f99b7d
6c756e615f736166656e65745f63617573616c6974795f62356b722f317235622f3272352f326231703170312f3270316b3170312f3170327032702f3170327032702f336e316e322062202d202d203020315f30783733366236653631363232303732366636363230373437353666366336393631363232303634366536663633363537333230363636663230366236653639373236323230366536663230373236663663366336353633366536313638343332303339333033303332326636653631346132663333333032303733363536643639353432303635363835345f31313131305f68736d
63333639393838373732303030373564633337336265393665386530643433383834366466396634383332643930623637323139646537393162306264313864
c36998877200075dc373be96e8e0d438846df9f4832d90b67219de791b0bd18d
4c756e613a536166656e65743a63617573616c6974793a42354b522f317235422f3252352f326231703170312f3250316b3150312f3170325032702f3150325032502f334e314e322062202d202d203020313a30783733364236453631363232303732364636363230373437353646364336393631363232303634364536463633363537333230363636463230364236453639373236323230364536463230373236463643364336353633364536313638343332303339333033303332324636453631344132463333333032303733363536443639353432303635363835343a31313131303a48534d
30396435386134386664323464343165333039313066323130393430626239393363313536623133616630316236393261313434616261613066363034393636
09d58a48fd24d41e30910f210940bb993c156b13af01b692a144abaa0f604966
6c756e613a736166656e65743a63617573616c6974793a62356b722f317235622f3272352f326231703170312f3270316b3170312f3170327032702f3170327032702f336e316e322062202d202d203020313a30783733366236653631363232303732366636363230373437353666366336393631363232303634366536663633363537333230363636663230366236653639373236323230366536663230373236663663366336353633366536313638343332303339333033303332326636653631346132663333333032303733363536643639353432303635363835343a31313131303a68736d
39393861373366373633666139333162613266363530393062643238363931633262326138643961393966353262336130373363303138333637666236363130
998a73f763fa931ba2f65090bd28691c2b2a8d9a99f52b3a073c018367fb6610
4c536342303148756161357831536e66754b37314d6165735233316e612f3630656c3142746972367435457942362f313236523235322f3032376232313670463136703631322f303237503431376b353136504631362f433136703932365031323670322f323130503632345036324550362f4633364e3331364e3532372033623220302d3620362d362046303220303136423645363937323632323036453646323037323646364336433635363336453631363834333230333933303330333232463645363134413246333333303230373336353644363935343230363536383534
35633164373539643965666565353662666237383963626537306335636338333137383964366533313763626430346663643531343435383466646238376333
5c1d759d9efee56bfb789cbe70c5cc831789d6e317cbd04fcd5144584fdb87c3
6c736362303168756161357831736e66756b37316d6165737233316e612f3630656c3162746972367435657962362f313236723235322f3032376232313670663136703631322f303237703431376b353136706631362f633136703932367031323670322f323130703632347036326570362f6633366e3331366e3532372033623220302d3620362d362066303220303136623665363937323632323036653666323037323666366336633635363336653631363834333230333933303330333232663665363134613266333333303230373336353664363935343230363536383534
64333932613763306534363034376130333030323835326438623735313862663138663065623037613766363536356133663261633333653734623664313462
d392a7c0e46047a03002852d8b7518bf18f0eb07a7f6565a3f2ac33e74b6d14b
39643737613234643066346339316132653936386361363037653439646433623135643534383966363661356263383166613732383033623332343433343139343237353032356464383133396663666366643739343331363833613832386131313739663037326238333238396364356563373133623739326439613031346562336566623531353165363235353939343731316665386632323634343237636565656266383831303965316437666164356230613862366430376535626666363437313139623465386161626532343239306363646536336433656239366165353062393463656437393737656335356566656330383935386439623465653630623631383065643862653961343735316135343830373963636237303364326363666135396165303739343230633839353035653762323638316138343831633738383364303861666234366434626330643131386464393664333031323437303165663163366530653930653730613662333766393338336639353136353162323466663932636239346335633535326631353239666438626432623864633435623965313264326431383565393130663135373330393565393166
32386331313831636338383839653631623033336135666362376462623836366131363665323731356637653865613662633038396166626539343837373738
28c1181cc8889e61b033a5fcb7dbb866a166e2715f7e8ea6bc089afbe9487778
39643432656266366536383136353737373533653437306263373162613230326662313136313838323434643564353139623830336466663066643835313465656430383932346331336536386138626166636239313966323561626539623439346132636635396532613436646335653963663934343237353462633536386437373139303161633035326361393431666363353464316631363033316538646538303138353237653638663236333739646439663439336132366433636339366438646438323434656262376433626433623861323739363033303132623135313163656165643232343864643537396565353063633730633434386630626662396661316535623966373238383463353966313965363662383130656461656336313261353332396537393037653064326263383931643737393465396431383163643766656332303065383566613565616435356338373065393732633735626566393561363130383031333061656330356233663133626237386230386537376635373332393236643935623239333330343464393037386436383833393533346130653539623161663965393139313462663465383435313166
39633436373762623962363730633233313432356131396137353666626430393234343130386531623936376130353064363165633537376139613135336536
9c4677bb9b670c231425a19a756fbd09244108e1b967a050d61ec577a9a153e6
536166656e657463617573616c69747942354b522f317235422f3252352f326231703170312f3250316b3150312f3170325032702f3150325032502f334e314e322062202d202d203020313078373336423645363136323230373236463636323037343735364636433639363136323230363436453646363336353733323036363646323036423645363937323632323036453646323037323646364336433635363336453631363834333230333933303330333232463645363134413246333333303230373336353644363935343230363536383534313131313048534d4c756e61
39313162383531373265396266643431666233313766326230656466643065613937333662363630373438626662623066303432613537393565656265336531
911b85172e9bfd41fb317f2b0edfd0ea9736b660748bfbb0f042a5795eebe3e1
736166656e657463617573616c69747962356b722f317235622f3272352f326231703170312f3270316b3170312f3170327032702f3170327032702f336e316e322062202d202d203020313078373336623665363136323230373236663636323037343735366636633639363136323230363436653666363336353733323036363666323036623665363937323632323036653666323037323666366336633635363336653631363834333230333933303330333232663665363134613266333333303230373336353664363935343230363536383534313131313068736d6c756e61
33613562663865653033333233373061396230616137306532623462646537653233373234386634366536313737623062663633386234626633323334316265
3a5bf8ee0332370a9b0aa70e2b4bde7e237248f46e6177b0bf638b4bf32341be
536166656e65742063617573616c6974792042354b522f317235422f3252352f326231703170312f3250316b3150312f3170325032702f3150325032502f334e314e322062202d202d203020312030783733364236453631363232303732364636363230373437353646364336393631363232303634364536463633363537333230363636463230364236453639373236323230364536463230373236463643364336353633364536313638343332303339333033303332324636453631344132463333333032303733363536443639353432303635363835342031313131302048534d204c756e61
61323464386563313661336537393436336465303564323036383630393133326335313330356461313433653336653862383664306635623436633732623336
a24d8ec16a3e79463de05d2068609132c51305da143e36e8b86d0f5b46c72b36
736166656e65742063617573616c6974792062356b722f317235622f3272352f326231703170312f3270316b3170312f3170327032702f3170327032702f336e316e322062202d202d203020312030783733366236653631363232303732366636363230373437353666366336393631363232303634366536663633363537333230363636663230366236653639373236323230366536663230373236663663366336353633366536313638343332303339333033303332326636653631346132663333333032303733363536643639353432303635363835342031313131302068736d206c756e61
39393765363239326239306436316439376136353137646435353337306235353638333662353230353433336339633031643630353162646466653132373732
997e6292b90d61d97a6517dd55370b556836b5205433c9c01d6051bddfe12772
536166656e65742d63617573616c6974792d42354b522f317235422f3252352f326231703170312f3250316b3150312f3170325032702f3150325032502f334e314e322062202d202d203020312d30783733364236453631363232303732364636363230373437353646364336393631363232303634364536463633363537333230363636463230364236453639373236323230364536463230373236463643364336353633364536313638343332303339333033303332324636453631344132463333333032303733363536443639353432303635363835342d31313131302d48534d2d4c756e61
38343339643838623962383834633137363636323737396130316463646165633632306661326639353561386566303565626635393163643233313335643734
8439d88b9b884c176662779a01dcdaec620fa2f955a8ef05ebf591cd23135d74
736166656e65742d63617573616c6974792d62356b722f317235622f3272352f326231703170312f3270316b3170312f3170327032702f3170327032702f336e316e322062202d202d203020312d30783733366236653631363232303732366636363230373437353666366336393631363232303634366536663633363537333230363636663230366236653639373236323230366536663230373236663663366336353633366536313638343332303339333033303332326636653631346132663333333032303733363536643639353432303635363835342d31313131302d68736d2d6c756e61
34623634333263303532666236663230646637626266343436336534323962386561353066613030373033353637323732393634303031636237636132666634
4b6432c052fb6f20df7bbf4463e429b8ea50fa00703567272964001cb7ca2ff4
536166656e65745f63617573616c6974795f42354b522f317235422f3252352f326231703170312f3250316b3150312f3170325032702f3150325032502f334e314e322062202d202d203020315f30783733364236453631363232303732364636363230373437353646364336393631363232303634364536463633363537333230363636463230364236453639373236323230364536463230373236463643364336353633364536313638343332303339333033303332324636453631344132463333333032303733363536443639353432303635363835345f31313131305f48534d5f4c756e61
31633332356138653030323563386331636638653730663932373937636633303331363231366537623135353530623233653062653363323335666435333765
1c325a8e0025c8c1cf8e70f92797cf30316216e7b15550b23e0be3c235fd537e
736166656e65745f63617573616c6974795f62356b722f317235622f3272352f326231703170312f3270316b3170312f3170327032702f3170327032702f336e316e322062202d202d203020315f30783733366236653631363232303732366636363230373437353666366336393631363232303634366536663633363537333230363636663230366236653639373236323230366536663230373236663663366336353633366536313638343332303339333033303332326636653631346132663333333032303733363536643639353432303635363835345f31313131305f68736d5f6c756e61
30616165303435376331656261323031326233303635343465336366653037393735306536613538326335343939306130633031316135653735373232656663
0aae0457c1eba2012b306544e3cfe079750e6a582c54990a0c011a5e75722efc
536166656e65743a63617573616c6974793a42354b522f317235422f3252352f326231703170312f3250316b3150312f3170325032702f3150325032502f334e314e322062202d202d203020313a30783733364236453631363232303732364636363230373437353646364336393631363232303634364536463633363537333230363636463230364236453639373236323230364536463230373236463643364336353633364536313638343332303339333033303332324636453631344132463333333032303733363536443639353432303635363835343a31313131303a48534d3a4c756e61
35623833623139326538343933353461333765386434373664313433346564333237333330336236613439316166383865376633643337613837646363646163
5b83b192e849354a37e8d476d1434ed3273303b6a491af88e7f3d37a87dccdac
736166656e65743a63617573616c6974793a62356b722f317235622f3272352f326231703170312f3270316b3170312f3170327032702f3170327032702f336e316e322062202d202d203020313a30783733366236653631363232303732366636363230373437353666366336393631363232303634366536663633363537333230363636663230366236653639373236323230366536663230373236663663366336353633366536313638343332303339333033303332326636653631346132663333333032303733363536643639353432303635363835343a31313131303a68736d3a6c756e61
61343464373065633862333830316566666138313132663165303137366239373561356162393366343634356330353831343533363933323338633231373638
a44d70ec8b3801effa8112f1e0176b975a5ab93f4645c0581453693238c21768
5363423031484c6161357831537566754b37314d6e6573523331616e612f3630656c3142746972367435457942362f313236523235322f3032376232313670463136703631322f303237503431376b353136504631362f433136703932365031323670322f323130503632345036324550362f4633364e3331364e3532372033623220302d3620362d362046303220303136423645363937323632323036453646323037323646364336433635363336453631363834333230333933303330333232463645363134413246333333303230373336353644363935343230363536383534
35646661343261643865353766656535336239303532373738333961666538393538633731366134386431313139383063323333666430343063306335303936
5dfa42ad8e57fee53b905277839afe8958c716a48d111980c233fd040c0c5096
7363623031686c6161357831737566756b37316d6e6573723331616e612f3630656c3162746972367435657962362f313236723235322f3032376232313670663136703631322f303237703431376b353136706631362f633136703932367031323670322f323130703632347036326570362f6633366e3331366e3532372033623220302d3620362d362066303220303136623665363937323632323036653666323037323666366336633635363336653631363834333230333933303330333232663665363134613266333333303230373336353664363935343230363536383534
63323233623730643431333238353363343266323838383637373062373035366534663836613764353735616263363835356431636232376435356466323533
c223b70d4132853c42f28886770b7056e4f86a7d575abc6855d1cb27d55df253
34323735303235646438313339666366636664373934333136383361383238613131373966303732623833323839636435656337313362373932643961303134656233656662353135316536323535393934373131666538663232363434323763656565626638383130396531643766616435623061386236643037653562666636343731313962346538616162653234323930636364653633643365623936616535306239346365643739373765633535656665633038393538643962346565363062363138306564386265396134373531613534383037396363623730336432636366613539616530373934323063383935303565376232363831613834383163373838336430386166623436643462633064313138646439366433303132343730316566316336653065393065373061366233376639333833663935313635316232346666393263623934633563353532663135323966643862643262386463343562396531326432643138356539313066313537333039356539316639643737613234643066346339316132653936386361363037653439646433623135643534383966363661356263383166613732383033623332343433343139
63663566356135636531323833376638356638656566303239313336656539313639313737356334333230636562346663383236633734396133643535343265
cf5f5a5ce12837f85f8eef029136ee91691775c4320ceb4fc826c749a3d5542e
34326562663665363831363539643735336534373062633731623737303266623131363138383234613235643531396238303364666634646438353134656564303839323066313365363861386261666362346339663235616265396234393439316366353965326134366463356132636639343432373534626335653964373731393031616330353236383934316663633534643166316361333165386465383031383532363036386632363337396464396637653361323664336363393664383439383234346562623764336264646438613237393630333031326233623131636561656432323438643135373965653530636337306334643566306266623966613165356234383732383834633539663139653966623831306564616563363132363633323965373930376530643261353839316437373934653964316263636437666563323030653835383135656164353563383730653966616337356265663935613631303732313330616563303562336631383062373862303865373766353733623932366439356232393333303332643930373864363838333935343461306535396231616639653933343134626634653834353131663139
65666234363833666161383862376438333637393532383561373132356434376564613164363431653963306433363166336134356263336533623739356433
efb4683faa88b7d836795285a7125d47eda1d641e9c0d361f3a45bc3e3b795d3
63617573616c69747942354b522f317235422f3252352f326231703170312f3250316b3150312f3170325032702f3150325032502f334e314e322062202d202d203020313078373336423645363136323230373236463636323037343735364636433639363136323230363436453646363336353733323036363646323036423645363937323632323036453646323037323646364336433635363336453631363834333230333933303330333232463645363134413246333333303230373336353644363935343230363536383534313131313048534d4c756e61536166656e6574
36356263356363326134656634323736396662343239326135323936333238303838323439383762373535313435653036613964383335343332376333313230
65bc5cc2a4ef42769fb4292a529632808824987b755145e06a9d8354327c3120
63617573616c69747962356b722f317235622f3272352f326231703170312f3270316b3170312f3170327032702f3170327032702f336e316e322062202d202d203020313078373336623665363136323230373236663636323037343735366636633639363136323230363436653666363336353733323036363666323036623665363937323632323036653666323037323666366336633635363336653631363834333230333933303330333232663665363134613266333333303230373336353664363935343230363536383534313131313068736d6c756e61736166656e6574
33333831626131313562633532646130663039623865313037353638393837663137363338626634306136376332393561653934393763663263373234663465
3381ba115bc52da0f09b8e107568987f17638bf40a67c295ae9497cf2c724f4e
63617573616c6974792042354b522f317235422f3252352f326231703170312f3250316b3150312f3170325032702f3150325032502f334e314e322062202d202d203020312030783733364236453631363232303732364636363230373437353646364336393631363232303634364536463633363537333230363636463230364236453639373236323230364536463230373236463643364336353633364536313638343332303339333033303332324636453631344132463333333032303733363536443639353432303635363835342031313131302048534d204c756e6120536166656e6574
32313766386532323238633362646663636632653731396662306666333564383638663032396634616439623439393637393534336362343761643931336366
217f8e2228c3bdfccf2e719fb0ff35d868f029f4ad9b499679543cb47ad913cf
63617573616c6974792062356b722f317235622f3272352f326231703170312f3270316b3170312f3170327032702f3170327032702f336e316e322062202d202d203020312030783733366236653631363232303732366636363230373437353666366336393631363232303634366536663633363537333230363636663230366236653639373236323230366536663230373236663663366336353633366536313638343332303339333033303332326636653631346132663333333032303733363536643639353432303635363835342031313131302068736d206c756e6120736166656e6574
38643135363937333630306330643863666365663636373838633463646636323066363562376635623431313861623134636138366566613937346232613836
8d156973600c0d8cfcef66788c4cdf620f65b7f5b4118ab14ca86efa974b2a86
63617573616c6974792d42354b522f317235422f3252352f326231703170312f3250316b3150312f3170325032702f3150325032502f334e314e322062202d202d203020312d30783733364236453631363232303732364636363230373437353646364336393631363232303634364536463633363537333230363636463230364236453639373236323230364536463230373236463643364336353633364536313638343332303339333033303332324636453631344132463333333032303733363536443639353432303635363835342d31313131302d48534d2d4c756e612d536166656e6574
34643162626630333733306536333366323830366464353431393130326162333463343063363562663963393963383366646636303634333532656164623032
4d1bbf03730e633f2806dd5419102ab34c40c65bf9c99c83fdf6064352eadb02
63617573616c6974792d62356b722f317235622f3272352f326231703170312f3270316b3170312f3170327032702f3170327032702f336e316e322062202d202d203020312d30783733366236653631363232303732366636363230373437353666366336393631363232303634366536663633363537333230363636663230366236653639373236323230366536663230373236663663366336353633366536313638343332303339333033303332326636653631346132663333333032303733363536643639353432303635363835342d31313131302d68736d2d6c756e612d736166656e6574
61633364393466636262656265366339613566653066313331643239323837303463376135353664643730363962393031393961666363616138666135653532
ac3d94fcbbebe6c9a5fe0f131d2928704c7a556dd7069b90199afccaa8fa5e52
63617573616c6974795f42354b522f317235422f3252352f326231703170312f3250316b3150312f3170325032702f3150325032502f334e314e322062202d202d203020315f30783733364236453631363232303732364636363230373437353646364336393631363232303634364536463633363537333230363636463230364236453639373236323230364536463230373236463643364336353633364536313638343332303339333033303332324636453631344132463333333032303733363536443639353432303635363835345f31313131305f48534d5f4c756e615f536166656e6574
38323636373834373165636165623937666631373861663833363364656262666435303039386664363038653561643932336164616466356333646336643130
826678471ecaeb97ff178af8363debbfd50098fd608e5ad923adadf5c3dc6d10
63617573616c6974795f62356b722f317235622f3272352f326231703170312f3270316b3170312f3170327032702f3170327032702f336e316e322062202d202d203020315f30783733366236653631363232303732366636363230373437353666366336393631363232303634366536663633363537333230363636663230366236653639373236323230366536663230373236663663366336353633366536313638343332303339333033303332326636653631346132663333333032303733363536643639353432303635363835345f31313131305f68736d5f6c756e615f736166656e6574
62366166313064326431323138396433616238326633303065396437333961666665366632313038643431366566323339326332343664313461343164656231
b6af10d2d12189d3ab82f300e9d739affe6f2108d416ef2392c246d14a41deb1
63617573616c6974793a42354b522f317235422f3252352f326231703170312f3250316b3150312f3170325032702f3150325032502f334e314e322062202d202d203020313a30783733364236453631363232303732364636363230373437353646364336393631363232303634364536463633363537333230363636463230364236453639373236323230364536463230373236463643364336353633364536313638343332303339333033303332324636453631344132463333333032303733363536443639353432303635363835343a31313131303a48534d3a4c756e613a536166656e6574
39633331346563396331343362333865653733313266383435303864393333303839363739653938643466613839653035643335326539613564616532393064
9c314ec9c143b38ee7312f84508d933089679e98d4fa89e05d352e9a5dae290d
63617573616c6974793a62356b722f317235622f3272352f326231703170312f3270316b3170312f3170327032702f3170327032702f336e316e322062202d202d203020313a30783733366236653631363232303732366636363230373437353666366336393631363232303634366536663633363537333230363636663230366236653639373236323230366536663230373236663663366336353633366536313638343332303339333033303332326636653631346132663333333032303733363536643639353432303635363835343a31313131303a68736d3a6c756e613a736166656e6574
37393334623137343737383065313836313561356630386135623462353439323131393464646638663832353063643762393461336266323165663261303436
7934b1747780e18615a5f08a5b4b54921194ddf8f8250cd7b94a3bf21ef2a046
63423031484c5361357831537561754b37314d6e66735233316165612f36306e6c314265697236747435457942362f313236523235322f3032376232313670463136703631322f303237503431376b353136504631362f433136703932365031323670322f323130503632345036324550362f4633364e3331364e3532372033623220302d3620362d362046303220303136423645363937323632323036453646323037323646364336433635363336453631363834333230333933303330333232463645363134413246333333303230373336353644363935343230363536383534
61363936636335626366663563303962623533656163633965336663363836643462333537396531356338643163333661336263323836666537663633393965
a696cc5bcff5c09bb53eacc9e3fc686d4b3579e15c8d1c36a3bc286fe7f6399e
63623031686c7361357831737561756b37316d6e66737233316165612f36306e6c316265697236747435657962362f313236723235322f3032376232313670663136703631322f303237703431376b353136706631362f633136703932367031323670322f323130703632347036326570362f6633366e3331366e3532372033623220302d3620362d362066303220303136623665363937323632323036653666323037323666366336633635363336653631363834333230333933303330333232663665363134613266333333303230373336353664363935343230363536383534
66326466323039333435386234386130656231393137616533346161643766666230333534656362373833383433323837623338343735393738656663373636
f2df2093458b48a0eb1917ae34aad7ffb0354ecb783843287b38475978efc766
65623365666235313531653632353539393437313166653866323236343432376365656562663838313039653164376661643562306138623664303765356266663634373131396234653861616265323432393063636465363364336562393661653530623934636564373937376563353565666563303839353864396234656536306236313830656438626539613437353161353438303739636362373033643263636661353961653037393432306338393530356537623236383161383438316337383833643038616662343664346263306431313864643936643330313234373031656631633665306539306537306136623337663933383366393531363531623234666639326362393463356335353266313532396664386264326238646334356239653132643264313835653931306631353733303935653931663964373761323464306634633931613265393638636136303765343964643362313564353438396636366135626338316661373238303362333234343334313934323735303235646438313339666366636664373934333136383361383238613131373966303732623833323839636435656337313362373932643961303134
31656630363561303837646530653065613237336431613734643937393862636466333762313662333664636438313166643239323963623164663638376636
1ef065a087de0e0ea273d1a74d9798bcdf37b16b36dcd811fd2929cb1df687f6
65626636653638313635396434323365343730626337316237373735666231313631383832346132303235313962383033646666346435643531346565643038393230666438653638613862616663623463313332356162653962343934393139663539653261343664633561326366393434323735346263356539636637313930316163303532363864373166636335346431663163613934653864653830313835323630333166323633373964643966376536383236643363633936643834393361343465626237643362646464383232373936303330313262336238616365616564323234386431353131656535306363373063346435373962666239666131653562343866303838346335396631396539663732313065646165633631323636623839653739303765306432613533323164373739346539643162633839376665633230306538353831636461643535633837306539666135653562656639356136313037326337306165633035623366313830313338623038653737663537336262373664393562323933333033323932303738643638383339353434643965353962316166396539333461306266346538343531316631393134
65386433643235356563343736326665663665396266376664663566666165313630386437336531343136353836346536633964613035663863303065383962
e8d3d255ec4762fef6e9bf7fdf5ffae1608d73e14165864e6c9da05f8c00e89b
44484d50425657
65373166313636633235663932393330643834613737366538373137383764623233306239336230616466313966306639336138633838336137306132396432
e71f166c25f92930d84a776e871787db230b93b0adf19f0f93a8c883a70a29d2
64686d70627677
35316265643430363463393934316237376563383631393932323134336335393631366332623437316363343030666239313563663931366139343862643263
51bed4064c9941b77ec8619922143c59616c2b471cc400fb915cf916a948bd2c
43474c4f415556
37653161313734346132383065323837653430643933313662613764363963613830346330633363333961346239333133666634303539643535613238616535
7e1a1744a280e287e40d9316ba7d69ca804c0c3c39a4b9313ff4059d55a28ae5
63676c6f617576
35363832396236376534633065646263613335626262613630383639663130623438323437323465666562616239336263396631333335653731383632306636
56829b67e4c0edbca35bbba60869f10b4824724efebab93bc9f1335e718620f6
2d3233372d34302d31312d32352d352d34
61613964613333303761386231346564373136303438346433316332336537373833323261303538353631616363366430373066333835616139346361383434
aa9da3307a8b14ed7160484d31c23e778322a058561acc6d070f385aa94ca844
575642504d4844
66343837663662323734653466656539643164396234356239636339333838663239633033333032383739376130396530386136613838373265303564376533
f487f6b274e4fee9d1d9b45b9cc9388f29c033028797a09e08a6a8872e05d7e3
777662706d6864
38353965393233636435363064663033363033333263393539363966626439666638333665336438633634663266623461313131626537326262303062623737
859e923cd560df0360332c95969fbd9ff836e3d8c64f2fb4a111be72bb00bb77
5655414f4c4743
63323339373661373966666633633837353432396565653733316336623530356231333936353935393265613131346633393966376334613962383430616539
c23976a79fff3c875429eee731c6b505b139659592ea114f399f7c4a9b840ae9
7675616f6c6763
65336166643936353762343962666561653530373334303138336538656663363435393365343632376663636566616166396333333734333932663938346663
e3afd9657b49bfeae507340183e8efc64593e4627fccefaaf9c3374392f984fc
2d342d352d32352d31312d3430372d3233
33373839643463326130653365393632363966326463383932636164336530633636383761383333653766303761333231633266303562366665636332313461
3789d4c2a0e3e96269f2dc892cad3e0c6687a833e7f07a321c2f05b6fecc214a
58544f4c5a4645
34373566613131363533303861326334336132353636353739633465363030396661333663626534613530313264666164356238363566663537383965363238
475fa1165308a2c43a2566579c4e6009fa36cbe4a5012dfad5b865ff5789e628
78746f6c7a6665
66343339626439366334373730303334373461336365393764396339343339653734623062326436303034663937646462343235373963353638656131383966
f439bd96c477003474a3ce97d9c9439e74b0b2d6004f97ddb42579c568ea189f
57534e4b594544
33646232623832643638316332663565356335356238363130306563643432663237333139633666373464623665383564346632306532363431316533646639
3db2b82d681c2f5e5c55b86100ecd42f27319c6f74db6e85d4f20e26411e3df9
77736e6b796564
37313739356136646437363164643832376436383564373134393361373331663035396330306130303439656264333964656265616562396331396562633065
71795a6dd761dd827d685d71493a731f059c00a0049ebd39debeaeb9c19ebc0e
32332d373430313132353534
62343931316331363861303762653364633163363539616538306333323666666534366630373061376233626335643463626333396535346664656265663064
b4911c168a07be3dc1c659ae80c326ffe46f070a7b3bc5d4cbc39e54fdebef0d
45465a4c4f5458
35323831376633346164383464333765373231363135333433363538626130356335363733323361336161326231343361323139306463356262653065343639
52817f34ad84d37e721615343658ba05c567323a3aa2b143a2190dc5bbe0e469
65667a6c6f7478
62336131366162613830666331643638653330376461323931333934393633633833386336643833653133376162623766333533326666353566343863613464
b3a16aba80fc1d68e307da291394963c838c6d83e137abb7f3532ff55f48ca4d
4445594b4e5357
63636134356564646164626236343365616230313235326133393331306365346465363936303162626230336666643036636335313861343566623932383639
cca45eddadbb643eab01252a39310ce4de69601bbb03ffd06cc518a45fb92869
6465796b6e7377
31396462373936306563373436363032616132363639376436643934383837386638666663313434346134326130356634626432323263393561396666333433
19db7960ec746602aa26697d6d948878f8ffc1444a42a05f4bd222c95a9ff343
34353235313134302d373233
65653664636235366539623865366239363236363136663165653338656330313138643638316230616537613361643237363563643863323261356137393537
ee6dcb56e9b8e6b9626616f1ee38ec0118d681b0ae7a3ad2765cd8c22a5a7957
58484f4c5a4645
63623834643862353232346538636630653537303361376337316362313962373763656236363233653231323836666637323162383637616330313833653461
cb84d8b5224e8cf0e5703a7c71cb19b77ceb6623e21286ff721b867ac0183e4a
78686f6c7a6665
66356339363434616135643734313637373038656134343930323535636539646130306366306462316264393961326535333533663138303065343864396566
f5c9644aa5d74167708ea4490255ce9da00cf0db1bd99a2e5353f1800e48d9ef
57474e4b594544
65366666386331623634346339666664363061303734333162366162346139373133376666333835653238373066643232323961323062373734666565333536
e6ff8c1b644c9ffd60a07431b6ab4a97137ff385e2870fd2229a20b774fee356
77676e6b796564
38643564313530336432343730333038656666656439353664656532656661646234616235316431356662373261633337373638656537623439343034383963
8d5d1503d2470308effed956dee2efadb4ab51d15fb72ac37768ee7b4940489c
3233373430313132353534
31623366643666303533653735353363373035323734336465373936353261376266313734393565393438323362623763633830343063346535613162616466
1b3fd6f053e7553c7052743de79652a7bf17495e94823bb7cc8040c4e5a1badf
45465a4c4f4858
61386662336563343461333737653437646532366261353263326136636330336234336634353364303233663466356131393963626134626261396637383839
a8fb3ec44a377e47de26ba52c2a6cc03b43f453d023f4f5a199cba4bba9f7889
65667a6c6f6878
36323465613836326661623863613266393335366235643961353337376333643431386464663930306534356531366338613937346333636665373366336337
624ea862fab8ca2f9356b5d9a5377c3d418ddf900e45e16c8a974c3cfe73f3c7
4445594b4e4757
37323963363462303135393564653938396663316338303030653662303461636165343430396161633534306437336533666461646666653635653438623061
729c64b01595de989fc1c8000e6b04acae4409aac540d73e3fdadffe65e48b0a
6465796b6e6777
31396164346362313166383963653431643638303336613739323764643661383633623836646432653835663030306134376539383233653564333165356131
19ad4cb11f89ce41d68036a7927dd6a863b86dd2e85f000a47e9823e5d31e5a1
3435323531313430373233
65646462306235383963666264396333396234643661333034366134303333353063376439316130643866373539633061346163373463383737643734303762
eddb0b589cfbd9c39b4d6a3046a403350c7d91a0d8f759c0a4ac74c877d7407b
50564b484c4e47
65653264376231663435326333393535383436626538393861393962656438343836313366336561333463353830303330383863396536616265346331383638
ee2d7b1f452c3955846be898a99bed848613f3ea34c58003088c9e6abe4c1868
70766b686c6e67
63633464653362623632653661386161633532383930333032613761653131383863663963376331363264396534666664323130663133353935383962336630
cc4de3bb62e6a8aac52890302a7ae1188cf9c7c162d9e4ffd210f1359589b3f0
4f554a474b4d46
32393033613330396533333132633162336137313635353636616465333435613937333966616461363963666336666539623830323761656633656131373035
2903a309e3312c1b3a7165566ade345a9739fada69cfc6fe9b8027aef3ea1705
6f756a676b6d66
31333831396636616362383566646538656262356438623035613933376234373039633261386263313636623933373361636465393439613364333163363465
13819f6acb85fde8ebb5d8b05a937b4709c2a8bc166b9373acde949a3d31c64e
333739343131333734343233343031343239343438
61613732333637383261343265353864303135363062313861336466306639666561366161386235306337373031333431613562393933333834313065613237
aa7236782a42e58d01560b18a3df0f9fea6aa8b50c7701341a5b99338410ea27
474e4c484b5650
36383532303563646634333561366664356564623635626438353165363834613762626538636163666539653732363736366333643132363239313538316434
685205cdf435a6fd5edb65bd851e684a7bbe8cacfe9e726766c3d126291581d4
676e6c686b7670
31636339666263626334316165303939376166636638613034376638386437363432353462396665346630633231333662663332303265636432326231303763
1cc9fbcbc41ae0997afcf8a047f88d764254b9fe4f0c2136bf3202ecd22b107c
464d4b474a554f
65646633393466333861373161646466343838353439613938393039393164313237646337356233363538653233656538346565326362333734386134626363
edf394f38a71addf488549a9890991d127dc75b3658e23ee84ee2cb3748a4bcc
666d6b676a756f
33313065396439323062386133316666643436623430363066313035383964323931663765386232393865313232386534613539323632316439353863353039
310e9d920b8a31ffd46b4060f10589d291f7e8b298e1228e4a592621d958c509
343438343239343031343233333734343131333739
61653237363730636538353535653362306264366533303061616162333139356139663861353738633437333537626663306535323732393162656639333932
ae27670ce8555e3b0bd6e300aaab3195a9f8a578c47357bfc0e527291bef9392
54424158424e49
39396461663164343061306238353438386662373930356264313961366532333831363362333737376539323965313030353263626533393464393233646364
99daf1d40a0b85488fb7905bd19a6e238163b3777e929e10052cbe394d923dcd
74626178626e69
65656363393637636461653337386262653535613133396639313964356232306564666431386234323730633334316462626666306432326562623766383736
eecc967cdae378bbe55a139f919d5b20edfd18b4270c341dbbff0d22ebb7f876
53415a57414d48
66353566396435383165326437366665386339343931653934333033613766316331646634623432643239316530333566373535366637326637336365643736
f55f9d581e2d76fe8c9491e94303a7f1c1df4b42d291e035f7556f72f73ced76
73617a77616d68
39633234363639323339393035653634363433653561353465366337646166323632646231373664626434656263303762653861366433636337336161633136
9c24669239905e64643e5a54e6c7daf262db176dbd4ebc07be8a6d3cc73aac16
3132333237313034323331303531333630
31306134636535366336383766346439333166353230346532393230323933393439346131373532663165333139653764393739646533393066336530653931
10a4ce56c687f4d931f5204e29202939494a1752f1e319e7d979de390f3e0e91
494e4258414254
31306137653563383665613461643637326433646635373462383936653363313131393361363936653466656138626537363637333463373339333933353565
10a7e5c86ea4ad672d3df574b896e3c11193a696e4fea8be766734c73939355e
696e6278616274
35346364316262656534386637636231333034303166643534613365363332633333336366633034373832373538333531303033636432666435366235613231
54cd1bbee48f7cb130401fd54a3e632c333cfc04782758351003cd2fd56b5a21
484d41575a4153
61343837356436346361653933346339306232343938383230323061333238373961303837393035636462386630396634346433616332376234366236616533
a4875d64cae934c90b249882020a32879a087905cdb8f09f44d3ac27b46b6ae3
686d61777a6173
65363735363963643861626333326636316365666361666161393664376134303439383036333761326535623837353563303539633038633764323863386636
e67569cd8abc32f61cefcafaa96d7a404980637a2e5b8755c059c08c7d28c8f6
3630313331303532333130343237313233
38643736373364643165386563376438613133303439636232306163646263623865613939336233333963323434623233626635366465666366373262393739
8d7673dd1e8ec7d8a13049cb20acdbcb8ea993b339c244b23bf56defcf72b979
594b465353414d
64633533643764353536393430373266383939376538333535396364386334303663323763643365313433383061323537326538313234643135346637663238
dc53d7d55694072f8997e83559cd8c406c27cd3e14380a2572e8124d154f7f28
796b667373616d
30343831663333373339316532343664636265383562343537356464646263376637623336643031366166616166343235393863306438333966373839353536
0481f337391e246dcbe85b4575dddbc7f7b36d016afaaf42598c0d839f789556
584a4552525a4c
36383230616433366532353265613763623537613665666131363264326230333232646564353537656533653531333436636436653632316531303732346532
6820ad36e252ea7cb57a6efa162d2b0322ded557ee3e51346cd6e621e10724e2
786a6572727a6c
33363136616237623034343937636134336366623062656466393937303939346132363064396263393665323561326532336165353163343933626436643866
3616ab7b04497ca43cfb0bedf9970994a260d9bc96e25a2e23ae51c493bd6d8f
313238313932313335323030313438323038313934
37373163396333323864343463303239386361626562386630633334393163393537663830346563346239366638636139373030653261663230346431646137
771c9c328d44c0298cabeb8f0c3491c957f804ec4b96f8ca9700e2af204d1da7
4d415353464b59
61643431646531303731656337616635626339616632666537303063393231326262633266313762323031373164373038656638353939616533363433623461
ad41de1071ec7af5bc9af2fe700c9212bbc2f17b20171d708ef8599ae3643b4a
6d617373666b79
34616539613464376536393464393933373632373966393432356133386233303435313435353839633033653439623366346163333662316361643937363235
4ae9a4d7e694d99376279f9425a38b3045145589c03e49b3f4ac36b1cad97625
4c5a5252454a58
30333364616633326562376666363930623862383739653034393363343433343538373833373337623662353236363030313934383662353132643462356162
033daf32eb7ff690b8b879e0493c443458783737b6b52660019486b512d4b5ab
6c7a7272656a78
66343066316563373733333166663637366166303964396366363266383566653964346334373839313835346562333232303832653466346638333036646263
f40f1ec77331ff676af09d9cf62f85fe9d4c47891854eb322082e4f4f8306dbc
313934323038313438323030313335313932313238
35386163336133633331656632663761373161373033636339653863343939353234386539306439376130613465383765346136383666343164663838663965
58ac3a3c31ef2f7a71a703cc9e8c4995248e90d97a0a4e87e4a686f41df88f9e
524c4650544e55
31313363393334646130363366376536346134626265396630306635313931333537376237653139386562363939313834656331326431343039343563666134
113c934da063f7e64a4bbe9f00f51913577b7e198eb699184ec12d140945cfa4
726c6670746e75
61323032323464323139356363383661333862306362663565636566646238313535396133663832643532646463303461383531346163393739656332643963
a20224d2195cc86a38b0cbf5ecefdb81559a3f82d52ddc04a8514ac979ec2d9c
514b454f534d54
36396639643736313062326237653037623661343662313064646236373436623663663863353162383730316431363966316262656632386538633962616462
69f9d7610b2b7e07b6a46b10ddb6746b6cf8c51b8701d169f1bbef28e8c9badb
716b656f736d74
33376331313633663133353063306164373836356666323932646434316334306235663330633966623263656235383733353136656136383133383135646338
37c1163f1350c0ad7865ff292dd41c40b5f30c9fb2ceb5873516ea6813815dc8
323531323139323339323233323533323231323534
65656366306162393236373538393939396266343031316262363838336165396263613065616661333537643065373831363231313462346232346236613735
eecf0ab9267589999bf4011bb6883ae9bca0eafa357d0e78162114b4b24b6a75
554e5450464c52
33343838303738646237356464643036646530636263323235303133323665383466313636653466353933353861636533323064373664393063623035313431
3488078db75ddd06de0cbc22501326e84f166e4f59358ace320d76d90cb05141
756e7470666c72
65343462353065656439323031303963346461386566613466643063383364386663313931303764656130643435383064333133646439373138643364383532
e44b50eed920109c4da8efa4fd0c83d8fc19107dea0d4580d313dd9718d3d852
544d534f454b51
32366636353430373234643839663439613237626139643636306362356661663761363033636538393834666632386239666462626161653065613136653563
26f6540724d89f49a27ba9d660cb5faf7a603ce8984ff28b9fdbbaae0ea16e5c
746d736f656b71
34666333643766393832626366663336626532363039366632333330353764383736613338326432343334353334366338326563373335663834633338653730
4fc3d7f982bcff36be26096f233057d876a382d24345346c82ec735f84c38e70
323534323231323533323233323339323139323531
35366231633664653139363839626133616434336238616137386564306361366161636561663339646237653661656634656133663661393135653230623232
56b1c6de19689ba3ad43b8aa78ed0ca6aaceaf39db7e6aef4ea3f6a915e20b22
5846584c44504e
30663063666230393332633332333139646230393532323434633233653931666534306461646631303931366334313935393831353461623664363434366264
0f0cfb0932c32319db0952244c23e91fe40dadf10916c419598154ab6d6446bd
7866786c64706e
66663136633335663738333531383135343035313063653538656361303362316463633733363535313932383235333063636631643966326534396437383432
ff16c35f7835181540510ce58eca03b1dcc7365519282530ccf1d9f2e49d7842
5745574b434f4d
36666536306433393335646132316564323662623962323130616630386238643864646265656132363831663365343166343436636337323431656430613338
6fe60d3935da21ed26bb9b210af08b8d8ddbeea2681f3e41f446cc7241ed0a38
7765776b636f6d
30353535636363393338626333373064393730313935376532333330313031313836303138613365393866373132373165653262383833646635396434626262
0555ccc938bc370d9701957e2330101186018a3e98f71271ee2b883df59d4bbb
32332d34372d332d3135323931352d3133
39353466386239396439333737633366336534353634373862653332316639613665623566316431333634396462633537346637336337623934353833376661
954f8b99d9377c3f3e456478be321f9a6eb5f1d13649dbc574f73c7b945837fa
4e50444c584658
37336131393061656330363638356132653361633032356536636631326534396636666235386564393435663639656232373363303437643364636335666664
73a190aec06685a2e3ac025e6cf12e49f6fb58ed945f69eb273c047d3dcc5ffd
6e70646c786678
66646564373863323038633662653030303439663264303365623732623132396430656235373137663862376166393830333665373563366433393064633930
fded78c208c6be00049f2d03eb72b129d0eb5717f8b7af98036e75c6d390dc90
4d4f434b574557
66663235336133623162666261386439376334316435613230393734373663653438376439323439303234613861633637613433663938616233333938623133
ff253a3b1bfba8d97c41d5a2097476ce487d9249024a8ac67a43f98ab3398b13
6d6f636b776577
38373232653037626335333039356662633437343030626566323138373833643637306465646238313731326633653931313433316234373636333532376332
8722e07bc53095fbc47400bef218783d670dedb81712f3e911431b47663527c2
2d3133313532392d31352d332d34373233
66393664346139353964366138616165346337623461333132316431653937336130353236336562336432336261646636666266333731633263363733383430
f96d4a959d6a8aae4c7b4a3121d1e973a05263eb3d23badf6fbf371c2c673840
44564450584c4e
66653861623664373230643766633336313435643561326438626161333337366136663136613638306264633238613163346235303335623231636532323236
fe8ab6d720d7fc36145d5a2d8baa3376a6f16a680bdc28a1c4b5035b21ce2226
64766470786c6e
64313637616439656566323864323832353330336432616661636665383366376531646163313730373161393633383939343739366165323132653830633536
d167ad9eef28d2825303d2afacfe83f7e1dac17071a9638994796ae212e80c56
4355434f574b4d
35353838376133393339646138343336656532613536613639646164393533663461393066326531376338303932356637633463313135363839636435396231
55887a3939da8436ee2a56a69dad953f4a90f2e17c80925f7c4c115689cd59b1
6375636f776b6d
36386462626338613430643134663131633366643739333231313730303966643333656535323536616637303865653965303030303933646565393438323737
68dbbc8a40d14f11c3fd7932117009fd33ee5256af708ee9e000093dee948277
2d323334373331352d32392d31353133
37363263396563666666346330653732666131623738373762396532303064653339613938623665623164373432353362333565376532636332303761336630
762c9ecfff4c0e72fa1b7877b9e200de39a98b6eb1d74253b35e7e2cc207a3f0
4e4c5850445644
31616566373930363166643933656435636435616539613637313663313365346135376132316139323533343231353535386133623632373730313832343335
1aef79061fd93ed5cd5ae9a6716c13e4a57a21a92534215558a3b62770182435
6e6c7870647664
66663363626331636334356635656362613630393432653938333137323365386535333234393536313363363437396265616135643337623035316165306239
ff3cbc1cc45f5ecba60942e9831723e8e532495613c6479beaa5d37b051ae0b9
4d4b574f435543
35663064323933316362393436323034326136343835363030626537366637393765363133343431626237333938383330613836313361313937343739326664
5f0d2931cb9462042a6485600be76f797e613441bb7398830a8613a1974792fd
6d6b776f637563
38613939303833653139303233613062383965393933336235356361663638663132396137666236643138666136663931303133343630393337613936653230
8a99083e19023a0b89e9933b55caf68f129a7fb6d18fa6f91013460937a96e20
31332d31352d323931353334372d3233
33623335613435313265653731633338333337643133303666363234653462383634366639663130363937343639376232626466373737383439646133653162
3b35a4512ee71c38337d1306f624e4b8646f9f106974697b2bdf777849da3e1b
5856445044504e
66366165373062363931663966346535626232623866613233633330323065313730363734633034646238623735643763376435383435316332636338346562
f6ae70b691f9f4e5bb2b8fa23c3020e170674c04db8b75d7c7d58451c2cc84eb
7876647064706e
37623865376230613066383039366562346136386136383531643237623765623566373634313535353134306636383639636562626435303633353239303632
7b8e7b0a0f8096eb4a68a6851d27b7eb5f7641555140f6869cebbd5063529062
5755434f434f4d
65313964643039643563366135396534376634353566366361386632393165653366313439613030613566303262613630643561393237353662373833373839
e19dd09d5c6a59e47f455f6ca8f291ee3f149a00a5f02ba60d5a92756b783789
7775636f636f6d
37316264643435616261356632623936333561663065323637636462663863656339363831643938376536383763653239306536383237613934363637393131
71bdd45aba5f2b9635af0e267cdbf8cec9681d987e687ce290e6827a94667911
32333437333135323931353133
37643463393435633636336332383533346366643163346532373831643463666537353636633037653366363734313262373734326234663665633664383337
7d4c945c663c28534cfd1c4e2781d4cfe7566c07e3f67412b7742b4f6ec6d837
4e504450445658
65393235336131336534306263353466633437343833376464326365313861343733326636343139383966303266643764316564393365313062306434383238
e9253a13e40bc54fc474837dd2ce18a4732f641989f02fd7d1ed93e10b0d4828
6e706470647678
38666439326434346565336337643431613733306139656638303764373762623266623663356661623130343039626365656339333332633939626363383930
8fd92d44ee3c7d41a730a9ef807d77bb2fb6c5fab10409bceec9332c99bcc890
4d4f434f435557
35626563353832356538376662313837323664326336353836653938383536306233616262323931366663323531623863386538373039383336653563663037
5bec5825e87fb18726d2c6586e988560b3abb2916fc251b8c8e8709836e5cf07
6d6f636f637577
36626639333662356333343331323966653061656466306637663366643638383138376464363231373833386334373961663163626461356462313131383836
6bf936b5c343129fe0aedf0f7f3fd688187dd6217838c479af1cbda5db111886
31333135323931353334373233
31633439613731363130303238623536636434306161333936356162343230346565323930383363643831356563353732643131633932656466363932303230
1c49a71610028b56cd40aa3965ab4204ee29083cd815ec572d11c92edf692020
50525a4e504458
38303766383931303863386436626531626330306638656661653961356539623631346430316137313666333136326663626165663162393030613837333236
807f89108c8d6be1bc00f8efae9a5e9b614d01a716f3162fcbaef1b900a87326
70727a6e706478
37383163616333393865326662373636383232303336303135306430646530623665633434376362316639653838323364386433663031326530313135623065
781cac398e2fb7668220360150d0de0b6ec447cb1f9e8823d8d3f012e0115b0e
4f51594d4f4357
66396466656336646137303133656530623362643533373839353165376263623065623132636239363930333231323335663762663165333635373438316165
f9dfec6da7013ee0b3bd5378951e7bcb0eb12cb9690321235f7bf1e3657481ae
6f71796d6f6377
66393435393230623333646636623262393361356338626264643535303034346461323066363136333137633861663639393066643865326231366239616464
f945920b33df6b2b93a5c8bbdd550044da20f616317c8af6990fd8e2b16b9add
333739333831343135343239343035343139343339
62353663343762303763333763303539376336376234323036623463656336373937363966623032666436323232613439666361363262623933386234626466
b56c47b07c37c0597c67b4206b4cec679769fb02fd6222a49fca62bb938b4bdf
5844504e5a5250
32613861373564613164336138366330666336643165323466616630646638303339653262306131353036623161616461393333366365313838316430366365
2a8a75da1d3a86c0fc6d1e24faf0df8039e2b0a1506b1aada9336ce1881d06ce
7864706e7a7270
34396431333230643533343564626431643061383235336139656635333161366634626665353464666635333730353232386536663034346264316364643164
49d1320d5345dbd1d0a8253a9ef531a6f4bfe54dff53705228e6f044bd1cdd1d
57434f4d59514f
35333362336536623934373034323735656666633065313133626536653064333261363866366630313838323930626566363435316137623635313139616138
533b3e6b94704275effc0e113be6e0d32a68f6f0188290bef6451a7b65119aa8
77636f6d79716f
31303035626664313932386264633163396538363037646632383734636461383062393038646437343831313262653439303130313035343236643066393636
1005bfd1928bdc1c9e8607df2874cda80b908dd748112be49010105426d0f966
343339343139343035343239343135333831333739
38386163343832613163656436303230653532353337336265333135646237363837326636643837306663633830343935376431383031656664633865373239
88ac482a1ced6020e525373be315db76872f6d870fcc804957d1801efdc8e729
544a4652585444
36396537333461366138326132333436613734346234376465623537306130343439333336636365376464336235663835343162643332626263313635356630
69e734a6a82a2346a744b47deb570a0449336cce7dd3b5f8541bd32bbc1655f0
746a6672787464
65393266343064353437633039303138636538646230383332616238363532623036353536376431323266633463323338313566346665326366363432343431
e92f40d547c09018ce8db0832ab8652b065567d122fc4c23815f4fe2cf642441
53494551575343
35636338613937323433656337376632653537663230633533383435656136346634316533616337396263666364376533353664613631663737333036633963
5cc8a97243ec77f2e57f20c53845ea64f41e3ac79bcfcd7e356da61f77306c9c
73696571777363
64333230353837623936376535643934323562313233313732383139653466323562303535356436626530663630366464656566346636316333653735393064
d320587b967e5d9425b123172819e4f25b0555d6be0f606ddeef4f61c3e7590d
3132333131333331313731303131393535
30633666313462306462346565363561326234346234633062353233336365363536343636653434313137343838393933656635666466376266633736363566
0c6f14b0db4ee65a2b44b4c0b5233ce656466e44117488993ef5fdf7bfc7665f
44545852464a54
64663030366330396466613063303530306133353234633562396231616437303965663235663639653364666161373532653730623239636262643839613266
df006c09dfa0c0500a3524c5b9b1ad709ef25f69e3dfaa752e70b29cbbd89a2f
64747872666a74
30303734353665623732383462376462633666303532643834343563303831356137343937363131393631666366383762623633326330616538336434643566
007456eb7284b7dbc6f052d8445c0815a7497611961fcf87bb632c0ae83d4d5f
43535751454953
32616661613135393639353463336439323438626566333361323431306431373065393262656632353138663161363931366364636161346538363834653133
2afaa1596954c3d9248bef33a2410d170e92bef2518f1a6916cdcaa4e8684e13
63737771656973
61373639623966663861353132623638343563373233393461633164396430323633633261613139356536303066303435326137663036373265303266316364
a769b9ff8a512b6845c72394ac1d9d0263c2aa195e600f0452a7f0672e02f1cd
3535313931303131373331313133313233
33323465333137643633623263313030643762386161356163663734373536336534653238316663383836303563616563313964373062306234656634376338
324e317d63b2c100d7b8aa5acf747563e4e281fc88605caec19d70b0b4ef47c8
59454b5957534b
33353238333134316465633632333031323763393936316366343036663762663337346161383861633636363136623964663433323964373463376535343230
35283141dec6230127c9961cf406f7bf374aa88ac66616b9df4329d74c7e5420
79656b7977736b
33633830333635613833356635646131633264366565623162646263613763653432653135393139653563313539363431343761663461346464303238356634
3c80365a835f5da1c2d6eeb1bdbca7ce42e15919e5c15964147af4a4dd0285f4
58444a5856524a
39306233636662333135373539656239383937633461313266653130316162663331636663633566313033323130343735353731363539323937663531336361
90b3cfb315759eb9897c4a12fe101abf31cfcc5f103210475571659297f513ca
78646a7876726a
37653633623938663233313639316366623262633935653931643337343039383865323432303231643932663863613136323336643332656361653134333666
7e63b98f231691cfb2bc95e91d3740988e242021d92f8ca16236d32ecae1436f
313238313334313932323036313532323030313932
36336337343066643166653136656166633533653361656635313239656566393561326362623937336633616638663839376363623638613034386431656463
63c740fd1fe16eafc53e3aef5129eef95a2cbb973f3af8f897ccb68a048d1edc
4b5357594b4559
64663736653532613266333663646462393030633566373135386239623935663964393830623661626133393130316139343963643731376330646334656136
df76e52a2f36cddb900c5f7158b9b95f9d980b6aba39101a949cd717c0dc4ea6
6b7377796b6579
66393930383838373733343337663639306662353265373933306531356438353564366333313837373933636662353265363137393430336632343661313135
f990888773437f690fb52e7930e15d855d6c3187793cfb52e6179403f246a115
4a5256584a4458
31376365393137343962646265383133363465643838626337363164323831363063616431383865346666386261623136623361313531633738636137333266
17ce91749bdbe81364ed88bc761d28160cad188e4ff8bab16b3a151c78ca732f
6a7276786a6478
33316439393734363532623135323662306661643438393038383032636331376230313737646337303430326437373236663733663932313635353735633062
31d9974652b1526b0fad48908802cc17b0177dc70402d7726f73f92165575c0b
313932323030313532323036313932313334313238
33643135396366303035303764383431616435326263383663353734346330343661386238663939366262316633396164316363313962323365356133643165
3d159cf00507d841ad52bc86c5744c046a8b8f996bb1f39ad1cc19b23e5a3d1e
524e5050544c4e
32623365343133666462323837613433376534343735316433303631363263656138333736663439663136646432363361356461356663303665346234613662
2b3e413fdb287a437e44751d306162cea8376f49f16dd263a5da5fc06e4b4a6b
726e7070746c6e
64663666386638623330333261333866333139346333333938363933396234383963623735613166666464303863343438666237373861373164646366386139
df6f8f8b3032a38f3194c33986939b489cb75a1ffdd08c448fb778a71ddcf8a9
514d4f4f534b4d
30323561656464363966373838363562313835336564333862336132383166653536613662653761313635656564353434613338653665653638616463326231
025aedd69f78865b1853ed38b3a281fe56a6be7a165eed544a38e6ee68adc2b1
716d6f6f736b6d
32663366326633346532653831353834323263616132623433373031393265663236323839313463323139613438346337366565343564333032336334306338
2f3f2f34e2e8158422caa2b4370192ef2628914c219a484c76ee45d3023c40c8
323531323437323233323233323533323139323437
35613534656266343537326163663330666662666331366637636361313431373035393932623530636639386462393434346433663739316164666165376331
5a54ebf4572acf30ffbfc16f7cca141705992b50cf98db9444d3f791adfae7c1
4e4c5450504e52
35303462373866653033363237376130646231303330356434643135636432313066616261646536616438616139383139383931653461643633323337653863
504b78fe036277a0db10305d4d15cd210fabade6ad8aa9819891e4ad63237e8c
6e6c7470706e72
38663466383634383738643938343635636636333061356134613439383162326434626432306263616464666230376361623135323336396237343966373032
8f4f864878d98465cf630a5a4a4981b2d4bd20bcaddfb07cab152369b749f702
4d4b534f4f4d51
38343139646230326136626637363562326164333634326230303866343437353635643233396263633137306162363535656565326630353534326465353764
8419db02a6bf765b2ad3642b008f447565d239bcc170ab655eee2f05542de57d
6d6b736f6f6d71
62396134613335383663336561666466636634323563383435623239326231313434356232393233346638383432633139613930646136326535666561393233
b9a4a3586c3eafdfcf425c845b292b11445b29234f8842c19a90da62e5fea923
323437323139323533323233323233323437323531
36353839623937653130333737666564326661666261376532393861363537613433373962356364656639313132386533316335613630666264336465643431
6589b97e10377fed2fafba7e298a657a4379b5cdef91128e31c5a60fbd3ded41
44434956464c5a
64613465366436646561303566376234333839613334366662346331343464346464373637653536326238393335363066356234353534316462363731666663
da4e6d6dea05f7b4389a346fb4c144d4dd767e562b893560f5b45541db671ffc
64636976666c7a
34616561633635323761303131336533663662323833633562363333373939613736366333306239653363663761303030343066633862356330646631323639
4aeac6527a0113e3f6b283c5b633799a766c30b9e3cf7a00040fc8b5c0df1269
43424855454b59
33643462396331306664376661633732616665303964393836366332343830333230633732393830373333303535353563613139383965343636353963363837
3d4b9c10fd7fac72afe09d9866c2480320c7298073305555ca1989e46659c687
63626875656b79
38356662376330633431333663633437616538396338636637336466383234396335643962393164363237663435303462383833376462353431633636393537
85fb7c0c4136cc47ae89c8cf73df8249c5d9b91d627f4504b8837db541c66957
2d323332383231352d31352d31
66303562363937366436386338306535343566316233633431633733393332373434306563343032646433316231326266393332666463396138613437636261
f05b6976d68c80e545f1b3c41c739327440ec402dd31b12bf932fdc9a8a47cba
5a4c4656494344
36306537343535366137353039333639353263373734303535643637623765653462326366366664323231313966613035396466383130616363633161326330
60e74556a750936952c774055d67b7ee4b2cf6fd22119fa059df810accc1a2c0
7a6c6676696364
36393437663239353730643962343465323261393735666163343038613735613133303439306632316634393236353335613966653330363532633432323964
6947f29570d9b44e22a975fac408a75a130490f21f4926535a9fe30652c4229d
594b4555484243
66333230366664613431333138623535616136393664396233363633613733653439616637336435353732613161623863376631623930653332636333323265
f3206fda41318b55aa696d9b3663a73e49af73d5572a1ab8c7f1b90e32cc322e
796b6575686263
36653966353965653238336432393632373133613238366136313331393433303231303439333361616161623134653037393561346138653464323165633434
6e9f59ee283d2962713a286a613194302104933aaaab14e0795a4a8e4d21ec44
2d312d313535323138322d3233
34366131306431353534343539356435313239653564653538346165346531373938333661666236373337393739623838373963363566393865323562643439
46a10d15544595d5129e5de584ae4e179836afb6737979b8879c65f98e25bd49
58595346565042
66313464373633383333396138316538353532633930343965303331313932306531333034303865386137666238653362643730646337366234353662643961
f14d7638339a81e8552c9049e0311920e130408e8a7fb8e3bd70dc76b456bd9a
78797366767062
61303938623033623130633138343438346436373365666263633161353162353434643064323034373562373334363065623263636638383037666232383835
a098b03b10c184484d673efbcc1a51b544d0d20475b73460eb2ccf8807fb2885
57585245554f41
38373561316361326665303032386435343437623532333563363739323764653465663331623837356262346639626231303761383633303934323639653764
875a1ca2fe0028d5447b5235c67927de4ef31b875bb4f9bb107a863094269e7d
77787265756f61
33346133343165353363613234646431326563656664646235353839366135326635363966313339663630613962363634333534623133353263323930396362
34a341e53ca24dd12ecefddb55896a52f569f139f60a9b664354b1352c2909cb
32332d322d382d32312d35313531
38393933663461376334313730613963383339383930663738663232333638323532336636306664656233616132316339313761613934343062373736643038
8993f4a7c4170a9c839890f78f223682523f60fdeb3aa21c917aa9440b776d08
42505646535958
34373737353261366234306234633363373134626636643466343030393736393165373637366532656464653933663030643731336237633534663438363566
477752a6b40b4c3c714bf6d4f40097691e7676e2edde93f00d713b7c54f4865f
62707666737978
39303364313230383236393165376439363331373534383261336138656634333734303939336633313364336164613262623063346137623664346438613661
903d12082691e7d963175482a3a8ef43740993f313d3ada2bb0c4a7b6d4d8a6a
414f5545525857
61373263646163633330646661386232633534643466343038333739643732383261343832616336383362366662373834623361353264643131326566646661
a72cdacc30dfa8b2c54d4f408379d7282a482ac683b6fb784b3a52dd112efdfa
616f7565727877
32333232323232663137393139613664666365323132363134633138646639643839363664623833316333666335356164656265363766316332613834613665
2322222f17919a6dfce212614c18df9d8966db831c3fc55adebe67f1c2a84a6e
3131352d352d32312d382d323233
33373138613866343031663664666563646666653761653535346263643563373331346334313033323139303836383465316661373830396635303065633335
3718a8f401f6dfecdffe7ae554bcd5c7314c410321908684e1fa7809f500ec35
58434956465042
61393263316339626166386532313862643866653438663630643562363935333935633666616532373238613734333138343932623437306339353065386238
a92c1c9baf8e218bd8fe48f60d5b695395c6fae2728a74318492b470c950e8b8
78636976667062
34383932376635353834386661326133363731353430366138613430653631323837343534383966323465663635616634313935613636376164343063353136
48927f55848fa2a36715406a8a40e6128745489f24ef65af4195a667ad40c516
57424855454f41
37363464666537343636646631636332383635373238373332383235313034376136663833383362373537623036313234326632313035316130333234323365
764dfe7466df1cc28657287328251047a6f8383b757b061242f21051a032423e
77626875656f61
63623235666665646330353934633033393432666661383966366237376132613138383435313033646237353936643761376238383130333631356330356634
cb25ffedc0594c03942ffa89f6b77a2a18845103db7596d7a7b88103615c05f4
32333238323135313531
32346165303063643431346665643835313836366662356362393032613334306264663664646230643638306638323332313533313535303635323038366430
24ae00cd414fed851866fb5cb902a340bdf6ddb0d680f82321531550652086d0
42504656494358
31383739346530636633353632313639373165363162356235383331313639336461333634303661623238373861646465356134613766303731666165636332
18794e0cf356216971e61b5b58311693da36406ab2878adde5a4a7f071faecc2
62706676696378
35326439663830323930356338653961386162303365656435633165333735626335363136333431633233356233613333623633393939633965636230623466
52d9f802905c8e9a8ab03eed5c1e375bc5616341c235b3a33b63999c9ecb0b4f
414f4555484257
62373234346463653464313963346136616366396264326531383062633939353639613531393837646537336163333130353832323236313266326336363533
b7244dce4d19c4a6acf9bd2e180bc99569a51987de73ac31058222612f2c6653
616f6575686277
39623361666339623937666137343061623635326534306236396133373133393237336431643361393534393337613737336466333366643764346264393031
9b3afc9b97fa740ab652e40b69a37139273d1d3a954937a773df33fd7d4bd901
31313535323138323233
36613362383964333564376335303665383533336134373534636366366663346265323966356237393962656666623965646434336438613765333935376135
6a3b89d35d7c506e8533a4754ccf6fc4be29f5b799beffb9edd43d8a7e3957a5
5041455258444a
35623433313763393835643163333335303737626266363862353738323036356230326634326261363436343932346265333339633330353539326366316538
5b4317c985d1c335077bbf68b5782065b02f42ba6464924be339c305592cf1e8
7061657278646a
36613963373662386264336462333839356138363937636631666462633533373233666361376564326134323834343532386235623263386562353533646566
6a9c76b8bd3db3895a8697cf1fdbc53723fca7ed2a42844528b5b2c8eb553def
4f5a4451574349
61333934313437616532363163613430333762643833306463653638303164323033646334356334326165346539656631333266666432633934613261313932
a394147ae261ca4037bd830dce6801d203dc45c42ae4e9ef132ffd2c94a2a192
6f7a6471776369
65343637643166313963366337303539616437633263363361386463303337623364616465613062346339623763353635313433303663623834343661386164
e467d1f19c6c7059ad7c2c63a8dc037b3dadea0b4c9b7c56514306cb8446a8ad
333739343136343230333535343339343139343235
63336236303361653734366163613561383531356364643436346336663962393336373334396364303466373963613630616266373261633036346339333033
c3b603ae746aca5a8515cdd464c6f9b9367349cd04f79ca60abf72ac064c9303
4a445852454150
62626363356335643733633561396366633964333230346333363065363565393365613666613561363735326164653365623933393135613964366130383733
bbcc5c5d73c5a9cfc9d3204c360e65e93ea6fa5a6752ade3eb93915a9d6a0873
6a647872656170
62316566313066663131663833666465393432653535623336383261393432643632313262376335336534363036393264373635393938613661636138343065
b1ef10ff11f83fde942e55b3682a942d6212b7c53e460692d765998a6aca840e
49435751445a4f
34336434663064663761343034656537623766336363396639663465643934663838383032666331336565383337623066343936303164343339393130663939
43d4f0df7a404ee7b7f3cc9f9f4ed94f88802fc13ee837b0f49601d439910f99
69637771647a6f
65346532346464643262343030316138613865656331646138643134633461366563333862653264643130613336643431326333383138333335363838616438
e4e24ddd2b4001a8a8eec1da8d14c4a6ec38be2dd10a36d412c3818335688ad8
343235343139343339333535343230343136333739
65343938356635313762653161623330336633623038393564666263636636626337383038373835653139616334316438373531386532313162363964346138
e4985f517be1ab303f3b0895dfbccf6bc7808785e19ac41d87518e211b69d4a8
54455942485442
30363563373132363335356361663635366535326661343230326263636366613831613432373730613964623938616431336137366531303761613665313863
065c7126355caf656e52fa4202bcccfa81a42770a9db98ad13a76e107aa6e18c
74657962687462
33333963623932376330336134323833316336643037363936366237313133633566656535393233373661633164393638313332343430373734613031356538
339cb927c03a42831c6d076966b7113c5fee592376ac1d968132440774a015e8
53445841475341
33623566633263616164626466623761383239383537653035656630333866643265316538353965666564643535626262383236626337383464333237373836
3b5fc2caadbdfb7a829857e05ef038fd2e1e859efedd55bbb826bc784d327786
73647861677361
38333531336265643533653138313865306361646538656432316234336438323163356130393236613033633334623539633063666635323563373235633932
83513bed53e1818e0cade8ed21b43d821c5a0926a03c34b59c0cff525c725c92
31323333303234323737313931
31323830343830303065623862396564356338653961633234343533643336386538636562343937373262653031336230653961396138663135353338323639
128048000eb8b9ed5c8e9ac24453d368e8ceb49772be013b0e9a9a8f15538269
42544842594554
31353065316631663738663562393066653330633238333237326663343539326631383331613938366334623662393861356433333766613061613761393765
150e1f1f78f5b90fe30c283272fc4592f1831a986c4b6b98a5d337fa0aa7a97e
62746862796574
34666534653961633733626565343230346534633737643534313736373966376166346135663466656364633531663339353962613139356632623532373739
4fe4e9ac73bee4204e4c77d5417679f7af4a5f4fecdc51f3959ba195f2b52779
41534741584453
35653233626539316532613136353830313761633166386235623534666238353835373235656165613137363363346463656461323735366237343062383665
5e23be91e2a1658017ac1f8b5b54fb8585725eaea1763c4dceda2756b740b86e
61736761786473
33633436356137356666326666323238333530663264396635306639613261363363353933373066363731383535396630343232373364313530613730303565
3c465a75ff2ff228350f2d9f50f9a2a63c59370f6718559f042273d150a7005e
31313937323732343330313233
64336634643734303765343962336135626238313236383132616439666537306630323430626362393965306532623930363663666163323631316630363735
d3f4d7407e49b3a5bb8126812ad9fe70f0240bcb99e0e2b9066cfac2611f0675
594c5149495345
39646239366562326139393065633536333936353633623363303532323338303335396464393734666437663261313265316236373764613633613863623364
9db96eb2a990ec56396563b3c0522380359dd974fd7f2a12e1b677da63a8cb3d
796c7169697365
32343564643562333634383462353435313530616538633631666565376339326231656131643831626435363465646664356333303534653734313030656466
245dd5b36484b545150ae8c61fee7c92b1ea1d81bd564edfd5c3054e74100edf
584b5048485244
32383638303435373561333064333532633132623836303561306631663064363537663761393833643236656462313832316564303062653361643961393834
286804575a30d352c12b8605a0f1f0d657f7a983d26edb1821ed00be3ad9a984
786b7068687264
64393662656364306535613766333865633562633339343264356161366138656337326531393264353938383666363161373731353636636430396262313631
d96becd0e5a7f38ec5bc3942d5aa6a8ec72e192d59886f61a771566cd09bb161
313238313933313938313634323136323030323132
35323763323533643933656533356235303134343561326338623862333761333839373137383966316437336463343162333339656631623630323638393838
527c253d93ee35b501445a2c8b8b37a38971789f1d73dc41b339ef1b60268988
45534949514c59
39656137646533383137376461316636373763373533666132336235316232333435643135333062653732343232383638666663386262303437353330366665
9ea7de38177da1f677c753fa23b51b2345d1530be72422868ffc8bb0475306fe
65736969716c79
65306165373131316438303139336431643535333239646630663066383531613833646239653238313665613966613734623764633731653130616631656663
e0ae7111d80193d1d55329df0f0f851a83db9e2816ea9fa74b7dc71e10af1efc
44524848504b58
35656534383166643462343732326338383661636333663831666232623337333362346163656464373662386436313235613933336437363337393533636161
5ee481fd4b4722c886acc3f81fb2b3733b4acedd76b8d6125a933d7637953caa
64726868706b78
62653839666666663232303362366434393938633430373463346133346463646432396461616537363234613162323766666437343736326539613535623033
be89ffff2203b6d4998c4074c4a34dcdd29daae7624a1b27ffd74762e9a55b03
323132323030323136313634313938313933313238
62643030613161653561653232373233636361326332396565323038303364323032626339653764653135366164373238396532613033656161653764373465
bd00a1ae5ae22723cca2c29ee20803d202bc9e7de156ad7289e2a03eaae7d74e
52504f4a504c46
65323861323264643331346232646439643436626531643435343630666533343538313839343630376330666561623238346436383232306666316363396632
e28a22dd314b2dd9d46be1d45460fe34581894607c0feab284d68220ff1cc9f2
72706f6a706c66
31336165333464656639323366616466613064356238633764343065333763353737343133616233656361393662383263626338623266626539326235323831
13ae34def923fadfa0d5b8c7d40e37c577413ab3eca96b82cbc8b2fbe92b5281
514f4e494f4b45
63663437616633663738373462323532313364666437383836313737303632653933373534366432376631323239666535393830396436353235326631643738
cf47af3f7874b25213dfd7886177062e937546d27f1229fe59809d65252f1d78
716f6e696f6b65
65623831613935636132393261373566656433326462616563313061326162313539383535316265393862363830643736366265613736386335636634333764
eb81a95ca292a75fed32dbaec10a2ab1598551be98b680d766bea768c5cf437d
323531323233323232313931323233323139323133
66363133313738306463633630616264643666376166333338373237356232393239333538666535386230626131626665616339316330333231393766383666
f6131780dcc60abdd6f7af3387275b2929358fe58b0ba1bfeac91c032197f86f
464c504a4f5052
64616233316438643936336430303262363761663764386331613965353862373832633830383035623537393230336632383662656166663461343864366638
dab31d8d963d002b67af7d8c1a9e58b782c80805b579203f286beaff4a48d6f8
666c706a6f7072
66366534393463383534646362306364373435383732373463633830626531373464383835316433306531653130663564363762666535386663306130356561
f6e494c854dcb0cd74587274cc80be174d8851d30e1e10f5d67bfe58fc0a05ea
454b4f494e4f51
33323039323364633933666638386632613864393232626333363831393066353365303439633263323936626331653263373438616533623435323464313234
320923dc93ff88f2a8d922bc368190f53e049c2c296bc1e2c748ae3b4524d124
656b6f696e6f71
64353432326162633838363961623532303339616363656336336330333166616337353639643161373965643863653837323231663838613832613035663365
d5422abc8869ab52039accec63c031fac7569d1a79ed8ce87221f88a82a05f3e
323133323139323233313931323232323233323531
34666135336131336639363066646566333434326530653664646231633732643135376330313039333262646336326363303864373566343232353562636335
4fa53a13f960fdef3442e0e6ddb1c72d157c010932bdc62cc08d75f42255bcc5
514851504a484a48504d464c504f4e4f4c494e494d4e4a4e51464d4d454f4a49494e4d48454f
65316262623739396339363536396132636563366362306237373564313736656363653734313061396665366138353835623366363639663437343532653530
e1bbb799c96569a2cec6cb0b775d176ecce7410a9fe6a8585b3f669f47452e50
716871706a686a68706d666c706f6e6f6c696e696d6e6a6e71666d6d656f6a69696e6d68656f
33386563323134303832363736396136303737643939303861376362376236356134653061656234653963383366663364386432626433333334613139636636
38ec2140826769a6077d9908a7cb7b65a4e0aeb4e9c83ff3d8d2bd3334a19cf6
31373831373136313038313038313631333631323136313531343135313239313439313331343130313431373631333133353135313039393134313338353135
66383761343732333161623233646661323232386132633166616362666638383730646262663230633330306638643237353735356332636537343561303164
f87a47231ab23dfa2228a2c1facbff8870dbbf20c300f8d275755c2ce745a01d
31372c382c31372c31362c31302c382c31302c382c31362c31332c362c31322c31362c31352c31342c31352c31322c392c31342c392c31332c31342c31302c31342c31372c362c31332c31332c352c31352c31302c392c392c31342c31332c382c352c3135
65616533363032363461633930396637303962656665623435306634646163663332373231663935656435333763313866323063313562343063383932356361
eae360264ac909f709befeb450f4dacf32721f95ed537c18f20c15b40c8925ca
7f
110811100a080a08100d060c100f0e0f0c090e090d0e0a0e11060d0d050f0a09090e0d08050f
